2026-08-06T08:21:10.708Z config {"enabled":true,"hasText":true}
2026-08-06T08:21:10.710Z cycle-start {}
2026-08-06T08:21:10.715Z probe-load {"url":"https://www.instagram.com/direct/inbox/"}
2026-08-06T08:21:10.741Z config {"enabled":true,"hasText":true}
2026-08-06T08:21:12.687Z cycle-result {"status":"idle","diagnostic":{"url":"https://www.instagram.com/direct/inbox/","rows":1,"markers":1,"eligible":1,"skippedState":0,"skippedProcessed":1,"skippedReply":0},"conversation":null,"flowId":null}
2026-08-06T08:21:12.717Z cycle-start {}
2026-08-06T08:21:13.153Z cycle-result {"status":"idle","diagnostic":{"url":"https://www.instagram.com/direct/inbox/","rows":1,"markers":1,"eligible":1,"skippedState":1,"skippedProcessed":0,"skippedReply":0},"conversation":null,"flowId":null}
2026-08-06T08:21:14.719Z cycle-start {}
2026-08-06T08:21:15.079Z cycle-result {"status":"idle","diagnostic":{"url":"https://www.instagram.com/direct/inbox/","rows":1,"markers":1,"eligible":1,"skippedState":1,"skippedProcessed":0,"skippedReply":0},"conversation":null,"flowId":null}
2026-08-06T08:21:16.722Z cycle-start {}
2026-08-06T08:21:17.083Z cycle-result {"status":"idle","diagnostic":{"url":"https://www.instagram.com/direct/inbox/","rows":1,"markers":1,"eligible":1,"skippedState":1,"skippedProcessed":0,"skippedReply":0},"conversation":null,"flowId":null}
2026-08-06T08:21:17.768Z global-toggle {"enabled":false}
2026-08-06T08:21:19.431Z global-toggle {"enabled":true}
2026-08-06T08:21:19.432Z cycle-start {}
2026-08-06T08:21:19.798Z cycle-result {"status":"idle","diagnostic":{"url":"https://www.instagram.com/direct/inbox/","rows":1,"markers":1,"eligible":1,"skippedState":0,"skippedProcessed":1,"skippedReply":0},"conversation":null,"flowId":null}
2026-08-06T08:21:21.438Z cycle-start {}
2026-08-06T08:21:21.795Z cycle-result {"status":"idle","diagnostic":{"url":"https://www.instagram.com/direct/inbox/","rows":1,"markers":1,"eligible":1,"skippedState":1,"skippedProcessed":0,"skippedReply":0},"conversation":null,"flowId":null}
2026-08-06T08:21:23.448Z cycle-start {}
2026-08-06T08:21:23.808Z cycle-result {"status":"idle","diagnostic":{"url":"https://www.instagram.com/direct/inbox/","rows":1,"markers":1,"eligible":1,"skippedState":1,"skippedProcessed":0,"skippedReply":0},"conversation":null,"flowId":null}
2026-08-06T08:21:25.453Z cycle-start {}
2026-08-06T08:21:25.815Z cycle-result {"status":"idle","diagnostic":{"url":"https://www.instagram.com/direct/inbox/","rows":1,"markers":1,"eligible":1,"skippedState":1,"skippedProcessed":0,"skippedReply":0},"conversation":null,"flowId":null}
2026-08-06T08:21:27.462Z cycle-start {}
2026-08-06T08:21:27.835Z cycle-result {"status":"idle","diagnostic":{"url":"https://www.instagram.com/direct/inbox/","rows":1,"markers":1,"eligible":1,"skippedState":1,"skippedProcessed":0,"skippedReply":0},"conversation":null,"flowId":null}
2026-08-06T08:23:27.628Z config {"enabled":true,"hasText":true}
2026-08-06T08:23:27.630Z cycle-start {}
2026-08-06T08:23:27.634Z probe-load {"url":"https://www.instagram.com/direct/inbox/"}
2026-08-06T08:23:27.657Z config {"enabled":true,"hasText":true}
2026-08-06T08:23:29.483Z cycle-result {"status":"idle","diagnostic":{"url":"https://www.instagram.com/direct/inbox/","rows":1,"markers":1,"eligible":1,"skippedState":0,"skippedProcessed":1,"skippedReply":0},"conversation":null,"flowId":null}
2026-08-06T08:23:29.641Z cycle-start {}
2026-08-06T08:23:30.021Z cycle-result {"status":"idle","diagnostic":{"url":"https://www.instagram.com/direct/inbox/","rows":1,"markers":1,"eligible":1,"skippedState":1,"skippedProcessed":0,"skippedReply":0},"conversation":null,"flowId":null}
2026-08-06T08:23:31.647Z cycle-start {}
2026-08-06T08:23:32.011Z cycle-result {"status":"idle","diagnostic":{"url":"https://www.instagram.com/direct/inbox/","rows":1,"markers":1,"eligible":1,"skippedState":1,"skippedProcessed":0,"skippedReply":0},"conversation":null,"flowId":null}
2026-08-06T08:23:33.648Z cycle-start {}
2026-08-06T08:23:34.009Z cycle-result {"status":"idle","diagnostic":{"url":"https://www.instagram.com/direct/inbox/","rows":1,"markers":1,"eligible":1,"skippedState":1,"skippedProcessed":0,"skippedReply":0},"conversation":null,"flowId":null}
2026-08-06T08:23:34.871Z config {"enabled":true,"hasText":true}
2026-08-06T08:23:35.661Z cycle-start {}
2026-08-06T08:23:36.021Z cycle-result {"status":"idle","diagnostic":{"url":"https://www.instagram.com/direct/inbox/","rows":1,"markers":1,"eligible":1,"skippedState":0,"skippedProcessed":1,"skippedReply":0},"conversation":null,"flowId":null}
2026-08-06T08:23:37.675Z cycle-start {}
2026-08-06T08:23:39.247Z cycle-result {"status":"sent","diagnostic":{"url":"https://www.instagram.com/direct/inbox/","rows":1,"markers":1,"eligible":1,"skippedState":0,"skippedProcessed":0,"skippedReply":0},"conversation":"Conversa sem nome","flowId":null}
2026-08-06T08:23:39.690Z cycle-start {}
2026-08-06T08:23:40.046Z cycle-result {"status":"idle","diagnostic":{"url":"https://www.instagram.com/direct/inbox/","rows":1,"markers":0,"eligible":0,"skippedState":0,"skippedProcessed":0,"skippedReply":0},"conversation":null,"flowId":null}
2026-08-06T08:23:41.696Z cycle-start {}
2026-08-06T08:23:42.057Z cycle-result {"status":"idle","diagnostic":{"url":"https://www.instagram.com/direct/inbox/","rows":1,"markers":0,"eligible":0,"skippedState":0,"skippedProcessed":0,"skippedReply":0},"conversation":null,"flowId":null}
2026-08-06T08:23:43.703Z cycle-start {}
2026-08-06T08:23:44.065Z cycle-result {"status":"idle","diagnostic":{"url":"https://www.instagram.com/direct/inbox/","rows":1,"markers":0,"eligible":0,"skippedState":0,"skippedProcessed":0,"skippedReply":0},"conversation":null,"flowId":null}
2026-08-06T08:23:45.706Z cycle-start {}
2026-08-06T08:23:46.063Z cycle-result {"status":"idle","diagnostic":{"url":"https://www.instagram.com/direct/inbox/","rows":1,"markers":0,"eligible":0,"skippedState":0,"skippedProcessed":0,"skippedReply":0},"conversation":null,"flowId":null}
2026-08-06T08:23:47.714Z cycle-start {}
2026-08-06T08:23:48.072Z cycle-result {"status":"idle","diagnostic":{"url":"https://www.instagram.com/direct/inbox/","rows":1,"markers":0,"eligible":0,"skippedState":0,"skippedProcessed":0,"skippedReply":0},"conversation":null,"flowId":null}
2026-08-06T08:23:49.724Z cycle-start {}
2026-08-06T08:23:50.080Z cycle-result {"status":"idle","diagnostic":{"url":"https://www.instagram.com/direct/inbox/","rows":1,"markers":0,"eligible":0,"skippedState":0,"skippedProcessed":0,"skippedReply":0},"conversation":null,"flowId":null}
2026-08-06T08:23:51.729Z cycle-start {}
2026-08-06T08:23:52.092Z cycle-result {"status":"idle","diagnostic":{"url":"https://www.instagram.com/direct/inbox/","rows":1,"markers":0,"eligible":0,"skippedState":0,"skippedProcessed":0,"skippedReply":0},"conversation":null,"flowId":null}
2026-08-06T08:23:53.733Z cycle-start {}
2026-08-06T08:23:54.096Z cycle-result {"status":"idle","diagnostic":{"url":"https://www.instagram.com/direct/inbox/","rows":1,"markers":0,"eligible":0,"skippedState":0,"skippedProcessed":0,"skippedReply":0},"conversation":null,"flowId":null}
2026-08-06T08:23:55.735Z cycle-start {}
2026-08-06T08:23:56.095Z cycle-result {"status":"idle","diagnostic":{"url":"https://www.instagram.com/direct/inbox/","rows":1,"markers":0,"eligible":0,"skippedState":0,"skippedProcessed":0,"skippedReply":0},"conversation":null,"flowId":null}
2026-08-06T08:23:57.743Z cycle-start {}
2026-08-06T08:23:58.100Z cycle-result {"status":"idle","diagnostic":{"url":"https://www.instagram.com/direct/inbox/","rows":1,"markers":0,"eligible":0,"skippedState":0,"skippedProcessed":0,"skippedReply":0},"conversation":null,"flowId":null}
2026-08-06T08:23:59.754Z cycle-start {}
2026-08-06T08:24:00.109Z cycle-result {"status":"idle","diagnostic":{"url":"https://www.instagram.com/direct/inbox/","rows":1,"markers":0,"eligible":0,"skippedState":0,"skippedProcessed":0,"skippedReply":0},"conversation":null,"flowId":null}
2026-08-06T08:24:01.767Z cycle-start {}
2026-08-06T08:24:05.313Z config {"enabled":true,"hasText":true}
2026-08-06T08:24:05.316Z cycle-start {}
2026-08-06T08:24:05.319Z probe-load {"url":"https://www.instagram.com/direct/inbox/"}
2026-08-06T08:24:05.345Z config {"enabled":true,"hasText":true}
2026-08-06T08:24:07.400Z cycle-result {"status":"idle","diagnostic":{"url":"https://www.instagram.com/direct/inbox/","rows":1,"markers":1,"eligible":1,"skippedState":0,"skippedProcessed":1,"skippedReply":0},"conversation":null,"flowId":null}
2026-08-06T08:24:09.327Z cycle-start {}
2026-08-06T08:24:09.698Z cycle-result {"status":"idle","diagnostic":{"url":"https://www.instagram.com/direct/inbox/","rows":1,"markers":1,"eligible":1,"skippedState":1,"skippedProcessed":0,"skippedReply":0},"conversation":null,"flowId":null}
2026-08-06T08:24:11.329Z cycle-start {}
2026-08-06T08:24:11.688Z cycle-result {"status":"idle","diagnostic":{"url":"https://www.instagram.com/direct/inbox/","rows":1,"markers":1,"eligible":1,"skippedState":1,"skippedProcessed":0,"skippedReply":0},"conversation":null,"flowId":null}
2026-08-06T08:24:13.338Z cycle-start {}
2026-08-06T08:24:13.698Z cycle-result {"status":"idle","diagnostic":{"url":"https://www.instagram.com/direct/inbox/","rows":1,"markers":0,"eligible":0,"skippedState":0,"skippedProcessed":0,"skippedReply":0},"conversation":null,"flowId":null}
2026-08-06T08:24:15.350Z cycle-start {}
2026-08-06T08:24:15.709Z cycle-result {"status":"idle","diagnostic":{"url":"https://www.instagram.com/direct/inbox/","rows":1,"markers":0,"eligible":0,"skippedState":0,"skippedProcessed":0,"skippedReply":0},"conversation":null,"flowId":null}
2026-08-06T08:24:17.363Z cycle-start {}
2026-08-06T08:24:17.723Z cycle-result {"status":"idle","diagnostic":{"url":"https://www.instagram.com/direct/inbox/","rows":1,"markers":0,"eligible":0,"skippedState":0,"skippedProcessed":0,"skippedReply":0},"conversation":null,"flowId":null}
2026-08-06T08:24:19.377Z cycle-start {}
2026-08-06T08:24:19.736Z cycle-result {"status":"idle","diagnostic":{"url":"https://www.instagram.com/direct/inbox/","rows":1,"markers":0,"eligible":0,"skippedState":0,"skippedProcessed":0,"skippedReply":0},"conversation":null,"flowId":null}
2026-08-06T08:24:21.377Z cycle-start {}
2026-08-06T08:24:21.736Z cycle-result {"status":"idle","diagnostic":{"url":"https://www.instagram.com/direct/inbox/","rows":1,"markers":0,"eligible":0,"skippedState":0,"skippedProcessed":0,"skippedReply":0},"conversation":null,"flowId":null}
2026-08-06T08:24:23.389Z cycle-start {}
2026-08-06T08:24:23.750Z cycle-result {"status":"idle","diagnostic":{"url":"https://www.instagram.com/direct/inbox/","rows":1,"markers":0,"eligible":0,"skippedState":0,"skippedProcessed":0,"skippedReply":0},"conversation":null,"flowId":null}
2026-08-06T08:24:25.402Z cycle-start {}
2026-08-06T08:24:25.760Z cycle-result {"status":"idle","diagnostic":{"url":"https://www.instagram.com/direct/inbox/","rows":1,"markers":0,"eligible":0,"skippedState":0,"skippedProcessed":0,"skippedReply":0},"conversation":null,"flowId":null}
2026-08-06T08:24:27.121Z global-toggle {"enabled":false}
2026-08-06T08:24:27.705Z global-toggle {"enabled":true}
2026-08-06T08:24:27.706Z cycle-start {}
2026-08-06T08:24:28.069Z cycle-result {"status":"idle","diagnostic":{"url":"https://www.instagram.com/direct/inbox/","rows":1,"markers":0,"eligible":0,"skippedState":0,"skippedProcessed":0,"skippedReply":0},"conversation":null,"flowId":null}
2026-08-06T08:24:29.706Z cycle-start {}
2026-08-06T08:24:30.067Z cycle-result {"status":"idle","diagnostic":{"url":"https://www.instagram.com/direct/inbox/","rows":1,"markers":0,"eligible":0,"skippedState":0,"skippedProcessed":0,"skippedReply":0},"conversation":null,"flowId":null}
2026-08-06T08:24:31.715Z cycle-start {}
2026-08-06T08:24:32.078Z cycle-result {"status":"idle","diagnostic":{"url":"https://www.instagram.com/direct/inbox/","rows":1,"markers":0,"eligible":0,"skippedState":0,"skippedProcessed":0,"skippedReply":0},"conversation":null,"flowId":null}
2026-08-06T08:24:33.728Z cycle-start {}
2026-08-06T08:24:34.094Z cycle-result {"status":"idle","diagnostic":{"url":"https://www.instagram.com/direct/inbox/","rows":1,"markers":1,"eligible":1,"skippedState":1,"skippedProcessed":0,"skippedReply":0},"conversation":null,"flowId":null}
2026-08-06T08:24:35.734Z cycle-start {}
2026-08-06T08:24:36.094Z cycle-result {"status":"idle","diagnostic":{"url":"https://www.instagram.com/direct/inbox/","rows":1,"markers":1,"eligible":1,"skippedState":1,"skippedProcessed":0,"skippedReply":0},"conversation":null,"flowId":null}
2026-08-06T08:24:37.745Z cycle-start {}
2026-08-06T08:24:38.103Z cycle-result {"status":"idle","diagnostic":{"url":"https://www.instagram.com/direct/inbox/","rows":1,"markers":1,"eligible":1,"skippedState":1,"skippedProcessed":0,"skippedReply":0},"conversation":null,"flowId":null}
2026-08-06T08:24:39.746Z cycle-start {}
2026-08-06T08:24:40.107Z cycle-result {"status":"idle","diagnostic":{"url":"https://www.instagram.com/direct/inbox/","rows":1,"markers":1,"eligible":1,"skippedState":1,"skippedProcessed":0,"skippedReply":0},"conversation":null,"flowId":null}
2026-08-06T08:24:41.755Z cycle-start {}
2026-08-06T08:24:42.128Z cycle-result {"status":"idle","diagnostic":{"url":"https://www.instagram.com/direct/inbox/","rows":1,"markers":1,"eligible":1,"skippedState":1,"skippedProcessed":0,"skippedReply":0},"conversation":null,"flowId":null}
2026-08-06T08:24:43.756Z cycle-start {}
2026-08-06T08:24:44.134Z cycle-result {"status":"idle","diagnostic":{"url":"https://www.instagram.com/direct/inbox/","rows":1,"markers":1,"eligible":1,"skippedState":1,"skippedProcessed":0,"skippedReply":0},"conversation":null,"flowId":null}
2026-08-06T08:24:45.771Z cycle-start {}
2026-08-06T08:24:46.130Z cycle-result {"status":"idle","diagnostic":{"url":"https://www.instagram.com/direct/inbox/","rows":1,"markers":1,"eligible":1,"skippedState":1,"skippedProcessed":0,"skippedReply":0},"conversation":null,"flowId":null}
2026-08-06T08:24:47.783Z cycle-start {}
2026-08-06T08:24:48.172Z cycle-result {"status":"idle","diagnostic":{"url":"https://www.instagram.com/direct/inbox/","rows":1,"markers":1,"eligible":1,"skippedState":1,"skippedProcessed":0,"skippedReply":0},"conversation":null,"flowId":null}
2026-08-06T08:26:28.933Z config {"enabled":true,"hasText":true}
2026-08-06T08:26:28.953Z cycle-start {}
2026-08-06T08:26:28.958Z probe-load {"url":"https://www.instagram.com/direct/inbox/"}
2026-08-06T08:26:28.997Z config {"enabled":true,"hasText":true}
2026-08-06T08:26:31.783Z cycle-result {"status":"sent","diagnostic":{"url":"https://www.instagram.com/direct/inbox/","rows":1,"markers":1,"eligible":1,"skippedState":0,"skippedProcessed":0,"skippedReply":0},"conversation":"Conversa sem nome","flowId":null}
2026-08-06T08:26:32.971Z cycle-start {}
2026-08-06T08:26:33.333Z cycle-result {"status":"idle","diagnostic":{"url":"https://www.instagram.com/direct/inbox/","rows":1,"markers":0,"eligible":0,"skippedState":0,"skippedProcessed":0,"skippedReply":0},"conversation":null,"flowId":null}
2026-08-06T08:26:34.986Z cycle-start {}
2026-08-06T08:26:35.345Z cycle-result {"status":"idle","diagnostic":{"url":"https://www.instagram.com/direct/inbox/","rows":1,"markers":0,"eligible":0,"skippedState":0,"skippedProcessed":0,"skippedReply":0},"conversation":null,"flowId":null}
2026-08-06T08:26:36.995Z cycle-start {}
2026-08-06T08:26:37.352Z cycle-result {"status":"idle","diagnostic":{"url":"https://www.instagram.com/direct/inbox/","rows":1,"markers":0,"eligible":0,"skippedState":0,"skippedProcessed":0,"skippedReply":0},"conversation":null,"flowId":null}
2026-08-06T08:26:38.995Z cycle-start {}
2026-08-06T08:26:39.352Z cycle-result {"status":"idle","diagnostic":{"url":"https://www.instagram.com/direct/inbox/","rows":1,"markers":0,"eligible":0,"skippedState":0,"skippedProcessed":0,"skippedReply":0},"conversation":null,"flowId":null}
2026-08-06T08:26:41.006Z cycle-start {}
2026-08-06T08:26:41.360Z cycle-result {"status":"idle","diagnostic":{"url":"https://www.instagram.com/direct/inbox/","rows":1,"markers":0,"eligible":0,"skippedState":0,"skippedProcessed":0,"skippedReply":0},"conversation":null,"flowId":null}
2026-08-06T08:26:43.016Z cycle-start {}
2026-08-06T08:26:44.581Z cycle-result {"status":"sent","diagnostic":{"url":"https://www.instagram.com/direct/inbox/","rows":1,"markers":1,"eligible":1,"skippedState":0,"skippedProcessed":0,"skippedReply":0},"conversation":"Conversa sem nome","flowId":null}
2026-08-06T08:26:45.016Z cycle-start {}
2026-08-06T08:26:45.380Z cycle-result {"status":"idle","diagnostic":{"url":"https://www.instagram.com/direct/inbox/","rows":1,"markers":0,"eligible":0,"skippedState":0,"skippedProcessed":0,"skippedReply":0},"conversation":null,"flowId":null}
2026-08-06T08:26:47.026Z cycle-start {}
2026-08-06T08:26:47.384Z cycle-result {"status":"idle","diagnostic":{"url":"https://www.instagram.com/direct/inbox/","rows":1,"markers":0,"eligible":0,"skippedState":0,"skippedProcessed":0,"skippedReply":0},"conversation":null,"flowId":null}
2026-08-06T08:26:49.033Z cycle-start {}
2026-08-06T08:26:49.392Z cycle-result {"status":"idle","diagnostic":{"url":"https://www.instagram.com/direct/inbox/","rows":1,"markers":0,"eligible":0,"skippedState":0,"skippedProcessed":0,"skippedReply":0},"conversation":null,"flowId":null}
2026-08-06T08:26:51.045Z cycle-start {}
2026-08-06T08:26:51.400Z cycle-result {"status":"idle","diagnostic":{"url":"https://www.instagram.com/direct/inbox/","rows":1,"markers":0,"eligible":0,"skippedState":0,"skippedProcessed":0,"skippedReply":0},"conversation":null,"flowId":null}
2026-08-06T08:26:53.059Z cycle-start {}
2026-08-06T08:26:53.418Z cycle-result {"status":"idle","diagnostic":{"url":"https://www.instagram.com/direct/inbox/","rows":1,"markers":0,"eligible":0,"skippedState":0,"skippedProcessed":0,"skippedReply":0},"conversation":null,"flowId":null}
2026-08-06T08:26:55.065Z cycle-start {}
2026-08-06T08:26:55.424Z cycle-result {"status":"idle","diagnostic":{"url":"https://www.instagram.com/direct/inbox/","rows":1,"markers":0,"eligible":0,"skippedState":0,"skippedProcessed":0,"skippedReply":0},"conversation":null,"flowId":null}
2026-08-06T08:26:57.072Z cycle-start {}
2026-08-06T08:26:57.433Z cycle-result {"status":"idle","diagnostic":{"url":"https://www.instagram.com/direct/inbox/","rows":1,"markers":0,"eligible":0,"skippedState":0,"skippedProcessed":0,"skippedReply":0},"conversation":null,"flowId":null}
2026-08-06T08:26:59.084Z cycle-start {}
2026-08-06T08:26:59.447Z cycle-result {"status":"idle","diagnostic":{"url":"https://www.instagram.com/direct/inbox/","rows":1,"markers":0,"eligible":0,"skippedState":0,"skippedProcessed":0,"skippedReply":0},"conversation":null,"flowId":null}
2026-08-06T08:27:01.088Z cycle-start {}
2026-08-06T08:27:01.452Z cycle-result {"status":"idle","diagnostic":{"url":"https://www.instagram.com/direct/inbox/","rows":1,"markers":0,"eligible":0,"skippedState":0,"skippedProcessed":0,"skippedReply":0},"conversation":null,"flowId":null}
2026-08-06T08:27:03.090Z cycle-start {}
2026-08-06T08:27:03.450Z cycle-result {"status":"idle","diagnostic":{"url":"https://www.instagram.com/direct/inbox/","rows":1,"markers":0,"eligible":0,"skippedState":0,"skippedProcessed":0,"skippedReply":0},"conversation":null,"flowId":null}
2026-08-06T08:27:05.093Z cycle-start {}
2026-08-06T08:27:05.455Z cycle-result {"status":"idle","diagnostic":{"url":"https://www.instagram.com/direct/inbox/","rows":1,"markers":0,"eligible":0,"skippedState":0,"skippedProcessed":0,"skippedReply":0},"conversation":null,"flowId":null}
2026-08-06T08:27:07.094Z cycle-start {}
2026-08-06T08:27:07.454Z cycle-result {"status":"idle","diagnostic":{"url":"https://www.instagram.com/direct/inbox/","rows":1,"markers":0,"eligible":0,"skippedState":0,"skippedProcessed":0,"skippedReply":0},"conversation":null,"flowId":null}
2026-08-06T08:27:09.107Z cycle-start {}
2026-08-06T08:27:10.670Z cycle-result {"status":"sent","diagnostic":{"url":"https://www.instagram.com/direct/inbox/","rows":1,"markers":1,"eligible":1,"skippedState":0,"skippedProcessed":0,"skippedReply":0},"conversation":"Conversa sem nome","flowId":null}
2026-08-06T08:27:11.108Z cycle-start {}
2026-08-06T08:27:11.468Z cycle-result {"status":"idle","diagnostic":{"url":"https://www.instagram.com/direct/inbox/","rows":1,"markers":0,"eligible":0,"skippedState":0,"skippedProcessed":0,"skippedReply":0},"conversation":null,"flowId":null}
2026-08-06T08:27:13.119Z cycle-start {}
2026-08-06T08:27:13.478Z cycle-result {"status":"idle","diagnostic":{"url":"https://www.instagram.com/direct/inbox/","rows":1,"markers":0,"eligible":0,"skippedState":0,"skippedProcessed":0,"skippedReply":0},"conversation":null,"flowId":null}
2026-08-06T08:27:15.132Z cycle-start {}
2026-08-06T08:27:15.493Z cycle-result {"status":"idle","diagnostic":{"url":"https://www.instagram.com/direct/inbox/","rows":1,"markers":0,"eligible":0,"skippedState":0,"skippedProcessed":0,"skippedReply":0},"conversation":null,"flowId":null}
2026-08-06T08:27:17.147Z cycle-start {}
2026-08-06T08:27:17.507Z cycle-result {"status":"idle","diagnostic":{"url":"https://www.instagram.com/direct/inbox/","rows":1,"markers":0,"eligible":0,"skippedState":0,"skippedProcessed":0,"skippedReply":0},"conversation":null,"flowId":null}
2026-08-06T08:27:19.147Z cycle-start {}
2026-08-06T08:27:19.507Z cycle-result {"status":"idle","diagnostic":{"url":"https://www.instagram.com/direct/inbox/","rows":1,"markers":0,"eligible":0,"skippedState":0,"skippedProcessed":0,"skippedReply":0},"conversation":null,"flowId":null}
2026-08-06T08:27:21.161Z cycle-start {}
2026-08-06T08:27:21.522Z cycle-result {"status":"idle","diagnostic":{"url":"https://www.instagram.com/direct/inbox/","rows":1,"markers":0,"eligible":0,"skippedState":0,"skippedProcessed":0,"skippedReply":0},"conversation":null,"flowId":null}
2026-08-06T08:27:23.177Z cycle-start {}
2026-08-06T08:27:23.552Z cycle-result {"status":"idle","diagnostic":{"url":"https://www.instagram.com/direct/inbox/","rows":1,"markers":0,"eligible":0,"skippedState":0,"skippedProcessed":0,"skippedReply":0},"conversation":null,"flowId":null}
2026-08-06T08:27:25.181Z cycle-start {}
2026-08-06T08:27:25.543Z cycle-result {"status":"idle","diagnostic":{"url":"https://www.instagram.com/direct/inbox/","rows":1,"markers":0,"eligible":0,"skippedState":0,"skippedProcessed":0,"skippedReply":0},"conversation":null,"flowId":null}
2026-08-06T08:27:27.192Z cycle-start {}
2026-08-06T08:27:27.553Z cycle-result {"status":"idle","diagnostic":{"url":"https://www.instagram.com/direct/inbox/","rows":1,"markers":0,"eligible":0,"skippedState":0,"skippedProcessed":0,"skippedReply":0},"conversation":null,"flowId":null}
2026-08-06T08:27:29.204Z cycle-start {}
2026-08-06T08:27:29.564Z cycle-result {"status":"idle","diagnostic":{"url":"https://www.instagram.com/direct/inbox/","rows":1,"markers":0,"eligible":0,"skippedState":0,"skippedProcessed":0,"skippedReply":0},"conversation":null,"flowId":null}
2026-08-06T08:27:31.212Z cycle-start {}
2026-08-06T08:27:31.576Z cycle-result {"status":"idle","diagnostic":{"url":"https://www.instagram.com/direct/inbox/","rows":1,"markers":0,"eligible":0,"skippedState":0,"skippedProcessed":0,"skippedReply":0},"conversation":null,"flowId":null}
2026-08-06T08:27:33.212Z cycle-start {}
2026-08-06T08:27:33.572Z cycle-result {"status":"idle","diagnostic":{"url":"https://www.instagram.com/direct/inbox/","rows":1,"markers":0,"eligible":0,"skippedState":0,"skippedProcessed":0,"skippedReply":0},"conversation":null,"flowId":null}
2026-08-06T08:27:35.219Z cycle-start {}
2026-08-06T08:27:35.582Z cycle-result {"status":"idle","diagnostic":{"url":"https://www.instagram.com/direct/inbox/","rows":1,"markers":0,"eligible":0,"skippedState":0,"skippedProcessed":0,"skippedReply":0},"conversation":null,"flowId":null}
2026-08-06T08:27:37.224Z cycle-start {}
2026-08-06T08:27:37.584Z cycle-result {"status":"idle","diagnostic":{"url":"https://www.instagram.com/direct/inbox/","rows":1,"markers":0,"eligible":0,"skippedState":0,"skippedProcessed":0,"skippedReply":0},"conversation":null,"flowId":null}
2026-08-06T08:27:39.231Z cycle-start {}
2026-08-06T08:27:39.591Z cycle-result {"status":"idle","diagnostic":{"url":"https://www.instagram.com/direct/inbox/","rows":1,"markers":0,"eligible":0,"skippedState":0,"skippedProcessed":0,"skippedReply":0},"conversation":null,"flowId":null}
2026-08-06T08:27:41.233Z cycle-start {}
2026-08-06T08:27:41.591Z cycle-result {"status":"idle","diagnostic":{"url":"https://www.instagram.com/direct/inbox/","rows":1,"markers":0,"eligible":0,"skippedState":0,"skippedProcessed":0,"skippedReply":0},"conversation":null,"flowId":null}
2026-08-06T08:27:43.246Z cycle-start {}
2026-08-06T08:27:43.610Z cycle-result {"status":"idle","diagnostic":{"url":"https://www.instagram.com/direct/inbox/","rows":1,"markers":0,"eligible":0,"skippedState":0,"skippedProcessed":0,"skippedReply":0},"conversation":null,"flowId":null}
2026-08-06T08:27:45.258Z cycle-start {}
2026-08-06T08:27:45.615Z cycle-result {"status":"idle","diagnostic":{"url":"https://www.instagram.com/direct/inbox/","rows":1,"markers":0,"eligible":0,"skippedState":0,"skippedProcessed":0,"skippedReply":0},"conversation":null,"flowId":null}
2026-08-06T08:27:47.271Z cycle-start {}
2026-08-06T08:27:47.627Z cycle-result {"status":"idle","diagnostic":{"url":"https://www.instagram.com/direct/inbox/","rows":1,"markers":0,"eligible":0,"skippedState":0,"skippedProcessed":0,"skippedReply":0},"conversation":null,"flowId":null}
2026-08-06T08:27:49.271Z cycle-start {}
2026-08-06T08:27:49.625Z cycle-result {"status":"idle","diagnostic":{"url":"https://www.instagram.com/direct/inbox/","rows":1,"markers":0,"eligible":0,"skippedState":0,"skippedProcessed":0,"skippedReply":0},"conversation":null,"flowId":null}
2026-08-06T08:27:51.284Z cycle-start {}
2026-08-06T08:27:51.646Z cycle-result {"status":"idle","diagnostic":{"url":"https://www.instagram.com/direct/inbox/","rows":1,"markers":0,"eligible":0,"skippedState":0,"skippedProcessed":0,"skippedReply":0},"conversation":null,"flowId":null}
2026-08-06T08:27:53.297Z cycle-start {}
2026-08-06T08:27:53.658Z cycle-result {"status":"idle","diagnostic":{"url":"https://www.instagram.com/direct/inbox/","rows":1,"markers":0,"eligible":0,"skippedState":0,"skippedProcessed":0,"skippedReply":0},"conversation":null,"flowId":null}
2026-08-06T08:27:55.309Z cycle-start {}
2026-08-06T08:27:55.685Z cycle-result {"status":"idle","diagnostic":{"url":"https://www.instagram.com/direct/inbox/","rows":1,"markers":0,"eligible":0,"skippedState":0,"skippedProcessed":0,"skippedReply":0},"conversation":null,"flowId":null}
2026-08-06T08:27:57.048Z config {"enabled":true,"hasText":true}
2026-08-06T08:27:57.323Z cycle-start {}
2026-08-06T08:27:57.684Z cycle-result {"status":"idle","diagnostic":{"url":"https://www.instagram.com/direct/inbox/","rows":1,"markers":0,"eligible":0,"skippedState":0,"skippedProcessed":0,"skippedReply":0},"conversation":null,"flowId":null}
2026-08-06T08:27:59.338Z cycle-start {}
2026-08-06T08:27:59.700Z cycle-result {"status":"idle","diagnostic":{"url":"https://www.instagram.com/direct/inbox/","rows":1,"markers":0,"eligible":0,"skippedState":0,"skippedProcessed":0,"skippedReply":0},"conversation":null,"flowId":null}
2026-08-06T08:28:01.339Z cycle-start {}
2026-08-06T08:28:01.698Z cycle-result {"status":"idle","diagnostic":{"url":"https://www.instagram.com/direct/inbox/","rows":1,"markers":0,"eligible":0,"skippedState":0,"skippedProcessed":0,"skippedReply":0},"conversation":null,"flowId":null}
2026-08-06T08:28:03.346Z cycle-start {}
2026-08-06T08:28:03.704Z cycle-result {"status":"idle","diagnostic":{"url":"https://www.instagram.com/direct/inbox/","rows":1,"markers":0,"eligible":0,"skippedState":0,"skippedProcessed":0,"skippedReply":0},"conversation":null,"flowId":null}
2026-08-06T08:28:05.356Z cycle-start {}
2026-08-06T08:28:05.719Z cycle-result {"status":"idle","diagnostic":{"url":"https://www.instagram.com/direct/inbox/","rows":1,"markers":0,"eligible":0,"skippedState":0,"skippedProcessed":0,"skippedReply":0},"conversation":null,"flowId":null}
2026-08-06T08:28:07.355Z cycle-start {}
2026-08-06T08:28:07.719Z cycle-result {"status":"idle","diagnostic":{"url":"https://www.instagram.com/direct/inbox/","rows":1,"markers":0,"eligible":0,"skippedState":0,"skippedProcessed":0,"skippedReply":0},"conversation":null,"flowId":null}
2026-08-06T08:28:09.359Z cycle-start {}
2026-08-06T08:28:09.721Z cycle-result {"status":"idle","diagnostic":{"url":"https://www.instagram.com/direct/inbox/","rows":1,"markers":0,"eligible":0,"skippedState":0,"skippedProcessed":0,"skippedReply":0},"conversation":null,"flowId":null}
2026-08-06T08:28:11.371Z cycle-start {}
2026-08-06T08:28:11.731Z cycle-result {"status":"idle","diagnostic":{"url":"https://www.instagram.com/direct/inbox/","rows":1,"markers":0,"eligible":0,"skippedState":0,"skippedProcessed":0,"skippedReply":0},"conversation":null,"flowId":null}
2026-08-06T08:28:13.371Z cycle-start {}
2026-08-06T08:28:13.733Z cycle-result {"status":"idle","diagnostic":{"url":"https://www.instagram.com/direct/inbox/","rows":1,"markers":0,"eligible":0,"skippedState":0,"skippedProcessed":0,"skippedReply":0},"conversation":null,"flowId":null}
2026-08-06T08:28:15.377Z cycle-start {}
2026-08-06T08:28:15.744Z cycle-result {"status":"idle","diagnostic":{"url":"https://www.instagram.com/direct/inbox/","rows":1,"markers":0,"eligible":0,"skippedState":0,"skippedProcessed":0,"skippedReply":0},"conversation":null,"flowId":null}
2026-08-06T08:28:17.379Z cycle-start {}
2026-08-06T08:28:17.739Z cycle-result {"status":"idle","diagnostic":{"url":"https://www.instagram.com/direct/inbox/","rows":1,"markers":0,"eligible":0,"skippedState":0,"skippedProcessed":0,"skippedReply":0},"conversation":null,"flowId":null}
2026-08-06T08:28:19.390Z cycle-start {}
2026-08-06T08:28:19.755Z cycle-result {"status":"idle","diagnostic":{"url":"https://www.instagram.com/direct/inbox/","rows":1,"markers":0,"eligible":0,"skippedState":0,"skippedProcessed":0,"skippedReply":0},"conversation":null,"flowId":null}
2026-08-06T08:28:21.393Z cycle-start {}
2026-08-06T08:28:21.752Z cycle-result {"status":"idle","diagnostic":{"url":"https://www.instagram.com/direct/inbox/","rows":1,"markers":0,"eligible":0,"skippedState":0,"skippedProcessed":0,"skippedReply":0},"conversation":null,"flowId":null}
2026-08-06T08:28:23.400Z cycle-start {}
2026-08-06T08:28:23.764Z cycle-result {"status":"idle","diagnostic":{"url":"https://www.instagram.com/direct/inbox/","rows":1,"markers":0,"eligible":0,"skippedState":0,"skippedProcessed":0,"skippedReply":0},"conversation":null,"flowId":null}
2026-08-06T08:28:25.416Z cycle-start {}
2026-08-06T08:28:25.781Z cycle-result {"status":"idle","diagnostic":{"url":"https://www.instagram.com/direct/inbox/","rows":1,"markers":0,"eligible":0,"skippedState":0,"skippedProcessed":0,"skippedReply":0},"conversation":null,"flowId":null}
2026-08-06T08:28:27.319Z config {"enabled":true,"hasText":true}
2026-08-06T08:28:27.416Z cycle-start {}
2026-08-06T08:28:27.793Z cycle-result {"status":"idle","diagnostic":{"url":"https://www.instagram.com/direct/inbox/","rows":1,"markers":0,"eligible":0,"skippedState":0,"skippedProcessed":0,"skippedReply":0},"conversation":null,"flowId":null}
2026-08-06T08:28:29.421Z cycle-start {}
2026-08-06T08:28:29.779Z cycle-result {"status":"idle","diagnostic":{"url":"https://www.instagram.com/direct/inbox/","rows":1,"markers":0,"eligible":0,"skippedState":0,"skippedProcessed":0,"skippedReply":0},"conversation":null,"flowId":null}
2026-08-06T08:28:31.433Z cycle-start {}
2026-08-06T08:28:31.794Z cycle-result {"status":"idle","diagnostic":{"url":"https://www.instagram.com/direct/inbox/","rows":1,"markers":0,"eligible":0,"skippedState":0,"skippedProcessed":0,"skippedReply":0},"conversation":null,"flowId":null}
2026-08-06T08:28:33.433Z cycle-start {}
2026-08-06T08:28:33.794Z cycle-result {"status":"idle","diagnostic":{"url":"https://www.instagram.com/direct/inbox/","rows":1,"markers":0,"eligible":0,"skippedState":0,"skippedProcessed":0,"skippedReply":0},"conversation":null,"flowId":null}
2026-08-06T08:28:35.447Z cycle-start {}
2026-08-06T08:28:35.809Z cycle-result {"status":"idle","diagnostic":{"url":"https://www.instagram.com/direct/inbox/","rows":1,"markers":0,"eligible":0,"skippedState":0,"skippedProcessed":0,"skippedReply":0},"conversation":null,"flowId":null}
2026-08-06T08:28:37.457Z cycle-start {}
2026-08-06T08:28:37.817Z cycle-result {"status":"idle","diagnostic":{"url":"https://www.instagram.com/direct/inbox/","rows":1,"markers":0,"eligible":0,"skippedState":0,"skippedProcessed":0,"skippedReply":0},"conversation":null,"flowId":null}
2026-08-06T08:28:39.460Z cycle-start {}
2026-08-06T08:28:39.820Z cycle-result {"status":"idle","diagnostic":{"url":"https://www.instagram.com/direct/inbox/","rows":1,"markers":0,"eligible":0,"skippedState":0,"skippedProcessed":0,"skippedReply":0},"conversation":null,"flowId":null}
2026-08-06T08:28:41.461Z cycle-start {}
2026-08-06T08:28:41.820Z cycle-result {"status":"idle","diagnostic":{"url":"https://www.instagram.com/direct/inbox/","rows":1,"markers":0,"eligible":0,"skippedState":0,"skippedProcessed":0,"skippedReply":0},"conversation":null,"flowId":null}
2026-08-06T08:28:43.461Z cycle-start {}
2026-08-06T08:28:43.824Z cycle-result {"status":"idle","diagnostic":{"url":"https://www.instagram.com/direct/inbox/","rows":1,"markers":0,"eligible":0,"skippedState":0,"skippedProcessed":0,"skippedReply":0},"conversation":null,"flowId":null}
2026-08-06T08:28:45.476Z cycle-start {}
2026-08-06T08:28:45.838Z cycle-result {"status":"idle","diagnostic":{"url":"https://www.instagram.com/direct/inbox/","rows":1,"markers":0,"eligible":0,"skippedState":0,"skippedProcessed":0,"skippedReply":0},"conversation":null,"flowId":null}
2026-08-06T08:28:47.483Z cycle-start {}
2026-08-06T08:28:47.848Z cycle-result {"status":"idle","diagnostic":{"url":"https://www.instagram.com/direct/inbox/","rows":1,"markers":0,"eligible":0,"skippedState":0,"skippedProcessed":0,"skippedReply":0},"conversation":null,"flowId":null}
2026-08-06T08:28:49.498Z cycle-start {}
2026-08-06T08:28:49.857Z cycle-result {"status":"idle","diagnostic":{"url":"https://www.instagram.com/direct/inbox/","rows":1,"markers":0,"eligible":0,"skippedState":0,"skippedProcessed":0,"skippedReply":0},"conversation":null,"flowId":null}
2026-08-06T08:28:51.511Z cycle-start {}
2026-08-06T08:28:51.871Z cycle-result {"status":"idle","diagnostic":{"url":"https://www.instagram.com/direct/inbox/","rows":1,"markers":0,"eligible":0,"skippedState":0,"skippedProcessed":0,"skippedReply":0},"conversation":null,"flowId":null}
2026-08-06T08:28:53.523Z cycle-start {}
2026-08-06T08:28:53.885Z cycle-result {"status":"idle","diagnostic":{"url":"https://www.instagram.com/direct/inbox/","rows":1,"markers":0,"eligible":0,"skippedState":0,"skippedProcessed":0,"skippedReply":0},"conversation":null,"flowId":null}
2026-08-06T08:28:55.533Z cycle-start {}
2026-08-06T08:28:55.897Z cycle-result {"status":"idle","diagnostic":{"url":"https://www.instagram.com/direct/inbox/","rows":1,"markers":0,"eligible":0,"skippedState":0,"skippedProcessed":0,"skippedReply":0},"conversation":null,"flowId":null}
2026-08-06T08:28:57.543Z cycle-start {}
2026-08-06T08:28:57.904Z cycle-result {"status":"idle","diagnostic":{"url":"https://www.instagram.com/direct/inbox/","rows":1,"markers":0,"eligible":0,"skippedState":0,"skippedProcessed":0,"skippedReply":0},"conversation":null,"flowId":null}
2026-08-06T08:28:59.554Z cycle-start {}
2026-08-06T08:28:59.913Z cycle-result {"status":"idle","diagnostic":{"url":"https://www.instagram.com/direct/inbox/","rows":1,"markers":0,"eligible":0,"skippedState":0,"skippedProcessed":0,"skippedReply":0},"conversation":null,"flowId":null}
2026-08-06T08:29:01.560Z cycle-start {}
2026-08-06T08:29:01.917Z cycle-result {"status":"idle","diagnostic":{"url":"https://www.instagram.com/direct/inbox/","rows":1,"markers":0,"eligible":0,"skippedState":0,"skippedProcessed":0,"skippedReply":0},"conversation":null,"flowId":null}
2026-08-06T08:29:03.568Z cycle-start {}
2026-08-06T08:29:03.935Z cycle-result {"status":"idle","diagnostic":{"url":"https://www.instagram.com/direct/inbox/","rows":1,"markers":0,"eligible":0,"skippedState":0,"skippedProcessed":0,"skippedReply":0},"conversation":null,"flowId":null}
2026-08-06T08:29:05.568Z cycle-start {}
2026-08-06T08:29:05.926Z cycle-result {"status":"idle","diagnostic":{"url":"https://www.instagram.com/direct/inbox/","rows":1,"markers":0,"eligible":0,"skippedState":0,"skippedProcessed":0,"skippedReply":0},"conversation":null,"flowId":null}
2026-08-06T08:29:07.578Z cycle-start {}
2026-08-06T08:29:07.939Z cycle-result {"status":"idle","diagnostic":{"url":"https://www.instagram.com/direct/inbox/","rows":1,"markers":0,"eligible":0,"skippedState":0,"skippedProcessed":0,"skippedReply":0},"conversation":null,"flowId":null}
2026-08-06T08:29:09.585Z cycle-start {}
2026-08-06T08:29:09.938Z cycle-result {"status":"idle","diagnostic":{"url":"https://www.instagram.com/direct/inbox/","rows":1,"markers":0,"eligible":0,"skippedState":0,"skippedProcessed":0,"skippedReply":0},"conversation":null,"flowId":null}
2026-08-06T08:29:11.598Z cycle-start {}
2026-08-06T08:29:11.953Z cycle-result {"status":"idle","diagnostic":{"url":"https://www.instagram.com/direct/inbox/","rows":1,"markers":0,"eligible":0,"skippedState":0,"skippedProcessed":0,"skippedReply":0},"conversation":null,"flowId":null}
2026-08-06T08:29:13.607Z cycle-start {}
2026-08-06T08:29:13.962Z cycle-result {"status":"idle","diagnostic":{"url":"https://www.instagram.com/direct/inbox/","rows":1,"markers":0,"eligible":0,"skippedState":0,"skippedProcessed":0,"skippedReply":0},"conversation":null,"flowId":null}
2026-08-06T08:29:15.611Z cycle-start {}
2026-08-06T08:29:15.969Z cycle-result {"status":"idle","diagnostic":{"url":"https://www.instagram.com/direct/inbox/","rows":1,"markers":0,"eligible":0,"skippedState":0,"skippedProcessed":0,"skippedReply":0},"conversation":null,"flowId":null}
2026-08-06T08:29:17.614Z cycle-start {}
2026-08-06T08:29:17.983Z cycle-result {"status":"idle","diagnostic":{"url":"https://www.instagram.com/direct/inbox/","rows":1,"markers":0,"eligible":0,"skippedState":0,"skippedProcessed":0,"skippedReply":0},"conversation":null,"flowId":null}
2026-08-06T08:29:19.630Z cycle-start {}
2026-08-06T08:29:19.992Z cycle-result {"status":"idle","diagnostic":{"url":"https://www.instagram.com/direct/inbox/","rows":1,"markers":0,"eligible":0,"skippedState":0,"skippedProcessed":0,"skippedReply":0},"conversation":null,"flowId":null}
2026-08-06T08:29:21.644Z cycle-start {}
2026-08-06T08:29:21.997Z cycle-result {"status":"idle","diagnostic":{"url":"https://www.instagram.com/direct/inbox/","rows":1,"markers":0,"eligible":0,"skippedState":0,"skippedProcessed":0,"skippedReply":0},"conversation":null,"flowId":null}
2026-08-06T08:29:23.657Z cycle-start {}
2026-08-06T08:29:24.018Z cycle-result {"status":"idle","diagnostic":{"url":"https://www.instagram.com/direct/inbox/","rows":1,"markers":0,"eligible":0,"skippedState":0,"skippedProcessed":0,"skippedReply":0},"conversation":null,"flowId":null}
2026-08-06T08:29:25.661Z cycle-start {}
2026-08-06T08:29:26.020Z cycle-result {"status":"idle","diagnostic":{"url":"https://www.instagram.com/direct/inbox/","rows":1,"markers":0,"eligible":0,"skippedState":0,"skippedProcessed":0,"skippedReply":0},"conversation":null,"flowId":null}
2026-08-06T08:29:27.671Z cycle-start {}
2026-08-06T08:29:28.036Z cycle-result {"status":"idle","diagnostic":{"url":"https://www.instagram.com/direct/inbox/","rows":1,"markers":0,"eligible":0,"skippedState":0,"skippedProcessed":0,"skippedReply":0},"conversation":null,"flowId":null}
2026-08-06T08:29:29.683Z cycle-start {}
2026-08-06T08:29:30.051Z cycle-result {"status":"idle","diagnostic":{"url":"https://www.instagram.com/direct/inbox/","rows":1,"markers":0,"eligible":0,"skippedState":0,"skippedProcessed":0,"skippedReply":0},"conversation":null,"flowId":null}
2026-08-06T08:29:30.934Z config {"enabled":true,"hasText":true}
2026-08-06T08:29:31.684Z cycle-start {}
2026-08-06T08:29:32.039Z cycle-result {"status":"idle","diagnostic":{"url":"https://www.instagram.com/direct/inbox/","rows":1,"markers":0,"eligible":0,"skippedState":0,"skippedProcessed":0,"skippedReply":0},"conversation":null,"flowId":null}
2026-08-06T08:29:35.597Z config {"enabled":true,"hasText":true}
2026-08-06T08:29:35.600Z cycle-start {}
2026-08-06T08:29:35.603Z probe-load {"url":"https://www.instagram.com/direct/inbox/"}
2026-08-06T08:29:35.631Z config {"enabled":true,"hasText":true}
2026-08-06T08:29:37.581Z cycle-result {"status":"idle","diagnostic":{"url":"https://www.instagram.com/direct/inbox/","rows":1,"markers":0,"eligible":0,"skippedState":0,"skippedProcessed":0,"skippedReply":0},"conversation":null,"flowId":null}
2026-08-06T08:29:37.608Z cycle-start {}
2026-08-06T08:29:38.062Z cycle-result {"status":"idle","diagnostic":{"url":"https://www.instagram.com/direct/inbox/","rows":1,"markers":0,"eligible":0,"skippedState":0,"skippedProcessed":0,"skippedReply":0},"conversation":null,"flowId":null}
2026-08-06T08:29:39.612Z cycle-start {}
2026-08-06T08:29:41.213Z cycle-result {"status":"sent","diagnostic":{"url":"https://www.instagram.com/direct/inbox/","rows":1,"markers":1,"eligible":1,"skippedState":0,"skippedProcessed":0,"skippedReply":0},"conversation":"Conversa sem nome","flowId":null}
2026-08-06T08:29:41.626Z cycle-start {}
2026-08-06T08:29:41.988Z cycle-result {"status":"idle","diagnostic":{"url":"https://www.instagram.com/direct/inbox/","rows":1,"markers":0,"eligible":0,"skippedState":0,"skippedProcessed":0,"skippedReply":0},"conversation":null,"flowId":null}
2026-08-06T08:29:43.636Z cycle-start {}
2026-08-06T08:29:43.993Z cycle-result {"status":"idle","diagnostic":{"url":"https://www.instagram.com/direct/inbox/","rows":1,"markers":0,"eligible":0,"skippedState":0,"skippedProcessed":0,"skippedReply":0},"conversation":null,"flowId":null}
2026-08-06T08:29:45.637Z cycle-start {}
2026-08-06T08:29:45.834Z config {"enabled":true,"hasText":true}
2026-08-06T08:29:45.998Z cycle-result {"status":"idle","diagnostic":{"url":"https://www.instagram.com/direct/inbox/","rows":1,"markers":0,"eligible":0,"skippedState":0,"skippedProcessed":0,"skippedReply":0},"conversation":null,"flowId":null}
2026-08-06T08:29:47.650Z cycle-start {}
2026-08-06T08:29:48.012Z cycle-result {"status":"idle","diagnostic":{"url":"https://www.instagram.com/direct/inbox/","rows":1,"markers":0,"eligible":0,"skippedState":0,"skippedProcessed":0,"skippedReply":0},"conversation":null,"flowId":null}
2026-08-06T08:29:49.664Z cycle-start {}
2026-08-06T08:29:50.022Z cycle-result {"status":"idle","diagnostic":{"url":"https://www.instagram.com/direct/inbox/","rows":1,"markers":0,"eligible":0,"skippedState":0,"skippedProcessed":0,"skippedReply":0},"conversation":null,"flowId":null}
2026-08-06T08:29:51.679Z cycle-start {}
2026-08-06T08:29:52.039Z cycle-result {"status":"idle","diagnostic":{"url":"https://www.instagram.com/direct/inbox/","rows":1,"markers":0,"eligible":0,"skippedState":0,"skippedProcessed":0,"skippedReply":0},"conversation":null,"flowId":null}
2026-08-06T08:29:53.691Z cycle-start {}
2026-08-06T08:29:54.051Z cycle-result {"status":"idle","diagnostic":{"url":"https://www.instagram.com/direct/inbox/","rows":1,"markers":0,"eligible":0,"skippedState":0,"skippedProcessed":0,"skippedReply":0},"conversation":null,"flowId":null}
2026-08-06T08:29:55.703Z cycle-start {}
2026-08-06T08:29:56.062Z cycle-result {"status":"idle","diagnostic":{"url":"https://www.instagram.com/direct/inbox/","rows":1,"markers":0,"eligible":0,"skippedState":0,"skippedProcessed":0,"skippedReply":0},"conversation":null,"flowId":null}
2026-08-06T08:29:57.702Z cycle-start {}
2026-08-06T08:29:58.059Z cycle-result {"status":"idle","diagnostic":{"url":"https://www.instagram.com/direct/inbox/","rows":1,"markers":0,"eligible":0,"skippedState":0,"skippedProcessed":0,"skippedReply":0},"conversation":null,"flowId":null}
2026-08-06T08:29:59.708Z cycle-start {}
2026-08-06T08:30:00.067Z cycle-result {"status":"idle","diagnostic":{"url":"https://www.instagram.com/direct/inbox/","rows":1,"markers":0,"eligible":0,"skippedState":0,"skippedProcessed":0,"skippedReply":0},"conversation":null,"flowId":null}
2026-08-06T08:30:01.719Z cycle-start {}
2026-08-06T08:30:02.082Z cycle-result {"status":"idle","diagnostic":{"url":"https://www.instagram.com/direct/inbox/","rows":1,"markers":0,"eligible":0,"skippedState":0,"skippedProcessed":0,"skippedReply":0},"conversation":null,"flowId":null}
2026-08-06T08:30:03.729Z cycle-start {}
2026-08-06T08:30:04.089Z cycle-result {"status":"idle","diagnostic":{"url":"https://www.instagram.com/direct/inbox/","rows":1,"markers":0,"eligible":0,"skippedState":0,"skippedProcessed":0,"skippedReply":0},"conversation":null,"flowId":null}
2026-08-06T08:30:05.730Z cycle-start {}
2026-08-06T08:30:06.089Z cycle-result {"status":"idle","diagnostic":{"url":"https://www.instagram.com/direct/inbox/","rows":1,"markers":0,"eligible":0,"skippedState":0,"skippedProcessed":0,"skippedReply":0},"conversation":null,"flowId":null}
2026-08-06T08:30:07.740Z cycle-start {}
2026-08-06T08:30:08.099Z cycle-result {"status":"idle","diagnostic":{"url":"https://www.instagram.com/direct/inbox/","rows":1,"markers":0,"eligible":0,"skippedState":0,"skippedProcessed":0,"skippedReply":0},"conversation":null,"flowId":null}
2026-08-06T08:30:09.743Z cycle-start {}
2026-08-06T08:30:10.105Z cycle-result {"status":"idle","diagnostic":{"url":"https://www.instagram.com/direct/inbox/","rows":1,"markers":0,"eligible":0,"skippedState":0,"skippedProcessed":0,"skippedReply":0},"conversation":null,"flowId":null}
2026-08-06T08:30:11.753Z cycle-start {}
2026-08-06T08:30:12.117Z cycle-result {"status":"idle","diagnostic":{"url":"https://www.instagram.com/direct/inbox/","rows":1,"markers":0,"eligible":0,"skippedState":0,"skippedProcessed":0,"skippedReply":0},"conversation":null,"flowId":null}
2026-08-06T08:30:13.760Z cycle-start {}
2026-08-06T08:30:14.128Z cycle-result {"status":"idle","diagnostic":{"url":"https://www.instagram.com/direct/inbox/","rows":1,"markers":0,"eligible":0,"skippedState":0,"skippedProcessed":0,"skippedReply":0},"conversation":null,"flowId":null}
2026-08-06T08:30:15.761Z cycle-start {}
2026-08-06T08:30:16.125Z cycle-result {"status":"idle","diagnostic":{"url":"https://www.instagram.com/direct/inbox/","rows":1,"markers":0,"eligible":0,"skippedState":0,"skippedProcessed":0,"skippedReply":0},"conversation":null,"flowId":null}
2026-08-06T08:30:17.761Z cycle-start {}
2026-08-06T08:30:18.123Z cycle-result {"status":"idle","diagnostic":{"url":"https://www.instagram.com/direct/inbox/","rows":1,"markers":0,"eligible":0,"skippedState":0,"skippedProcessed":0,"skippedReply":0},"conversation":null,"flowId":null}
2026-08-06T08:30:19.767Z cycle-start {}
2026-08-06T08:30:20.121Z cycle-result {"status":"idle","diagnostic":{"url":"https://www.instagram.com/direct/inbox/","rows":1,"markers":0,"eligible":0,"skippedState":0,"skippedProcessed":0,"skippedReply":0},"conversation":null,"flowId":null}
2026-08-06T08:30:21.775Z cycle-start {}
2026-08-06T08:30:22.135Z cycle-result {"status":"idle","diagnostic":{"url":"https://www.instagram.com/direct/inbox/","rows":1,"markers":0,"eligible":0,"skippedState":0,"skippedProcessed":0,"skippedReply":0},"conversation":null,"flowId":null}
2026-08-06T08:30:23.782Z cycle-start {}
2026-08-06T08:30:24.142Z cycle-result {"status":"idle","diagnostic":{"url":"https://www.instagram.com/direct/inbox/","rows":1,"markers":0,"eligible":0,"skippedState":0,"skippedProcessed":0,"skippedReply":0},"conversation":null,"flowId":null}
2026-08-06T08:30:25.792Z cycle-start {}
2026-08-06T08:30:26.157Z cycle-result {"status":"idle","diagnostic":{"url":"https://www.instagram.com/direct/inbox/","rows":1,"markers":0,"eligible":0,"skippedState":0,"skippedProcessed":0,"skippedReply":0},"conversation":null,"flowId":null}
2026-08-06T08:30:27.805Z cycle-start {}
2026-08-06T08:30:28.164Z cycle-result {"status":"idle","diagnostic":{"url":"https://www.instagram.com/direct/inbox/","rows":1,"markers":0,"eligible":0,"skippedState":0,"skippedProcessed":0,"skippedReply":0},"conversation":null,"flowId":null}
2026-08-06T08:30:29.809Z cycle-start {}
2026-08-06T08:30:30.167Z cycle-result {"status":"idle","diagnostic":{"url":"https://www.instagram.com/direct/inbox/","rows":1,"markers":0,"eligible":0,"skippedState":0,"skippedProcessed":0,"skippedReply":0},"conversation":null,"flowId":null}
2026-08-06T08:30:31.818Z cycle-start {}
2026-08-06T08:30:32.179Z cycle-result {"status":"idle","diagnostic":{"url":"https://www.instagram.com/direct/inbox/","rows":1,"markers":0,"eligible":0,"skippedState":0,"skippedProcessed":0,"skippedReply":0},"conversation":null,"flowId":null}
2026-08-06T08:30:33.831Z cycle-start {}
2026-08-06T08:30:34.189Z cycle-result {"status":"idle","diagnostic":{"url":"https://www.instagram.com/direct/inbox/","rows":1,"markers":0,"eligible":0,"skippedState":0,"skippedProcessed":0,"skippedReply":0},"conversation":null,"flowId":null}
2026-08-06T08:30:35.839Z cycle-start {}
2026-08-06T08:30:36.198Z cycle-result {"status":"idle","diagnostic":{"url":"https://www.instagram.com/direct/inbox/","rows":1,"markers":0,"eligible":0,"skippedState":0,"skippedProcessed":0,"skippedReply":0},"conversation":null,"flowId":null}
2026-08-06T08:30:37.850Z cycle-start {}
2026-08-06T08:30:38.210Z cycle-result {"status":"idle","diagnostic":{"url":"https://www.instagram.com/direct/inbox/","rows":1,"markers":0,"eligible":0,"skippedState":0,"skippedProcessed":0,"skippedReply":0},"conversation":null,"flowId":null}
2026-08-06T08:30:39.853Z cycle-start {}
2026-08-06T08:30:40.211Z cycle-result {"status":"idle","diagnostic":{"url":"https://www.instagram.com/direct/inbox/","rows":1,"markers":0,"eligible":0,"skippedState":0,"skippedProcessed":0,"skippedReply":0},"conversation":null,"flowId":null}
2026-08-06T08:30:41.862Z cycle-start {}
2026-08-06T08:30:42.221Z cycle-result {"status":"idle","diagnostic":{"url":"https://www.instagram.com/direct/inbox/","rows":1,"markers":0,"eligible":0,"skippedState":0,"skippedProcessed":0,"skippedReply":0},"conversation":null,"flowId":null}
2026-08-06T08:30:43.870Z cycle-start {}
2026-08-06T08:30:44.230Z cycle-result {"status":"idle","diagnostic":{"url":"https://www.instagram.com/direct/inbox/","rows":1,"markers":0,"eligible":0,"skippedState":0,"skippedProcessed":0,"skippedReply":0},"conversation":null,"flowId":null}
2026-08-06T08:30:45.882Z cycle-start {}
2026-08-06T08:30:46.241Z cycle-result {"status":"idle","diagnostic":{"url":"https://www.instagram.com/direct/inbox/","rows":1,"markers":0,"eligible":0,"skippedState":0,"skippedProcessed":0,"skippedReply":0},"conversation":null,"flowId":null}
2026-08-06T08:30:47.892Z cycle-start {}
2026-08-06T08:30:48.251Z cycle-result {"status":"idle","diagnostic":{"url":"https://www.instagram.com/direct/inbox/","rows":1,"markers":0,"eligible":0,"skippedState":0,"skippedProcessed":0,"skippedReply":0},"conversation":null,"flowId":null}
2026-08-06T08:30:49.903Z cycle-start {}
2026-08-06T08:30:50.259Z cycle-result {"status":"idle","diagnostic":{"url":"https://www.instagram.com/direct/inbox/","rows":1,"markers":0,"eligible":0,"skippedState":0,"skippedProcessed":0,"skippedReply":0},"conversation":null,"flowId":null}
2026-08-06T08:30:51.906Z cycle-start {}
2026-08-06T08:30:52.265Z cycle-result {"status":"idle","diagnostic":{"url":"https://www.instagram.com/direct/inbox/","rows":1,"markers":0,"eligible":0,"skippedState":0,"skippedProcessed":0,"skippedReply":0},"conversation":null,"flowId":null}
2026-08-06T08:30:53.917Z cycle-start {}
2026-08-06T08:30:54.273Z cycle-result {"status":"idle","diagnostic":{"url":"https://www.instagram.com/direct/inbox/","rows":1,"markers":0,"eligible":0,"skippedState":0,"skippedProcessed":0,"skippedReply":0},"conversation":null,"flowId":null}
2026-08-06T08:30:55.930Z cycle-start {}
2026-08-06T08:30:56.291Z cycle-result {"status":"idle","diagnostic":{"url":"https://www.instagram.com/direct/inbox/","rows":1,"markers":0,"eligible":0,"skippedState":0,"skippedProcessed":0,"skippedReply":0},"conversation":null,"flowId":null}
2026-08-06T08:30:57.936Z cycle-start {}
2026-08-06T08:30:58.291Z cycle-result {"status":"idle","diagnostic":{"url":"https://www.instagram.com/direct/inbox/","rows":1,"markers":0,"eligible":0,"skippedState":0,"skippedProcessed":0,"skippedReply":0},"conversation":null,"flowId":null}
2026-08-06T08:30:59.948Z cycle-start {}
2026-08-06T08:31:00.304Z cycle-result {"status":"idle","diagnostic":{"url":"https://www.instagram.com/direct/inbox/","rows":1,"markers":0,"eligible":0,"skippedState":0,"skippedProcessed":0,"skippedReply":0},"conversation":null,"flowId":null}
2026-08-06T08:31:01.954Z cycle-start {}
2026-08-06T08:31:02.313Z cycle-result {"status":"idle","diagnostic":{"url":"https://www.instagram.com/direct/inbox/","rows":1,"markers":0,"eligible":0,"skippedState":0,"skippedProcessed":0,"skippedReply":0},"conversation":null,"flowId":null}
2026-08-06T08:31:03.958Z cycle-start {}
2026-08-06T08:31:04.311Z cycle-result {"status":"idle","diagnostic":{"url":"https://www.instagram.com/direct/inbox/","rows":1,"markers":0,"eligible":0,"skippedState":0,"skippedProcessed":0,"skippedReply":0},"conversation":null,"flowId":null}
2026-08-06T08:31:05.958Z cycle-start {}
2026-08-06T08:31:06.317Z cycle-result {"status":"idle","diagnostic":{"url":"https://www.instagram.com/direct/inbox/","rows":1,"markers":0,"eligible":0,"skippedState":0,"skippedProcessed":0,"skippedReply":0},"conversation":null,"flowId":null}
2026-08-06T08:31:07.965Z cycle-start {}
2026-08-06T08:31:08.324Z cycle-result {"status":"idle","diagnostic":{"url":"https://www.instagram.com/direct/inbox/","rows":1,"markers":0,"eligible":0,"skippedState":0,"skippedProcessed":0,"skippedReply":0},"conversation":null,"flowId":null}
2026-08-06T08:31:09.965Z cycle-start {}
2026-08-06T08:31:10.318Z cycle-result {"status":"idle","diagnostic":{"url":"https://www.instagram.com/direct/inbox/","rows":1,"markers":0,"eligible":0,"skippedState":0,"skippedProcessed":0,"skippedReply":0},"conversation":null,"flowId":null}
2026-08-06T08:31:11.977Z cycle-start {}
2026-08-06T08:31:12.335Z cycle-result {"status":"idle","diagnostic":{"url":"https://www.instagram.com/direct/inbox/","rows":1,"markers":0,"eligible":0,"skippedState":0,"skippedProcessed":0,"skippedReply":0},"conversation":null,"flowId":null}
2026-08-06T08:31:13.988Z cycle-start {}
2026-08-06T08:31:14.345Z cycle-result {"status":"idle","diagnostic":{"url":"https://www.instagram.com/direct/inbox/","rows":1,"markers":0,"eligible":0,"skippedState":0,"skippedProcessed":0,"skippedReply":0},"conversation":null,"flowId":null}
2026-08-06T08:31:15.998Z cycle-start {}
2026-08-06T08:31:16.360Z cycle-result {"status":"idle","diagnostic":{"url":"https://www.instagram.com/direct/inbox/","rows":1,"markers":0,"eligible":0,"skippedState":0,"skippedProcessed":0,"skippedReply":0},"conversation":null,"flowId":null}
2026-08-06T08:31:18.005Z cycle-start {}
2026-08-06T08:31:18.365Z cycle-result {"status":"idle","diagnostic":{"url":"https://www.instagram.com/direct/inbox/","rows":1,"markers":0,"eligible":0,"skippedState":0,"skippedProcessed":0,"skippedReply":0},"conversation":null,"flowId":null}
2026-08-06T08:31:20.020Z cycle-start {}
2026-08-06T08:31:20.379Z cycle-result {"status":"idle","diagnostic":{"url":"https://www.instagram.com/direct/inbox/","rows":1,"markers":0,"eligible":0,"skippedState":0,"skippedProcessed":0,"skippedReply":0},"conversation":null,"flowId":null}
2026-08-06T08:31:22.030Z cycle-start {}
2026-08-06T08:31:22.386Z cycle-result {"status":"idle","diagnostic":{"url":"https://www.instagram.com/direct/inbox/","rows":1,"markers":0,"eligible":0,"skippedState":0,"skippedProcessed":0,"skippedReply":0},"conversation":null,"flowId":null}
2026-08-06T08:31:24.031Z cycle-start {}
2026-08-06T08:31:24.391Z cycle-result {"status":"idle","diagnostic":{"url":"https://www.instagram.com/direct/inbox/","rows":1,"markers":0,"eligible":0,"skippedState":0,"skippedProcessed":0,"skippedReply":0},"conversation":null,"flowId":null}
2026-08-06T08:31:26.037Z cycle-start {}
2026-08-06T08:31:26.398Z cycle-result {"status":"idle","diagnostic":{"url":"https://www.instagram.com/direct/inbox/","rows":1,"markers":0,"eligible":0,"skippedState":0,"skippedProcessed":0,"skippedReply":0},"conversation":null,"flowId":null}
2026-08-06T08:31:28.040Z cycle-start {}
2026-08-06T08:31:28.396Z cycle-result {"status":"idle","diagnostic":{"url":"https://www.instagram.com/direct/inbox/","rows":1,"markers":0,"eligible":0,"skippedState":0,"skippedProcessed":0,"skippedReply":0},"conversation":null,"flowId":null}
2026-08-06T08:31:30.049Z cycle-start {}
2026-08-06T08:31:30.408Z cycle-result {"status":"idle","diagnostic":{"url":"https://www.instagram.com/direct/inbox/","rows":1,"markers":0,"eligible":0,"skippedState":0,"skippedProcessed":0,"skippedReply":0},"conversation":null,"flowId":null}
2026-08-06T08:31:32.052Z cycle-start {}
2026-08-06T08:31:32.409Z cycle-result {"status":"idle","diagnostic":{"url":"https://www.instagram.com/direct/inbox/","rows":1,"markers":0,"eligible":0,"skippedState":0,"skippedProcessed":0,"skippedReply":0},"conversation":null,"flowId":null}
2026-08-06T08:31:34.060Z cycle-start {}
2026-08-06T08:31:34.417Z cycle-result {"status":"idle","diagnostic":{"url":"https://www.instagram.com/direct/inbox/","rows":1,"markers":0,"eligible":0,"skippedState":0,"skippedProcessed":0,"skippedReply":0},"conversation":null,"flowId":null}
2026-08-06T08:31:36.065Z cycle-start {}
2026-08-06T08:31:36.431Z cycle-result {"status":"idle","diagnostic":{"url":"https://www.instagram.com/direct/inbox/","rows":1,"markers":0,"eligible":0,"skippedState":0,"skippedProcessed":0,"skippedReply":0},"conversation":null,"flowId":null}
2026-08-06T08:31:38.078Z cycle-start {}
2026-08-06T08:31:38.442Z cycle-result {"status":"idle","diagnostic":{"url":"https://www.instagram.com/direct/inbox/","rows":1,"markers":0,"eligible":0,"skippedState":0,"skippedProcessed":0,"skippedReply":0},"conversation":null,"flowId":null}
2026-08-06T08:31:40.090Z cycle-start {}
2026-08-06T08:31:40.442Z cycle-result {"status":"idle","diagnostic":{"url":"https://www.instagram.com/direct/inbox/","rows":1,"markers":0,"eligible":0,"skippedState":0,"skippedProcessed":0,"skippedReply":0},"conversation":null,"flowId":null}
2026-08-06T08:31:42.102Z cycle-start {}
2026-08-06T08:31:42.455Z cycle-result {"status":"idle","diagnostic":{"url":"https://www.instagram.com/direct/inbox/","rows":1,"markers":0,"eligible":0,"skippedState":0,"skippedProcessed":0,"skippedReply":0},"conversation":null,"flowId":null}
2026-08-06T08:31:44.109Z cycle-start {}
2026-08-06T08:31:44.471Z cycle-result {"status":"idle","diagnostic":{"url":"https://www.instagram.com/direct/inbox/","rows":1,"markers":0,"eligible":0,"skippedState":0,"skippedProcessed":0,"skippedReply":0},"conversation":null,"flowId":null}
2026-08-06T08:31:46.117Z cycle-start {}
2026-08-06T08:31:46.476Z cycle-result {"status":"idle","diagnostic":{"url":"https://www.instagram.com/direct/inbox/","rows":1,"markers":0,"eligible":0,"skippedState":0,"skippedProcessed":0,"skippedReply":0},"conversation":null,"flowId":null}
2026-08-06T08:31:48.130Z cycle-start {}
2026-08-06T08:31:48.494Z cycle-result {"status":"idle","diagnostic":{"url":"https://www.instagram.com/direct/inbox/","rows":1,"markers":0,"eligible":0,"skippedState":0,"skippedProcessed":0,"skippedReply":0},"conversation":null,"flowId":null}
2026-08-06T08:31:50.132Z cycle-start {}
2026-08-06T08:31:50.492Z cycle-result {"status":"idle","diagnostic":{"url":"https://www.instagram.com/direct/inbox/","rows":1,"markers":0,"eligible":0,"skippedState":0,"skippedProcessed":0,"skippedReply":0},"conversation":null,"flowId":null}
2026-08-06T08:31:52.142Z cycle-start {}
2026-08-06T08:31:52.502Z cycle-result {"status":"idle","diagnostic":{"url":"https://www.instagram.com/direct/inbox/","rows":1,"markers":0,"eligible":0,"skippedState":0,"skippedProcessed":0,"skippedReply":0},"conversation":null,"flowId":null}
2026-08-06T08:31:54.146Z cycle-start {}
2026-08-06T08:31:54.502Z cycle-result {"status":"idle","diagnostic":{"url":"https://www.instagram.com/direct/inbox/","rows":1,"markers":0,"eligible":0,"skippedState":0,"skippedProcessed":0,"skippedReply":0},"conversation":null,"flowId":null}
2026-08-06T08:31:56.148Z cycle-start {}
2026-08-06T08:31:56.506Z cycle-result {"status":"idle","diagnostic":{"url":"https://www.instagram.com/direct/inbox/","rows":1,"markers":0,"eligible":0,"skippedState":0,"skippedProcessed":0,"skippedReply":0},"conversation":null,"flowId":null}
2026-08-06T08:31:58.152Z cycle-start {}
2026-08-06T08:31:58.519Z cycle-result {"status":"idle","diagnostic":{"url":"https://www.instagram.com/direct/inbox/","rows":1,"markers":0,"eligible":0,"skippedState":0,"skippedProcessed":0,"skippedReply":0},"conversation":null,"flowId":null}
2026-08-06T08:32:00.160Z cycle-start {}
2026-08-06T08:32:00.522Z cycle-result {"status":"idle","diagnostic":{"url":"https://www.instagram.com/direct/inbox/","rows":1,"markers":0,"eligible":0,"skippedState":0,"skippedProcessed":0,"skippedReply":0},"conversation":null,"flowId":null}
2026-08-06T08:32:02.172Z cycle-start {}
2026-08-06T08:32:02.537Z cycle-result {"status":"idle","diagnostic":{"url":"https://www.instagram.com/direct/inbox/","rows":1,"markers":0,"eligible":0,"skippedState":0,"skippedProcessed":0,"skippedReply":0},"conversation":null,"flowId":null}
2026-08-06T08:32:04.183Z cycle-start {}
2026-08-06T08:32:04.541Z cycle-result {"status":"idle","diagnostic":{"url":"https://www.instagram.com/direct/inbox/","rows":1,"markers":0,"eligible":0,"skippedState":0,"skippedProcessed":0,"skippedReply":0},"conversation":null,"flowId":null}
2026-08-06T08:32:06.191Z cycle-start {}
2026-08-06T08:32:06.557Z cycle-result {"status":"idle","diagnostic":{"url":"https://www.instagram.com/direct/inbox/","rows":1,"markers":0,"eligible":0,"skippedState":0,"skippedProcessed":0,"skippedReply":0},"conversation":null,"flowId":null}
2026-08-06T08:32:08.195Z cycle-start {}
2026-08-06T08:32:08.559Z cycle-result {"status":"idle","diagnostic":{"url":"https://www.instagram.com/direct/inbox/","rows":1,"markers":0,"eligible":0,"skippedState":0,"skippedProcessed":0,"skippedReply":0},"conversation":null,"flowId":null}
2026-08-06T08:32:10.209Z cycle-start {}
2026-08-06T08:32:10.563Z cycle-result {"status":"idle","diagnostic":{"url":"https://www.instagram.com/direct/inbox/","rows":1,"markers":0,"eligible":0,"skippedState":0,"skippedProcessed":0,"skippedReply":0},"conversation":null,"flowId":null}
2026-08-06T08:32:12.223Z cycle-start {}
2026-08-06T08:32:12.590Z cycle-result {"status":"idle","diagnostic":{"url":"https://www.instagram.com/direct/inbox/","rows":1,"markers":0,"eligible":0,"skippedState":0,"skippedProcessed":0,"skippedReply":0},"conversation":null,"flowId":null}
2026-08-06T08:32:14.231Z cycle-start {}
2026-08-06T08:32:14.588Z cycle-result {"status":"idle","diagnostic":{"url":"https://www.instagram.com/direct/inbox/","rows":1,"markers":0,"eligible":0,"skippedState":0,"skippedProcessed":0,"skippedReply":0},"conversation":null,"flowId":null}
2026-08-06T08:32:16.230Z cycle-start {}
2026-08-06T08:32:16.585Z cycle-result {"status":"idle","diagnostic":{"url":"https://www.instagram.com/direct/inbox/","rows":1,"markers":0,"eligible":0,"skippedState":0,"skippedProcessed":0,"skippedReply":0},"conversation":null,"flowId":null}
2026-08-06T08:32:18.238Z cycle-start {}
2026-08-06T08:32:18.599Z cycle-result {"status":"idle","diagnostic":{"url":"https://www.instagram.com/direct/inbox/","rows":1,"markers":0,"eligible":0,"skippedState":0,"skippedProcessed":0,"skippedReply":0},"conversation":null,"flowId":null}
2026-08-06T08:32:20.240Z cycle-start {}
2026-08-06T08:32:20.593Z cycle-result {"status":"idle","diagnostic":{"url":"https://www.instagram.com/direct/inbox/","rows":1,"markers":0,"eligible":0,"skippedState":0,"skippedProcessed":0,"skippedReply":0},"conversation":null,"flowId":null}
2026-08-06T08:32:22.242Z cycle-start {}
2026-08-06T08:32:22.602Z cycle-result {"status":"idle","diagnostic":{"url":"https://www.instagram.com/direct/inbox/","rows":1,"markers":0,"eligible":0,"skippedState":0,"skippedProcessed":0,"skippedReply":0},"conversation":null,"flowId":null}
2026-08-06T08:32:24.250Z cycle-start {}
2026-08-06T08:32:24.614Z cycle-result {"status":"idle","diagnostic":{"url":"https://www.instagram.com/direct/inbox/","rows":1,"markers":0,"eligible":0,"skippedState":0,"skippedProcessed":0,"skippedReply":0},"conversation":null,"flowId":null}
2026-08-06T08:32:26.261Z cycle-start {}
2026-08-06T08:32:26.625Z cycle-result {"status":"idle","diagnostic":{"url":"https://www.instagram.com/direct/inbox/","rows":1,"markers":0,"eligible":0,"skippedState":0,"skippedProcessed":0,"skippedReply":0},"conversation":null,"flowId":null}
2026-08-06T08:32:28.274Z cycle-start {}
2026-08-06T08:32:28.631Z cycle-result {"status":"idle","diagnostic":{"url":"https://www.instagram.com/direct/inbox/","rows":1,"markers":0,"eligible":0,"skippedState":0,"skippedProcessed":0,"skippedReply":0},"conversation":null,"flowId":null}
2026-08-06T08:32:30.277Z cycle-start {}
2026-08-06T08:32:30.632Z cycle-result {"status":"idle","diagnostic":{"url":"https://www.instagram.com/direct/inbox/","rows":1,"markers":0,"eligible":0,"skippedState":0,"skippedProcessed":0,"skippedReply":0},"conversation":null,"flowId":null}
2026-08-06T08:32:32.277Z cycle-start {}
2026-08-06T08:32:32.633Z cycle-result {"status":"idle","diagnostic":{"url":"https://www.instagram.com/direct/inbox/","rows":1,"markers":0,"eligible":0,"skippedState":0,"skippedProcessed":0,"skippedReply":0},"conversation":null,"flowId":null}
2026-08-06T08:32:34.278Z cycle-start {}
2026-08-06T08:32:34.637Z cycle-result {"status":"idle","diagnostic":{"url":"https://www.instagram.com/direct/inbox/","rows":1,"markers":0,"eligible":0,"skippedState":0,"skippedProcessed":0,"skippedReply":0},"conversation":null,"flowId":null}
2026-08-06T08:32:36.282Z cycle-start {}
2026-08-06T08:32:36.643Z cycle-result {"status":"idle","diagnostic":{"url":"https://www.instagram.com/direct/inbox/","rows":1,"markers":0,"eligible":0,"skippedState":0,"skippedProcessed":0,"skippedReply":0},"conversation":null,"flowId":null}
2026-08-06T08:32:38.297Z cycle-start {}
2026-08-06T08:32:38.656Z cycle-result {"status":"idle","diagnostic":{"url":"https://www.instagram.com/direct/inbox/","rows":1,"markers":0,"eligible":0,"skippedState":0,"skippedProcessed":0,"skippedReply":0},"conversation":null,"flowId":null}
2026-08-06T08:32:40.310Z cycle-start {}
2026-08-06T08:32:40.671Z cycle-result {"status":"idle","diagnostic":{"url":"https://www.instagram.com/direct/inbox/","rows":1,"markers":0,"eligible":0,"skippedState":0,"skippedProcessed":0,"skippedReply":0},"conversation":null,"flowId":null}
2026-08-06T08:32:42.325Z cycle-start {}
2026-08-06T08:32:42.686Z cycle-result {"status":"idle","diagnostic":{"url":"https://www.instagram.com/direct/inbox/","rows":1,"markers":0,"eligible":0,"skippedState":0,"skippedProcessed":0,"skippedReply":0},"conversation":null,"flowId":null}
2026-08-06T08:32:44.334Z cycle-start {}
2026-08-06T08:32:44.696Z cycle-result {"status":"idle","diagnostic":{"url":"https://www.instagram.com/direct/inbox/","rows":1,"markers":0,"eligible":0,"skippedState":0,"skippedProcessed":0,"skippedReply":0},"conversation":null,"flowId":null}
2026-08-06T08:32:46.348Z cycle-start {}
2026-08-06T08:32:46.709Z cycle-result {"status":"idle","diagnostic":{"url":"https://www.instagram.com/direct/inbox/","rows":1,"markers":0,"eligible":0,"skippedState":0,"skippedProcessed":0,"skippedReply":0},"conversation":null,"flowId":null}
2026-08-06T08:32:48.363Z cycle-start {}
2026-08-06T08:32:48.722Z cycle-result {"status":"idle","diagnostic":{"url":"https://www.instagram.com/direct/inbox/","rows":1,"markers":0,"eligible":0,"skippedState":0,"skippedProcessed":0,"skippedReply":0},"conversation":null,"flowId":null}
2026-08-06T08:32:50.363Z cycle-start {}
2026-08-06T08:32:50.723Z cycle-result {"status":"idle","diagnostic":{"url":"https://www.instagram.com/direct/inbox/","rows":1,"markers":0,"eligible":0,"skippedState":0,"skippedProcessed":0,"skippedReply":0},"conversation":null,"flowId":null}
2026-08-06T08:32:52.373Z cycle-start {}
2026-08-06T08:32:52.737Z cycle-result {"status":"idle","diagnostic":{"url":"https://www.instagram.com/direct/inbox/","rows":1,"markers":0,"eligible":0,"skippedState":0,"skippedProcessed":0,"skippedReply":0},"conversation":null,"flowId":null}
2026-08-06T08:32:54.385Z cycle-start {}
2026-08-06T08:32:54.744Z cycle-result {"status":"idle","diagnostic":{"url":"https://www.instagram.com/direct/inbox/","rows":1,"markers":0,"eligible":0,"skippedState":0,"skippedProcessed":0,"skippedReply":0},"conversation":null,"flowId":null}
2026-08-06T08:32:56.398Z cycle-start {}
2026-08-06T08:32:56.756Z cycle-result {"status":"idle","diagnostic":{"url":"https://www.instagram.com/direct/inbox/","rows":1,"markers":0,"eligible":0,"skippedState":0,"skippedProcessed":0,"skippedReply":0},"conversation":null,"flowId":null}
2026-08-06T08:32:58.402Z cycle-start {}
2026-08-06T08:32:58.760Z cycle-result {"status":"idle","diagnostic":{"url":"https://www.instagram.com/direct/inbox/","rows":1,"markers":0,"eligible":0,"skippedState":0,"skippedProcessed":0,"skippedReply":0},"conversation":null,"flowId":null}
2026-08-06T08:33:00.410Z cycle-start {}
2026-08-06T08:33:00.769Z cycle-result {"status":"idle","diagnostic":{"url":"https://www.instagram.com/direct/inbox/","rows":1,"markers":0,"eligible":0,"skippedState":0,"skippedProcessed":0,"skippedReply":0},"conversation":null,"flowId":null}
2026-08-06T08:33:02.411Z cycle-start {}
2026-08-06T08:33:02.775Z cycle-result {"status":"idle","diagnostic":{"url":"https://www.instagram.com/direct/inbox/","rows":1,"markers":0,"eligible":0,"skippedState":0,"skippedProcessed":0,"skippedReply":0},"conversation":null,"flowId":null}
2026-08-06T08:33:04.423Z cycle-start {}
2026-08-06T08:33:04.781Z cycle-result {"status":"idle","diagnostic":{"url":"https://www.instagram.com/direct/inbox/","rows":1,"markers":0,"eligible":0,"skippedState":0,"skippedProcessed":0,"skippedReply":0},"conversation":null,"flowId":null}
2026-08-06T08:33:06.430Z cycle-start {}
2026-08-06T08:33:06.820Z cycle-result {"status":"idle","diagnostic":{"url":"https://www.instagram.com/direct/inbox/","rows":1,"markers":0,"eligible":0,"skippedState":0,"skippedProcessed":0,"skippedReply":0},"conversation":null,"flowId":null}
2026-08-06T08:33:08.441Z cycle-start {}
2026-08-06T08:33:08.804Z cycle-result {"status":"idle","diagnostic":{"url":"https://www.instagram.com/direct/inbox/","rows":1,"markers":0,"eligible":0,"skippedState":0,"skippedProcessed":0,"skippedReply":0},"conversation":null,"flowId":null}
2026-08-06T08:33:10.448Z cycle-start {}
2026-08-06T08:33:10.809Z cycle-result {"status":"idle","diagnostic":{"url":"https://www.instagram.com/direct/inbox/","rows":1,"markers":0,"eligible":0,"skippedState":0,"skippedProcessed":0,"skippedReply":0},"conversation":null,"flowId":null}
2026-08-06T08:33:12.459Z cycle-start {}
2026-08-06T08:33:12.821Z cycle-result {"status":"idle","diagnostic":{"url":"https://www.instagram.com/direct/inbox/","rows":1,"markers":0,"eligible":0,"skippedState":0,"skippedProcessed":0,"skippedReply":0},"conversation":null,"flowId":null}
2026-08-06T08:33:14.471Z cycle-start {}
2026-08-06T08:33:14.830Z cycle-result {"status":"idle","diagnostic":{"url":"https://www.instagram.com/direct/inbox/","rows":1,"markers":0,"eligible":0,"skippedState":0,"skippedProcessed":0,"skippedReply":0},"conversation":null,"flowId":null}
2026-08-06T08:33:16.479Z cycle-start {}
2026-08-06T08:33:16.837Z cycle-result {"status":"idle","diagnostic":{"url":"https://www.instagram.com/direct/inbox/","rows":1,"markers":0,"eligible":0,"skippedState":0,"skippedProcessed":0,"skippedReply":0},"conversation":null,"flowId":null}
2026-08-06T08:33:17.919Z config {"enabled":true,"hasText":true}
2026-08-06T08:33:17.922Z config {"enabled":true,"hasText":true}
2026-08-06T08:33:17.924Z config {"enabled":true,"hasText":true}
2026-08-06T08:33:18.492Z cycle-start {}
2026-08-06T08:33:18.854Z cycle-result {"status":"idle","diagnostic":{"url":"https://www.instagram.com/direct/inbox/","rows":1,"markers":0,"eligible":0,"skippedState":0,"skippedProcessed":0,"skippedReply":0},"conversation":null,"flowId":null}
2026-08-06T08:33:20.496Z cycle-start {}
2026-08-06T08:33:20.858Z cycle-result {"status":"idle","diagnostic":{"url":"https://www.instagram.com/direct/inbox/","rows":1,"markers":0,"eligible":0,"skippedState":0,"skippedProcessed":0,"skippedReply":0},"conversation":null,"flowId":null}
2026-08-06T08:33:22.502Z cycle-start {}
2026-08-06T08:33:22.862Z cycle-result {"status":"idle","diagnostic":{"url":"https://www.instagram.com/direct/inbox/","rows":1,"markers":0,"eligible":0,"skippedState":0,"skippedProcessed":0,"skippedReply":0},"conversation":null,"flowId":null}
2026-08-06T08:33:24.517Z cycle-start {}
2026-08-06T08:33:24.879Z cycle-result {"status":"idle","diagnostic":{"url":"https://www.instagram.com/direct/inbox/","rows":1,"markers":0,"eligible":0,"skippedState":0,"skippedProcessed":0,"skippedReply":0},"conversation":null,"flowId":null}
2026-08-06T08:33:26.532Z cycle-start {}
2026-08-06T08:33:26.891Z cycle-result {"status":"idle","diagnostic":{"url":"https://www.instagram.com/direct/inbox/","rows":1,"markers":0,"eligible":0,"skippedState":0,"skippedProcessed":0,"skippedReply":0},"conversation":null,"flowId":null}
2026-08-06T08:33:28.537Z cycle-start {}
2026-08-06T08:33:28.893Z cycle-result {"status":"idle","diagnostic":{"url":"https://www.instagram.com/direct/inbox/","rows":1,"markers":0,"eligible":0,"skippedState":0,"skippedProcessed":0,"skippedReply":0},"conversation":null,"flowId":null}
2026-08-06T08:33:30.543Z cycle-start {}
2026-08-06T08:33:30.908Z cycle-result {"status":"idle","diagnostic":{"url":"https://www.instagram.com/direct/inbox/","rows":1,"markers":0,"eligible":0,"skippedState":0,"skippedProcessed":0,"skippedReply":0},"conversation":null,"flowId":null}
2026-08-06T08:33:32.545Z cycle-start {}
2026-08-06T08:33:32.907Z cycle-result {"status":"idle","diagnostic":{"url":"https://www.instagram.com/direct/inbox/","rows":1,"markers":0,"eligible":0,"skippedState":0,"skippedProcessed":0,"skippedReply":0},"conversation":null,"flowId":null}
2026-08-06T08:33:34.556Z cycle-start {}
2026-08-06T08:33:34.818Z config {"enabled":true,"hasText":true}
2026-08-06T08:33:34.820Z config {"enabled":true,"hasText":true}
2026-08-06T08:33:34.836Z config {"enabled":true,"hasText":true}
2026-08-06T08:33:34.917Z cycle-result {"status":"idle","diagnostic":{"url":"https://www.instagram.com/direct/inbox/","rows":1,"markers":0,"eligible":0,"skippedState":0,"skippedProcessed":0,"skippedReply":0},"conversation":null,"flowId":null}
2026-08-06T08:33:36.564Z cycle-start {}
2026-08-06T08:33:36.919Z cycle-result {"status":"idle","diagnostic":{"url":"https://www.instagram.com/direct/inbox/","rows":1,"markers":0,"eligible":0,"skippedState":0,"skippedProcessed":0,"skippedReply":0},"conversation":null,"flowId":null}
2026-08-06T08:33:38.569Z cycle-start {}
2026-08-06T08:33:38.929Z cycle-result {"status":"idle","diagnostic":{"url":"https://www.instagram.com/direct/inbox/","rows":1,"markers":0,"eligible":0,"skippedState":0,"skippedProcessed":0,"skippedReply":0},"conversation":null,"flowId":null}
2026-08-06T08:33:40.573Z cycle-start {}
2026-08-06T08:33:40.928Z cycle-result {"status":"idle","diagnostic":{"url":"https://www.instagram.com/direct/inbox/","rows":1,"markers":0,"eligible":0,"skippedState":0,"skippedProcessed":0,"skippedReply":0},"conversation":null,"flowId":null}
2026-08-06T08:33:42.573Z cycle-start {}
2026-08-06T08:33:42.931Z cycle-result {"status":"idle","diagnostic":{"url":"https://www.instagram.com/direct/inbox/","rows":1,"markers":0,"eligible":0,"skippedState":0,"skippedProcessed":0,"skippedReply":0},"conversation":null,"flowId":null}
2026-08-06T08:33:44.576Z cycle-start {}
2026-08-06T08:33:44.937Z cycle-result {"status":"idle","diagnostic":{"url":"https://www.instagram.com/direct/inbox/","rows":1,"markers":0,"eligible":0,"skippedState":0,"skippedProcessed":0,"skippedReply":0},"conversation":null,"flowId":null}
2026-08-06T08:33:46.586Z cycle-start {}
2026-08-06T08:33:46.945Z cycle-result {"status":"idle","diagnostic":{"url":"https://www.instagram.com/direct/inbox/","rows":1,"markers":0,"eligible":0,"skippedState":0,"skippedProcessed":0,"skippedReply":0},"conversation":null,"flowId":null}
2026-08-06T08:33:48.596Z cycle-start {}
2026-08-06T08:33:48.956Z cycle-result {"status":"idle","diagnostic":{"url":"https://www.instagram.com/direct/inbox/","rows":1,"markers":0,"eligible":0,"skippedState":0,"skippedProcessed":0,"skippedReply":0},"conversation":null,"flowId":null}
2026-08-06T08:33:50.611Z cycle-start {}
2026-08-06T08:33:50.975Z cycle-result {"status":"idle","diagnostic":{"url":"https://www.instagram.com/direct/inbox/","rows":1,"markers":0,"eligible":0,"skippedState":0,"skippedProcessed":0,"skippedReply":0},"conversation":null,"flowId":null}
2026-08-06T08:33:52.624Z cycle-start {}
2026-08-06T08:33:52.982Z cycle-result {"status":"idle","diagnostic":{"url":"https://www.instagram.com/direct/inbox/","rows":1,"markers":0,"eligible":0,"skippedState":0,"skippedProcessed":0,"skippedReply":0},"conversation":null,"flowId":null}
2026-08-06T08:33:54.625Z cycle-start {}
2026-08-06T08:33:54.994Z cycle-result {"status":"idle","diagnostic":{"url":"https://www.instagram.com/direct/inbox/","rows":1,"markers":0,"eligible":0,"skippedState":0,"skippedProcessed":0,"skippedReply":0},"conversation":null,"flowId":null}
2026-08-06T08:33:56.636Z cycle-start {}
2026-08-06T08:33:57.003Z cycle-result {"status":"idle","diagnostic":{"url":"https://www.instagram.com/direct/inbox/","rows":1,"markers":0,"eligible":0,"skippedState":0,"skippedProcessed":0,"skippedReply":0},"conversation":null,"flowId":null}
2026-08-06T08:33:58.644Z cycle-start {}
2026-08-06T08:33:59.007Z cycle-result {"status":"idle","diagnostic":{"url":"https://www.instagram.com/direct/inbox/","rows":1,"markers":0,"eligible":0,"skippedState":0,"skippedProcessed":0,"skippedReply":0},"conversation":null,"flowId":null}
2026-08-06T08:34:00.646Z cycle-start {}
2026-08-06T08:34:01.008Z cycle-result {"status":"idle","diagnostic":{"url":"https://www.instagram.com/direct/inbox/","rows":1,"markers":0,"eligible":0,"skippedState":0,"skippedProcessed":0,"skippedReply":0},"conversation":null,"flowId":null}
2026-08-06T08:34:02.659Z cycle-start {}
2026-08-06T08:34:03.014Z cycle-result {"status":"idle","diagnostic":{"url":"https://www.instagram.com/direct/inbox/","rows":1,"markers":0,"eligible":0,"skippedState":0,"skippedProcessed":0,"skippedReply":0},"conversation":null,"flowId":null}
2026-08-06T08:34:04.671Z cycle-start {}
2026-08-06T08:34:05.031Z cycle-result {"status":"idle","diagnostic":{"url":"https://www.instagram.com/direct/inbox/","rows":1,"markers":0,"eligible":0,"skippedState":0,"skippedProcessed":0,"skippedReply":0},"conversation":null,"flowId":null}
2026-08-06T08:34:06.682Z cycle-start {}
2026-08-06T08:34:07.042Z cycle-result {"status":"idle","diagnostic":{"url":"https://www.instagram.com/direct/inbox/","rows":1,"markers":0,"eligible":0,"skippedState":0,"skippedProcessed":0,"skippedReply":0},"conversation":null,"flowId":null}
2026-08-06T08:34:08.697Z cycle-start {}
2026-08-06T08:34:09.056Z cycle-result {"status":"idle","diagnostic":{"url":"https://www.instagram.com/direct/inbox/","rows":1,"markers":0,"eligible":0,"skippedState":0,"skippedProcessed":0,"skippedReply":0},"conversation":null,"flowId":null}
2026-08-06T08:34:10.707Z cycle-start {}
2026-08-06T08:34:11.066Z cycle-result {"status":"idle","diagnostic":{"url":"https://www.instagram.com/direct/inbox/","rows":1,"markers":0,"eligible":0,"skippedState":0,"skippedProcessed":0,"skippedReply":0},"conversation":null,"flowId":null}
2026-08-06T08:34:12.717Z cycle-start {}
2026-08-06T08:34:13.075Z cycle-result {"status":"idle","diagnostic":{"url":"https://www.instagram.com/direct/inbox/","rows":1,"markers":0,"eligible":0,"skippedState":0,"skippedProcessed":0,"skippedReply":0},"conversation":null,"flowId":null}
2026-08-06T08:34:14.724Z cycle-start {}
2026-08-06T08:34:15.084Z cycle-result {"status":"idle","diagnostic":{"url":"https://www.instagram.com/direct/inbox/","rows":1,"markers":0,"eligible":0,"skippedState":0,"skippedProcessed":0,"skippedReply":0},"conversation":null,"flowId":null}
2026-08-06T08:34:16.731Z cycle-start {}
2026-08-06T08:34:17.089Z cycle-result {"status":"idle","diagnostic":{"url":"https://www.instagram.com/direct/inbox/","rows":1,"markers":0,"eligible":0,"skippedState":0,"skippedProcessed":0,"skippedReply":0},"conversation":null,"flowId":null}
2026-08-06T08:34:18.741Z cycle-start {}
2026-08-06T08:34:19.100Z cycle-result {"status":"idle","diagnostic":{"url":"https://www.instagram.com/direct/inbox/","rows":1,"markers":0,"eligible":0,"skippedState":0,"skippedProcessed":0,"skippedReply":0},"conversation":null,"flowId":null}
2026-08-06T08:34:20.741Z cycle-start {}
2026-08-06T08:34:21.102Z cycle-result {"status":"idle","diagnostic":{"url":"https://www.instagram.com/direct/inbox/","rows":1,"markers":0,"eligible":0,"skippedState":0,"skippedProcessed":0,"skippedReply":0},"conversation":null,"flowId":null}
2026-08-06T08:34:22.752Z cycle-start {}
2026-08-06T08:34:23.110Z cycle-result {"status":"idle","diagnostic":{"url":"https://www.instagram.com/direct/inbox/","rows":1,"markers":0,"eligible":0,"skippedState":0,"skippedProcessed":0,"skippedReply":0},"conversation":null,"flowId":null}
2026-08-06T08:34:24.757Z cycle-start {}
2026-08-06T08:34:25.115Z cycle-result {"status":"idle","diagnostic":{"url":"https://www.instagram.com/direct/inbox/","rows":1,"markers":0,"eligible":0,"skippedState":0,"skippedProcessed":0,"skippedReply":0},"conversation":null,"flowId":null}
2026-08-06T08:34:26.768Z cycle-start {}
2026-08-06T08:34:27.128Z cycle-result {"status":"idle","diagnostic":{"url":"https://www.instagram.com/direct/inbox/","rows":1,"markers":0,"eligible":0,"skippedState":0,"skippedProcessed":0,"skippedReply":0},"conversation":null,"flowId":null}
2026-08-06T08:34:28.772Z cycle-start {}
2026-08-06T08:34:29.134Z cycle-result {"status":"idle","diagnostic":{"url":"https://www.instagram.com/direct/inbox/","rows":1,"markers":0,"eligible":0,"skippedState":0,"skippedProcessed":0,"skippedReply":0},"conversation":null,"flowId":null}
2026-08-06T08:34:30.783Z cycle-start {}
2026-08-06T08:34:31.143Z cycle-result {"status":"idle","diagnostic":{"url":"https://www.instagram.com/direct/inbox/","rows":1,"markers":0,"eligible":0,"skippedState":0,"skippedProcessed":0,"skippedReply":0},"conversation":null,"flowId":null}
2026-08-06T08:34:32.789Z cycle-start {}
2026-08-06T08:34:33.148Z cycle-result {"status":"idle","diagnostic":{"url":"https://www.instagram.com/direct/inbox/","rows":1,"markers":0,"eligible":0,"skippedState":0,"skippedProcessed":0,"skippedReply":0},"conversation":null,"flowId":null}
2026-08-06T08:34:34.792Z cycle-start {}
2026-08-06T08:34:35.144Z cycle-result {"status":"idle","diagnostic":{"url":"https://www.instagram.com/direct/inbox/","rows":1,"markers":0,"eligible":0,"skippedState":0,"skippedProcessed":0,"skippedReply":0},"conversation":null,"flowId":null}
2026-08-06T08:34:36.793Z cycle-start {}
2026-08-06T08:34:37.148Z cycle-result {"status":"idle","diagnostic":{"url":"https://www.instagram.com/direct/inbox/","rows":1,"markers":0,"eligible":0,"skippedState":0,"skippedProcessed":0,"skippedReply":0},"conversation":null,"flowId":null}
2026-08-06T08:34:38.794Z cycle-start {}
2026-08-06T08:34:39.151Z cycle-result {"status":"idle","diagnostic":{"url":"https://www.instagram.com/direct/inbox/","rows":1,"markers":0,"eligible":0,"skippedState":0,"skippedProcessed":0,"skippedReply":0},"conversation":null,"flowId":null}
2026-08-06T08:34:40.802Z cycle-start {}
2026-08-06T08:34:41.157Z cycle-result {"status":"idle","diagnostic":{"url":"https://www.instagram.com/direct/inbox/","rows":1,"markers":0,"eligible":0,"skippedState":0,"skippedProcessed":0,"skippedReply":0},"conversation":null,"flowId":null}
2026-08-06T08:34:42.808Z cycle-start {}
2026-08-06T08:34:43.161Z cycle-result {"status":"idle","diagnostic":{"url":"https://www.instagram.com/direct/inbox/","rows":1,"markers":0,"eligible":0,"skippedState":0,"skippedProcessed":0,"skippedReply":0},"conversation":null,"flowId":null}
2026-08-06T08:34:44.819Z cycle-start {}
2026-08-06T08:34:45.185Z cycle-result {"status":"idle","diagnostic":{"url":"https://www.instagram.com/direct/inbox/","rows":1,"markers":0,"eligible":0,"skippedState":0,"skippedProcessed":0,"skippedReply":0},"conversation":null,"flowId":null}
2026-08-06T08:34:46.821Z cycle-start {}
2026-08-06T08:34:47.178Z cycle-result {"status":"idle","diagnostic":{"url":"https://www.instagram.com/direct/inbox/","rows":1,"markers":0,"eligible":0,"skippedState":0,"skippedProcessed":0,"skippedReply":0},"conversation":null,"flowId":null}
2026-08-06T08:34:48.826Z cycle-start {}
2026-08-06T08:34:49.186Z cycle-result {"status":"idle","diagnostic":{"url":"https://www.instagram.com/direct/inbox/","rows":1,"markers":0,"eligible":0,"skippedState":0,"skippedProcessed":0,"skippedReply":0},"conversation":null,"flowId":null}
2026-08-06T08:34:50.840Z cycle-start {}
2026-08-06T08:34:51.199Z cycle-result {"status":"idle","diagnostic":{"url":"https://www.instagram.com/direct/inbox/","rows":1,"markers":0,"eligible":0,"skippedState":0,"skippedProcessed":0,"skippedReply":0},"conversation":null,"flowId":null}
2026-08-06T08:34:52.854Z cycle-start {}
2026-08-06T08:34:53.214Z cycle-result {"status":"idle","diagnostic":{"url":"https://www.instagram.com/direct/inbox/","rows":1,"markers":0,"eligible":0,"skippedState":0,"skippedProcessed":0,"skippedReply":0},"conversation":null,"flowId":null}
2026-08-06T08:34:54.867Z cycle-start {}
2026-08-06T08:34:55.229Z cycle-result {"status":"idle","diagnostic":{"url":"https://www.instagram.com/direct/inbox/","rows":1,"markers":0,"eligible":0,"skippedState":0,"skippedProcessed":0,"skippedReply":0},"conversation":null,"flowId":null}
2026-08-06T08:34:56.881Z cycle-start {}
2026-08-06T08:34:57.241Z cycle-result {"status":"idle","diagnostic":{"url":"https://www.instagram.com/direct/inbox/","rows":1,"markers":0,"eligible":0,"skippedState":0,"skippedProcessed":0,"skippedReply":0},"conversation":null,"flowId":null}
2026-08-06T08:34:58.882Z cycle-start {}
2026-08-06T08:34:59.241Z cycle-result {"status":"idle","diagnostic":{"url":"https://www.instagram.com/direct/inbox/","rows":1,"markers":0,"eligible":0,"skippedState":0,"skippedProcessed":0,"skippedReply":0},"conversation":null,"flowId":null}
2026-08-06T08:35:00.892Z cycle-start {}
2026-08-06T08:35:01.251Z cycle-result {"status":"idle","diagnostic":{"url":"https://www.instagram.com/direct/inbox/","rows":1,"markers":0,"eligible":0,"skippedState":0,"skippedProcessed":0,"skippedReply":0},"conversation":null,"flowId":null}
2026-08-06T08:35:02.902Z cycle-start {}
2026-08-06T08:35:03.262Z cycle-result {"status":"idle","diagnostic":{"url":"https://www.instagram.com/direct/inbox/","rows":1,"markers":0,"eligible":0,"skippedState":0,"skippedProcessed":0,"skippedReply":0},"conversation":null,"flowId":null}
2026-08-06T08:35:04.913Z cycle-start {}
2026-08-06T08:35:05.276Z cycle-result {"status":"idle","diagnostic":{"url":"https://www.instagram.com/direct/inbox/","rows":1,"markers":0,"eligible":0,"skippedState":0,"skippedProcessed":0,"skippedReply":0},"conversation":null,"flowId":null}
2026-08-06T08:35:06.914Z cycle-start {}
2026-08-06T08:35:07.276Z cycle-result {"status":"idle","diagnostic":{"url":"https://www.instagram.com/direct/inbox/","rows":1,"markers":0,"eligible":0,"skippedState":0,"skippedProcessed":0,"skippedReply":0},"conversation":null,"flowId":null}
2026-08-06T08:35:11.952Z config {"enabled":true,"hasText":true}
2026-08-06T08:35:11.955Z cycle-start {}
2026-08-06T08:35:11.959Z probe-load {"url":"https://www.instagram.com/direct/inbox/"}
2026-08-06T08:35:12.080Z config {"enabled":true,"hasText":true}
2026-08-06T08:35:13.607Z config {"enabled":true,"hasText":true}
2026-08-06T08:35:13.956Z cycle-result {"status":"idle","diagnostic":{"url":"https://www.instagram.com/direct/inbox/","rows":1,"markers":0,"eligible":0,"skippedState":0,"skippedProcessed":0,"skippedReply":0},"conversation":null,"flowId":null}
2026-08-06T08:35:15.720Z config {"enabled":true,"hasText":true}
2026-08-06T08:35:15.961Z cycle-start {}
2026-08-06T08:35:16.324Z cycle-result {"status":"idle","diagnostic":{"url":"https://www.instagram.com/direct/inbox/","rows":1,"markers":0,"eligible":0,"skippedState":0,"skippedProcessed":0,"skippedReply":0},"conversation":null,"flowId":null}
2026-08-06T08:35:17.972Z cycle-start {}
2026-08-06T08:35:18.330Z cycle-result {"status":"idle","diagnostic":{"url":"https://www.instagram.com/direct/inbox/","rows":1,"markers":0,"eligible":0,"skippedState":0,"skippedProcessed":0,"skippedReply":0},"conversation":null,"flowId":null}
2026-08-06T08:35:19.977Z cycle-start {}
2026-08-06T08:35:20.334Z cycle-result {"status":"idle","diagnostic":{"url":"https://www.instagram.com/direct/inbox/","rows":1,"markers":0,"eligible":0,"skippedState":0,"skippedProcessed":0,"skippedReply":0},"conversation":null,"flowId":null}
2026-08-06T08:35:21.987Z cycle-start {}
2026-08-06T08:35:22.345Z cycle-result {"status":"idle","diagnostic":{"url":"https://www.instagram.com/direct/inbox/","rows":1,"markers":0,"eligible":0,"skippedState":0,"skippedProcessed":0,"skippedReply":0},"conversation":null,"flowId":null}
2026-08-06T08:35:23.994Z cycle-start {}
2026-08-06T08:35:24.353Z cycle-result {"status":"idle","diagnostic":{"url":"https://www.instagram.com/direct/inbox/","rows":1,"markers":0,"eligible":0,"skippedState":0,"skippedProcessed":0,"skippedReply":0},"conversation":null,"flowId":null}
2026-08-06T08:35:26.007Z cycle-start {}
2026-08-06T08:35:26.362Z cycle-result {"status":"idle","diagnostic":{"url":"https://www.instagram.com/direct/inbox/","rows":1,"markers":0,"eligible":0,"skippedState":0,"skippedProcessed":0,"skippedReply":0},"conversation":null,"flowId":null}
2026-08-06T08:35:28.008Z cycle-start {}
2026-08-06T08:35:28.369Z cycle-result {"status":"idle","diagnostic":{"url":"https://www.instagram.com/direct/inbox/","rows":1,"markers":0,"eligible":0,"skippedState":0,"skippedProcessed":0,"skippedReply":0},"conversation":null,"flowId":null}
2026-08-06T08:35:30.016Z cycle-start {}
2026-08-06T08:35:30.374Z cycle-result {"status":"idle","diagnostic":{"url":"https://www.instagram.com/direct/inbox/","rows":1,"markers":0,"eligible":0,"skippedState":0,"skippedProcessed":0,"skippedReply":0},"conversation":null,"flowId":null}
2026-08-06T08:35:32.026Z cycle-start {}
2026-08-06T08:35:32.393Z cycle-result {"status":"idle","diagnostic":{"url":"https://www.instagram.com/direct/inbox/","rows":1,"markers":0,"eligible":0,"skippedState":0,"skippedProcessed":0,"skippedReply":0},"conversation":null,"flowId":null}
2026-08-06T08:35:34.042Z cycle-start {}
2026-08-06T08:35:34.397Z cycle-result {"status":"idle","diagnostic":{"url":"https://www.instagram.com/direct/inbox/","rows":1,"markers":0,"eligible":0,"skippedState":0,"skippedProcessed":0,"skippedReply":0},"conversation":null,"flowId":null}
2026-08-06T08:35:36.057Z cycle-start {}
2026-08-06T08:35:36.419Z cycle-result {"status":"idle","diagnostic":{"url":"https://www.instagram.com/direct/inbox/","rows":1,"markers":0,"eligible":0,"skippedState":0,"skippedProcessed":0,"skippedReply":0},"conversation":null,"flowId":null}
2026-08-06T08:35:38.066Z cycle-start {}
2026-08-06T08:35:38.433Z cycle-result {"status":"idle","diagnostic":{"url":"https://www.instagram.com/direct/inbox/","rows":1,"markers":0,"eligible":0,"skippedState":0,"skippedProcessed":0,"skippedReply":0},"conversation":null,"flowId":null}
2026-08-06T08:35:40.072Z cycle-start {}
2026-08-06T08:35:40.429Z cycle-result {"status":"idle","diagnostic":{"url":"https://www.instagram.com/direct/inbox/","rows":1,"markers":0,"eligible":0,"skippedState":0,"skippedProcessed":0,"skippedReply":0},"conversation":null,"flowId":null}
2026-08-06T08:35:42.077Z cycle-start {}
2026-08-06T08:35:42.436Z cycle-result {"status":"idle","diagnostic":{"url":"https://www.instagram.com/direct/inbox/","rows":1,"markers":0,"eligible":0,"skippedState":0,"skippedProcessed":0,"skippedReply":0},"conversation":null,"flowId":null}
2026-08-06T08:35:44.092Z cycle-start {}
2026-08-06T08:35:44.451Z cycle-result {"status":"idle","diagnostic":{"url":"https://www.instagram.com/direct/inbox/","rows":1,"markers":0,"eligible":0,"skippedState":0,"skippedProcessed":0,"skippedReply":0},"conversation":null,"flowId":null}
2026-08-06T08:35:46.098Z cycle-start {}
2026-08-06T08:35:46.458Z cycle-result {"status":"idle","diagnostic":{"url":"https://www.instagram.com/direct/inbox/","rows":1,"markers":0,"eligible":0,"skippedState":0,"skippedProcessed":0,"skippedReply":0},"conversation":null,"flowId":null}
2026-08-06T08:35:48.110Z cycle-start {}
2026-08-06T08:35:48.471Z cycle-result {"status":"idle","diagnostic":{"url":"https://www.instagram.com/direct/inbox/","rows":1,"markers":0,"eligible":0,"skippedState":0,"skippedProcessed":0,"skippedReply":0},"conversation":null,"flowId":null}
2026-08-06T08:35:50.116Z cycle-start {}
2026-08-06T08:35:50.478Z cycle-result {"status":"idle","diagnostic":{"url":"https://www.instagram.com/direct/inbox/","rows":1,"markers":0,"eligible":0,"skippedState":0,"skippedProcessed":0,"skippedReply":0},"conversation":null,"flowId":null}
2026-08-06T08:35:52.129Z cycle-start {}
2026-08-06T08:35:52.487Z cycle-result {"status":"idle","diagnostic":{"url":"https://www.instagram.com/direct/inbox/","rows":1,"markers":0,"eligible":0,"skippedState":0,"skippedProcessed":0,"skippedReply":0},"conversation":null,"flowId":null}
2026-08-06T08:35:54.137Z cycle-start {}
2026-08-06T08:35:54.495Z cycle-result {"status":"idle","diagnostic":{"url":"https://www.instagram.com/direct/inbox/","rows":1,"markers":0,"eligible":0,"skippedState":0,"skippedProcessed":0,"skippedReply":0},"conversation":null,"flowId":null}
2026-08-06T08:35:56.144Z cycle-start {}
2026-08-06T08:35:56.500Z cycle-result {"status":"idle","diagnostic":{"url":"https://www.instagram.com/direct/inbox/","rows":1,"markers":0,"eligible":0,"skippedState":0,"skippedProcessed":0,"skippedReply":0},"conversation":null,"flowId":null}
2026-08-06T08:35:58.155Z cycle-start {}
2026-08-06T08:35:58.516Z cycle-result {"status":"idle","diagnostic":{"url":"https://www.instagram.com/direct/inbox/","rows":1,"markers":0,"eligible":0,"skippedState":0,"skippedProcessed":0,"skippedReply":0},"conversation":null,"flowId":null}
2026-08-06T08:36:00.157Z cycle-start {}
2026-08-06T08:36:00.516Z cycle-result {"status":"idle","diagnostic":{"url":"https://www.instagram.com/direct/inbox/","rows":1,"markers":0,"eligible":0,"skippedState":0,"skippedProcessed":0,"skippedReply":0},"conversation":null,"flowId":null}
2026-08-06T08:36:02.169Z cycle-start {}
2026-08-06T08:36:02.521Z cycle-result {"status":"idle","diagnostic":{"url":"https://www.instagram.com/direct/inbox/","rows":1,"markers":0,"eligible":0,"skippedState":0,"skippedProcessed":0,"skippedReply":0},"conversation":null,"flowId":null}
2026-08-06T08:36:04.171Z cycle-start {}
2026-08-06T08:36:04.536Z cycle-result {"status":"idle","diagnostic":{"url":"https://www.instagram.com/direct/inbox/","rows":1,"markers":0,"eligible":0,"skippedState":0,"skippedProcessed":0,"skippedReply":0},"conversation":null,"flowId":null}
2026-08-06T08:36:06.175Z cycle-start {}
2026-08-06T08:36:06.531Z cycle-result {"status":"idle","diagnostic":{"url":"https://www.instagram.com/direct/inbox/","rows":1,"markers":0,"eligible":0,"skippedState":0,"skippedProcessed":0,"skippedReply":0},"conversation":null,"flowId":null}
2026-08-06T08:36:08.188Z cycle-start {}
2026-08-06T08:36:08.553Z cycle-result {"status":"idle","diagnostic":{"url":"https://www.instagram.com/direct/inbox/","rows":1,"markers":0,"eligible":0,"skippedState":0,"skippedProcessed":0,"skippedReply":0},"conversation":null,"flowId":null}
2026-08-06T08:36:10.197Z cycle-start {}
2026-08-06T08:36:10.555Z cycle-result {"status":"idle","diagnostic":{"url":"https://www.instagram.com/direct/inbox/","rows":1,"markers":0,"eligible":0,"skippedState":0,"skippedProcessed":0,"skippedReply":0},"conversation":null,"flowId":null}
2026-08-06T08:36:12.207Z cycle-start {}
2026-08-06T08:36:12.576Z cycle-result {"status":"idle","diagnostic":{"url":"https://www.instagram.com/direct/inbox/","rows":1,"markers":0,"eligible":0,"skippedState":0,"skippedProcessed":0,"skippedReply":0},"conversation":null,"flowId":null}
2026-08-06T08:36:14.219Z cycle-start {}
2026-08-06T08:36:14.573Z cycle-result {"status":"idle","diagnostic":{"url":"https://www.instagram.com/direct/inbox/","rows":1,"markers":0,"eligible":0,"skippedState":0,"skippedProcessed":0,"skippedReply":0},"conversation":null,"flowId":null}
2026-08-06T08:36:16.221Z cycle-start {}
2026-08-06T08:36:16.581Z cycle-result {"status":"idle","diagnostic":{"url":"https://www.instagram.com/direct/inbox/","rows":1,"markers":0,"eligible":0,"skippedState":0,"skippedProcessed":0,"skippedReply":0},"conversation":null,"flowId":null}
2026-08-06T08:36:18.233Z cycle-start {}
2026-08-06T08:36:18.588Z cycle-result {"status":"idle","diagnostic":{"url":"https://www.instagram.com/direct/inbox/","rows":1,"markers":0,"eligible":0,"skippedState":0,"skippedProcessed":0,"skippedReply":0},"conversation":null,"flowId":null}
2026-08-06T08:36:20.238Z cycle-start {}
2026-08-06T08:36:20.598Z cycle-result {"status":"idle","diagnostic":{"url":"https://www.instagram.com/direct/inbox/","rows":1,"markers":0,"eligible":0,"skippedState":0,"skippedProcessed":0,"skippedReply":0},"conversation":null,"flowId":null}
2026-08-06T08:36:22.251Z cycle-start {}
2026-08-06T08:36:22.606Z cycle-result {"status":"idle","diagnostic":{"url":"https://www.instagram.com/direct/inbox/","rows":1,"markers":0,"eligible":0,"skippedState":0,"skippedProcessed":0,"skippedReply":0},"conversation":null,"flowId":null}
2026-08-06T08:36:24.257Z cycle-start {}
2026-08-06T08:36:24.611Z cycle-result {"status":"idle","diagnostic":{"url":"https://www.instagram.com/direct/inbox/","rows":1,"markers":0,"eligible":0,"skippedState":0,"skippedProcessed":0,"skippedReply":0},"conversation":null,"flowId":null}
2026-08-06T08:36:26.269Z cycle-start {}
2026-08-06T08:36:26.632Z cycle-result {"status":"idle","diagnostic":{"url":"https://www.instagram.com/direct/inbox/","rows":1,"markers":0,"eligible":0,"skippedState":0,"skippedProcessed":0,"skippedReply":0},"conversation":null,"flowId":null}
2026-08-06T08:36:28.273Z cycle-start {}
2026-08-06T08:36:28.628Z cycle-result {"status":"idle","diagnostic":{"url":"https://www.instagram.com/direct/inbox/","rows":1,"markers":0,"eligible":0,"skippedState":0,"skippedProcessed":0,"skippedReply":0},"conversation":null,"flowId":null}
2026-08-06T08:36:30.288Z cycle-start {}
2026-08-06T08:36:30.643Z cycle-result {"status":"idle","diagnostic":{"url":"https://www.instagram.com/direct/inbox/","rows":1,"markers":0,"eligible":0,"skippedState":0,"skippedProcessed":0,"skippedReply":0},"conversation":null,"flowId":null}
2026-08-06T08:36:32.302Z cycle-start {}
2026-08-06T08:36:32.658Z cycle-result {"status":"idle","diagnostic":{"url":"https://www.instagram.com/direct/inbox/","rows":1,"markers":0,"eligible":0,"skippedState":0,"skippedProcessed":0,"skippedReply":0},"conversation":null,"flowId":null}
2026-08-06T08:36:34.303Z cycle-start {}
2026-08-06T08:36:34.663Z cycle-result {"status":"idle","diagnostic":{"url":"https://www.instagram.com/direct/inbox/","rows":1,"markers":0,"eligible":0,"skippedState":0,"skippedProcessed":0,"skippedReply":0},"conversation":null,"flowId":null}
2026-08-06T08:36:36.312Z cycle-start {}
2026-08-06T08:36:36.666Z cycle-result {"status":"idle","diagnostic":{"url":"https://www.instagram.com/direct/inbox/","rows":1,"markers":0,"eligible":0,"skippedState":0,"skippedProcessed":0,"skippedReply":0},"conversation":null,"flowId":null}
2026-08-06T08:36:38.324Z cycle-start {}
2026-08-06T08:36:38.678Z cycle-result {"status":"idle","diagnostic":{"url":"https://www.instagram.com/direct/inbox/","rows":1,"markers":0,"eligible":0,"skippedState":0,"skippedProcessed":0,"skippedReply":0},"conversation":null,"flowId":null}
2026-08-06T08:36:40.324Z cycle-start {}
2026-08-06T08:36:40.688Z cycle-result {"status":"idle","diagnostic":{"url":"https://www.instagram.com/direct/inbox/","rows":1,"markers":0,"eligible":0,"skippedState":0,"skippedProcessed":0,"skippedReply":0},"conversation":null,"flowId":null}
2026-08-06T08:36:42.334Z cycle-start {}
2026-08-06T08:36:42.700Z cycle-result {"status":"idle","diagnostic":{"url":"https://www.instagram.com/direct/inbox/","rows":1,"markers":0,"eligible":0,"skippedState":0,"skippedProcessed":0,"skippedReply":0},"conversation":null,"flowId":null}
2026-08-06T08:36:44.347Z cycle-start {}
2026-08-06T08:36:44.707Z cycle-result {"status":"idle","diagnostic":{"url":"https://www.instagram.com/direct/inbox/","rows":1,"markers":0,"eligible":0,"skippedState":0,"skippedProcessed":0,"skippedReply":0},"conversation":null,"flowId":null}
2026-08-06T08:36:46.356Z cycle-start {}
2026-08-06T08:36:46.713Z cycle-result {"status":"idle","diagnostic":{"url":"https://www.instagram.com/direct/inbox/","rows":1,"markers":0,"eligible":0,"skippedState":0,"skippedProcessed":0,"skippedReply":0},"conversation":null,"flowId":null}
2026-08-06T08:36:48.359Z cycle-start {}
2026-08-06T08:36:48.726Z cycle-result {"status":"idle","diagnostic":{"url":"https://www.instagram.com/direct/inbox/","rows":1,"markers":0,"eligible":0,"skippedState":0,"skippedProcessed":0,"skippedReply":0},"conversation":null,"flowId":null}
2026-08-06T08:36:50.363Z cycle-start {}
2026-08-06T08:36:50.718Z cycle-result {"status":"idle","diagnostic":{"url":"https://www.instagram.com/direct/inbox/","rows":1,"markers":0,"eligible":0,"skippedState":0,"skippedProcessed":0,"skippedReply":0},"conversation":null,"flowId":null}
2026-08-06T08:36:52.375Z cycle-start {}
2026-08-06T08:36:52.731Z cycle-result {"status":"idle","diagnostic":{"url":"https://www.instagram.com/direct/inbox/","rows":1,"markers":0,"eligible":0,"skippedState":0,"skippedProcessed":0,"skippedReply":0},"conversation":null,"flowId":null}
2026-08-06T08:36:54.379Z cycle-start {}
2026-08-06T08:36:54.732Z cycle-result {"status":"idle","diagnostic":{"url":"https://www.instagram.com/direct/inbox/","rows":1,"markers":0,"eligible":0,"skippedState":0,"skippedProcessed":0,"skippedReply":0},"conversation":null,"flowId":null}
2026-08-06T08:36:56.388Z cycle-start {}
2026-08-06T08:36:56.749Z cycle-result {"status":"idle","diagnostic":{"url":"https://www.instagram.com/direct/inbox/","rows":1,"markers":0,"eligible":0,"skippedState":0,"skippedProcessed":0,"skippedReply":0},"conversation":null,"flowId":null}
2026-08-06T08:36:58.399Z cycle-start {}
2026-08-06T08:36:58.764Z cycle-result {"status":"idle","diagnostic":{"url":"https://www.instagram.com/direct/inbox/","rows":1,"markers":0,"eligible":0,"skippedState":0,"skippedProcessed":0,"skippedReply":0},"conversation":null,"flowId":null}
2026-08-06T08:37:00.408Z cycle-start {}
2026-08-06T08:37:00.761Z cycle-result {"status":"idle","diagnostic":{"url":"https://www.instagram.com/direct/inbox/","rows":1,"markers":0,"eligible":0,"skippedState":0,"skippedProcessed":0,"skippedReply":0},"conversation":null,"flowId":null}
2026-08-06T08:37:02.416Z cycle-start {}
2026-08-06T08:37:02.770Z cycle-result {"status":"idle","diagnostic":{"url":"https://www.instagram.com/direct/inbox/","rows":1,"markers":0,"eligible":0,"skippedState":0,"skippedProcessed":0,"skippedReply":0},"conversation":null,"flowId":null}
2026-08-06T08:37:04.422Z cycle-start {}
2026-08-06T08:37:04.783Z cycle-result {"status":"idle","diagnostic":{"url":"https://www.instagram.com/direct/inbox/","rows":1,"markers":0,"eligible":0,"skippedState":0,"skippedProcessed":0,"skippedReply":0},"conversation":null,"flowId":null}
2026-08-06T08:37:06.429Z cycle-start {}
2026-08-06T08:37:06.787Z cycle-result {"status":"idle","diagnostic":{"url":"https://www.instagram.com/direct/inbox/","rows":1,"markers":0,"eligible":0,"skippedState":0,"skippedProcessed":0,"skippedReply":0},"conversation":null,"flowId":null}
2026-08-06T08:37:08.437Z cycle-start {}
2026-08-06T08:37:08.791Z cycle-result {"status":"idle","diagnostic":{"url":"https://www.instagram.com/direct/inbox/","rows":1,"markers":0,"eligible":0,"skippedState":0,"skippedProcessed":0,"skippedReply":0},"conversation":null,"flowId":null}
2026-08-06T08:37:10.438Z cycle-start {}
2026-08-06T08:37:10.802Z cycle-result {"status":"idle","diagnostic":{"url":"https://www.instagram.com/direct/inbox/","rows":1,"markers":0,"eligible":0,"skippedState":0,"skippedProcessed":0,"skippedReply":0},"conversation":null,"flowId":null}
2026-08-06T08:37:12.447Z cycle-start {}
2026-08-06T08:37:12.800Z cycle-result {"status":"idle","diagnostic":{"url":"https://www.instagram.com/direct/inbox/","rows":1,"markers":0,"eligible":0,"skippedState":0,"skippedProcessed":0,"skippedReply":0},"conversation":null,"flowId":null}
2026-08-06T08:37:14.457Z cycle-start {}
2026-08-06T08:37:14.813Z cycle-result {"status":"idle","diagnostic":{"url":"https://www.instagram.com/direct/inbox/","rows":1,"markers":0,"eligible":0,"skippedState":0,"skippedProcessed":0,"skippedReply":0},"conversation":null,"flowId":null}
2026-08-06T08:37:16.461Z cycle-start {}
2026-08-06T08:37:16.814Z cycle-result {"status":"idle","diagnostic":{"url":"https://www.instagram.com/direct/inbox/","rows":1,"markers":0,"eligible":0,"skippedState":0,"skippedProcessed":0,"skippedReply":0},"conversation":null,"flowId":null}
2026-08-06T08:37:18.463Z cycle-start {}
2026-08-06T08:37:18.818Z cycle-result {"status":"idle","diagnostic":{"url":"https://www.instagram.com/direct/inbox/","rows":1,"markers":0,"eligible":0,"skippedState":0,"skippedProcessed":0,"skippedReply":0},"conversation":null,"flowId":null}
2026-08-06T08:37:20.470Z cycle-start {}
2026-08-06T08:37:20.826Z cycle-result {"status":"idle","diagnostic":{"url":"https://www.instagram.com/direct/inbox/","rows":1,"markers":0,"eligible":0,"skippedState":0,"skippedProcessed":0,"skippedReply":0},"conversation":null,"flowId":null}
2026-08-06T08:37:22.488Z cycle-start {}
2026-08-06T08:37:22.844Z cycle-result {"status":"idle","diagnostic":{"url":"https://www.instagram.com/direct/inbox/","rows":1,"markers":0,"eligible":0,"skippedState":0,"skippedProcessed":0,"skippedReply":0},"conversation":null,"flowId":null}
2026-08-06T08:37:24.490Z cycle-start {}
2026-08-06T08:37:24.852Z cycle-result {"status":"idle","diagnostic":{"url":"https://www.instagram.com/direct/inbox/","rows":1,"markers":0,"eligible":0,"skippedState":0,"skippedProcessed":0,"skippedReply":0},"conversation":null,"flowId":null}
2026-08-06T08:37:26.493Z cycle-start {}
2026-08-06T08:37:26.850Z cycle-result {"status":"idle","diagnostic":{"url":"https://www.instagram.com/direct/inbox/","rows":1,"markers":0,"eligible":0,"skippedState":0,"skippedProcessed":0,"skippedReply":0},"conversation":null,"flowId":null}
2026-08-06T08:37:27.373Z config {"enabled":true,"hasText":true}
2026-08-06T08:37:27.376Z config {"enabled":true,"hasText":true}
2026-08-06T08:37:27.391Z config {"enabled":true,"hasText":true}
2026-08-06T08:37:28.508Z cycle-start {}
2026-08-06T08:37:28.865Z cycle-result {"status":"idle","diagnostic":{"url":"https://www.instagram.com/direct/inbox/","rows":1,"markers":0,"eligible":0,"skippedState":0,"skippedProcessed":0,"skippedReply":0},"conversation":null,"flowId":null}
2026-08-06T08:37:30.514Z cycle-start {}
2026-08-06T08:37:30.869Z cycle-result {"status":"idle","diagnostic":{"url":"https://www.instagram.com/direct/inbox/","rows":1,"markers":0,"eligible":0,"skippedState":0,"skippedProcessed":0,"skippedReply":0},"conversation":null,"flowId":null}
2026-08-06T08:37:32.522Z cycle-start {}
2026-08-06T08:37:32.886Z cycle-result {"status":"idle","diagnostic":{"url":"https://www.instagram.com/direct/inbox/","rows":1,"markers":0,"eligible":0,"skippedState":0,"skippedProcessed":0,"skippedReply":0},"conversation":null,"flowId":null}
2026-08-06T08:37:34.525Z cycle-start {}
2026-08-06T08:37:34.882Z cycle-result {"status":"idle","diagnostic":{"url":"https://www.instagram.com/direct/inbox/","rows":1,"markers":0,"eligible":0,"skippedState":0,"skippedProcessed":0,"skippedReply":0},"conversation":null,"flowId":null}
2026-08-06T08:37:36.530Z cycle-start {}
2026-08-06T08:37:36.891Z cycle-result {"status":"idle","diagnostic":{"url":"https://www.instagram.com/direct/inbox/","rows":1,"markers":0,"eligible":0,"skippedState":0,"skippedProcessed":0,"skippedReply":0},"conversation":null,"flowId":null}
2026-08-06T08:37:38.541Z cycle-start {}
2026-08-06T08:37:38.904Z cycle-result {"status":"idle","diagnostic":{"url":"https://www.instagram.com/direct/inbox/","rows":1,"markers":0,"eligible":0,"skippedState":0,"skippedProcessed":0,"skippedReply":0},"conversation":null,"flowId":null}
2026-08-06T08:37:40.548Z cycle-start {}
2026-08-06T08:37:40.905Z cycle-result {"status":"idle","diagnostic":{"url":"https://www.instagram.com/direct/inbox/","rows":1,"markers":0,"eligible":0,"skippedState":0,"skippedProcessed":0,"skippedReply":0},"conversation":null,"flowId":null}
2026-08-06T08:37:42.553Z cycle-start {}
2026-08-06T08:37:42.911Z cycle-result {"status":"idle","diagnostic":{"url":"https://www.instagram.com/direct/inbox/","rows":1,"markers":0,"eligible":0,"skippedState":0,"skippedProcessed":0,"skippedReply":0},"conversation":null,"flowId":null}
2026-08-06T08:37:44.556Z cycle-start {}
2026-08-06T08:37:44.913Z cycle-result {"status":"idle","diagnostic":{"url":"https://www.instagram.com/direct/inbox/","rows":1,"markers":0,"eligible":0,"skippedState":0,"skippedProcessed":0,"skippedReply":0},"conversation":null,"flowId":null}
2026-08-06T08:37:46.562Z cycle-start {}
2026-08-06T08:37:46.923Z cycle-result {"status":"idle","diagnostic":{"url":"https://www.instagram.com/direct/inbox/","rows":1,"markers":0,"eligible":0,"skippedState":0,"skippedProcessed":0,"skippedReply":0},"conversation":null,"flowId":null}
2026-08-06T08:37:48.574Z cycle-start {}
2026-08-06T08:37:48.932Z cycle-result {"status":"idle","diagnostic":{"url":"https://www.instagram.com/direct/inbox/","rows":1,"markers":0,"eligible":0,"skippedState":0,"skippedProcessed":0,"skippedReply":0},"conversation":null,"flowId":null}
2026-08-06T08:37:50.578Z cycle-start {}
2026-08-06T08:37:50.936Z cycle-result {"status":"idle","diagnostic":{"url":"https://www.instagram.com/direct/inbox/","rows":1,"markers":0,"eligible":0,"skippedState":0,"skippedProcessed":0,"skippedReply":0},"conversation":null,"flowId":null}
2026-08-06T08:37:52.585Z cycle-start {}
2026-08-06T08:37:52.944Z cycle-result {"status":"idle","diagnostic":{"url":"https://www.instagram.com/direct/inbox/","rows":1,"markers":0,"eligible":0,"skippedState":0,"skippedProcessed":0,"skippedReply":0},"conversation":null,"flowId":null}
2026-08-06T08:37:54.059Z config {"enabled":true,"hasText":true}
2026-08-06T08:37:54.083Z config {"enabled":true,"hasText":true}
2026-08-06T08:37:54.088Z config {"enabled":true,"hasText":true}
2026-08-06T08:37:54.591Z cycle-start {}
2026-08-06T08:37:54.955Z cycle-result {"status":"idle","diagnostic":{"url":"https://www.instagram.com/direct/inbox/","rows":1,"markers":0,"eligible":0,"skippedState":0,"skippedProcessed":0,"skippedReply":0},"conversation":null,"flowId":null}
2026-08-06T08:37:56.601Z cycle-start {}
2026-08-06T08:37:56.960Z cycle-result {"status":"idle","diagnostic":{"url":"https://www.instagram.com/direct/inbox/","rows":1,"markers":0,"eligible":0,"skippedState":0,"skippedProcessed":0,"skippedReply":0},"conversation":null,"flowId":null}
2026-08-06T08:37:58.615Z cycle-start {}
2026-08-06T08:37:58.973Z cycle-result {"status":"idle","diagnostic":{"url":"https://www.instagram.com/direct/inbox/","rows":1,"markers":0,"eligible":0,"skippedState":0,"skippedProcessed":0,"skippedReply":0},"conversation":null,"flowId":null}
2026-08-06T08:38:00.617Z cycle-start {}
2026-08-06T08:38:00.980Z cycle-result {"status":"idle","diagnostic":{"url":"https://www.instagram.com/direct/inbox/","rows":1,"markers":0,"eligible":0,"skippedState":0,"skippedProcessed":0,"skippedReply":0},"conversation":null,"flowId":null}
2026-08-06T08:38:02.618Z cycle-start {}
2026-08-06T08:38:02.978Z cycle-result {"status":"idle","diagnostic":{"url":"https://www.instagram.com/direct/inbox/","rows":1,"markers":0,"eligible":0,"skippedState":0,"skippedProcessed":0,"skippedReply":0},"conversation":null,"flowId":null}
2026-08-06T08:38:04.622Z cycle-start {}
2026-08-06T08:38:04.977Z cycle-result {"status":"idle","diagnostic":{"url":"https://www.instagram.com/direct/inbox/","rows":1,"markers":0,"eligible":0,"skippedState":0,"skippedProcessed":0,"skippedReply":0},"conversation":null,"flowId":null}
2026-08-06T08:38:06.623Z cycle-start {}
2026-08-06T08:38:06.982Z cycle-result {"status":"idle","diagnostic":{"url":"https://www.instagram.com/direct/inbox/","rows":1,"markers":0,"eligible":0,"skippedState":0,"skippedProcessed":0,"skippedReply":0},"conversation":null,"flowId":null}
2026-08-06T08:38:08.626Z cycle-start {}
2026-08-06T08:38:08.986Z cycle-result {"status":"idle","diagnostic":{"url":"https://www.instagram.com/direct/inbox/","rows":1,"markers":0,"eligible":0,"skippedState":0,"skippedProcessed":0,"skippedReply":0},"conversation":null,"flowId":null}
2026-08-06T08:38:10.631Z cycle-start {}
2026-08-06T08:38:10.998Z cycle-result {"status":"idle","diagnostic":{"url":"https://www.instagram.com/direct/inbox/","rows":1,"markers":0,"eligible":0,"skippedState":0,"skippedProcessed":0,"skippedReply":0},"conversation":null,"flowId":null}
2026-08-06T08:38:12.640Z cycle-start {}
2026-08-06T08:38:12.998Z cycle-result {"status":"idle","diagnostic":{"url":"https://www.instagram.com/direct/inbox/","rows":1,"markers":0,"eligible":0,"skippedState":0,"skippedProcessed":0,"skippedReply":0},"conversation":null,"flowId":null}
2026-08-06T08:38:14.653Z cycle-start {}
2026-08-06T08:38:15.010Z cycle-result {"status":"idle","diagnostic":{"url":"https://www.instagram.com/direct/inbox/","rows":1,"markers":0,"eligible":0,"skippedState":0,"skippedProcessed":0,"skippedReply":0},"conversation":null,"flowId":null}
2026-08-06T08:38:16.656Z cycle-start {}
2026-08-06T08:38:17.012Z cycle-result {"status":"idle","diagnostic":{"url":"https://www.instagram.com/direct/inbox/","rows":1,"markers":0,"eligible":0,"skippedState":0,"skippedProcessed":0,"skippedReply":0},"conversation":null,"flowId":null}
2026-08-06T08:38:18.667Z cycle-start {}
2026-08-06T08:38:19.032Z cycle-result {"status":"idle","diagnostic":{"url":"https://www.instagram.com/direct/inbox/","rows":1,"markers":0,"eligible":0,"skippedState":0,"skippedProcessed":0,"skippedReply":0},"conversation":null,"flowId":null}
2026-08-06T08:38:20.674Z cycle-start {}
2026-08-06T08:38:21.029Z cycle-result {"status":"idle","diagnostic":{"url":"https://www.instagram.com/direct/inbox/","rows":1,"markers":0,"eligible":0,"skippedState":0,"skippedProcessed":0,"skippedReply":0},"conversation":null,"flowId":null}
2026-08-06T08:38:22.688Z cycle-start {}
2026-08-06T08:38:23.046Z cycle-result {"status":"idle","diagnostic":{"url":"https://www.instagram.com/direct/inbox/","rows":1,"markers":0,"eligible":0,"skippedState":0,"skippedProcessed":0,"skippedReply":0},"conversation":null,"flowId":null}
2026-08-06T08:38:24.689Z cycle-start {}
2026-08-06T08:38:25.055Z cycle-result {"status":"idle","diagnostic":{"url":"https://www.instagram.com/direct/inbox/","rows":1,"markers":0,"eligible":0,"skippedState":0,"skippedProcessed":0,"skippedReply":0},"conversation":null,"flowId":null}
2026-08-06T08:38:26.690Z cycle-start {}
2026-08-06T08:38:27.051Z cycle-result {"status":"idle","diagnostic":{"url":"https://www.instagram.com/direct/inbox/","rows":1,"markers":0,"eligible":0,"skippedState":0,"skippedProcessed":0,"skippedReply":0},"conversation":null,"flowId":null}
2026-08-06T08:38:28.696Z cycle-start {}
2026-08-06T08:38:29.062Z cycle-result {"status":"idle","diagnostic":{"url":"https://www.instagram.com/direct/inbox/","rows":1,"markers":0,"eligible":0,"skippedState":0,"skippedProcessed":0,"skippedReply":0},"conversation":null,"flowId":null}
2026-08-06T08:38:30.700Z cycle-start {}
2026-08-06T08:38:31.060Z cycle-result {"status":"idle","diagnostic":{"url":"https://www.instagram.com/direct/inbox/","rows":1,"markers":0,"eligible":0,"skippedState":0,"skippedProcessed":0,"skippedReply":0},"conversation":null,"flowId":null}
2026-08-06T08:38:32.709Z cycle-start {}
2026-08-06T08:38:33.062Z cycle-result {"status":"idle","diagnostic":{"url":"https://www.instagram.com/direct/inbox/","rows":1,"markers":0,"eligible":0,"skippedState":0,"skippedProcessed":0,"skippedReply":0},"conversation":null,"flowId":null}
2026-08-06T08:38:34.716Z cycle-start {}
2026-08-06T08:38:35.081Z cycle-result {"status":"idle","diagnostic":{"url":"https://www.instagram.com/direct/inbox/","rows":1,"markers":0,"eligible":0,"skippedState":0,"skippedProcessed":0,"skippedReply":0},"conversation":null,"flowId":null}
2026-08-06T08:38:36.728Z cycle-start {}
2026-08-06T08:38:37.086Z cycle-result {"status":"idle","diagnostic":{"url":"https://www.instagram.com/direct/inbox/","rows":1,"markers":0,"eligible":0,"skippedState":0,"skippedProcessed":0,"skippedReply":0},"conversation":null,"flowId":null}
2026-08-06T08:38:38.733Z cycle-start {}
2026-08-06T08:38:39.090Z cycle-result {"status":"idle","diagnostic":{"url":"https://www.instagram.com/direct/inbox/","rows":1,"markers":0,"eligible":0,"skippedState":0,"skippedProcessed":0,"skippedReply":0},"conversation":null,"flowId":null}
2026-08-06T08:38:40.739Z cycle-start {}
2026-08-06T08:38:41.099Z cycle-result {"status":"idle","diagnostic":{"url":"https://www.instagram.com/direct/inbox/","rows":1,"markers":0,"eligible":0,"skippedState":0,"skippedProcessed":0,"skippedReply":0},"conversation":null,"flowId":null}
2026-08-06T08:38:42.743Z cycle-start {}
2026-08-06T08:38:43.101Z cycle-result {"status":"idle","diagnostic":{"url":"https://www.instagram.com/direct/inbox/","rows":1,"markers":0,"eligible":0,"skippedState":0,"skippedProcessed":0,"skippedReply":0},"conversation":null,"flowId":null}
2026-08-06T08:38:44.752Z cycle-start {}
2026-08-06T08:38:45.118Z cycle-result {"status":"idle","diagnostic":{"url":"https://www.instagram.com/direct/inbox/","rows":1,"markers":0,"eligible":0,"skippedState":0,"skippedProcessed":0,"skippedReply":0},"conversation":null,"flowId":null}
2026-08-06T08:38:46.761Z cycle-start {}
2026-08-06T08:38:47.120Z cycle-result {"status":"idle","diagnostic":{"url":"https://www.instagram.com/direct/inbox/","rows":1,"markers":0,"eligible":0,"skippedState":0,"skippedProcessed":0,"skippedReply":0},"conversation":null,"flowId":null}
2026-08-06T08:38:48.766Z cycle-start {}
2026-08-06T08:38:49.127Z cycle-result {"status":"idle","diagnostic":{"url":"https://www.instagram.com/direct/inbox/","rows":1,"markers":0,"eligible":0,"skippedState":0,"skippedProcessed":0,"skippedReply":0},"conversation":null,"flowId":null}
2026-08-06T08:38:50.771Z cycle-start {}
2026-08-06T08:38:51.125Z cycle-result {"status":"idle","diagnostic":{"url":"https://www.instagram.com/direct/inbox/","rows":1,"markers":0,"eligible":0,"skippedState":0,"skippedProcessed":0,"skippedReply":0},"conversation":null,"flowId":null}
2026-08-06T08:38:52.777Z cycle-start {}
2026-08-06T08:38:53.137Z cycle-result {"status":"idle","diagnostic":{"url":"https://www.instagram.com/direct/inbox/","rows":1,"markers":0,"eligible":0,"skippedState":0,"skippedProcessed":0,"skippedReply":0},"conversation":null,"flowId":null}
2026-08-06T08:38:54.790Z cycle-start {}
2026-08-06T08:38:55.143Z cycle-result {"status":"idle","diagnostic":{"url":"https://www.instagram.com/direct/inbox/","rows":1,"markers":0,"eligible":0,"skippedState":0,"skippedProcessed":0,"skippedReply":0},"conversation":null,"flowId":null}
2026-08-06T08:38:56.792Z cycle-start {}
2026-08-06T08:38:57.160Z cycle-result {"status":"idle","diagnostic":{"url":"https://www.instagram.com/direct/inbox/","rows":1,"markers":0,"eligible":0,"skippedState":0,"skippedProcessed":0,"skippedReply":0},"conversation":null,"flowId":null}
2026-08-06T08:38:58.803Z cycle-start {}
2026-08-06T08:38:59.158Z cycle-result {"status":"idle","diagnostic":{"url":"https://www.instagram.com/direct/inbox/","rows":1,"markers":0,"eligible":0,"skippedState":0,"skippedProcessed":0,"skippedReply":0},"conversation":null,"flowId":null}
2026-08-06T08:39:00.804Z cycle-start {}
2026-08-06T08:39:01.168Z cycle-result {"status":"idle","diagnostic":{"url":"https://www.instagram.com/direct/inbox/","rows":1,"markers":0,"eligible":0,"skippedState":0,"skippedProcessed":0,"skippedReply":0},"conversation":null,"flowId":null}
2026-08-06T08:39:05.643Z config {"enabled":true,"hasText":true}
2026-08-06T08:39:05.646Z cycle-start {}
2026-08-06T08:39:05.650Z probe-load {"url":"https://www.instagram.com/direct/inbox/"}
2026-08-06T08:39:05.677Z config {"enabled":true,"hasText":true}
2026-08-06T08:39:07.303Z cycle-result {"status":"idle","diagnostic":{"url":"https://www.instagram.com/direct/inbox/","rows":1,"markers":0,"eligible":0,"skippedState":0,"skippedProcessed":0,"skippedReply":0},"conversation":null,"flowId":null}
2026-08-06T08:39:07.401Z config {"enabled":true,"hasText":true}
2026-08-06T08:39:07.657Z cycle-start {}
2026-08-06T08:39:08.015Z cycle-result {"status":"idle","diagnostic":{"url":"https://www.instagram.com/direct/inbox/","rows":1,"markers":0,"eligible":0,"skippedState":0,"skippedProcessed":0,"skippedReply":0},"conversation":null,"flowId":null}
2026-08-06T08:39:09.437Z config {"enabled":true,"hasText":true}
2026-08-06T08:39:09.666Z cycle-start {}
2026-08-06T08:39:10.032Z cycle-result {"status":"idle","diagnostic":{"url":"https://www.instagram.com/direct/inbox/","rows":1,"markers":0,"eligible":0,"skippedState":0,"skippedProcessed":0,"skippedReply":0},"conversation":null,"flowId":null}
2026-08-06T08:39:11.678Z cycle-start {}
2026-08-06T08:39:12.038Z cycle-result {"status":"idle","diagnostic":{"url":"https://www.instagram.com/direct/inbox/","rows":1,"markers":0,"eligible":0,"skippedState":0,"skippedProcessed":0,"skippedReply":0},"conversation":null,"flowId":null}
2026-08-06T08:39:13.691Z cycle-start {}
2026-08-06T08:39:14.050Z cycle-result {"status":"idle","diagnostic":{"url":"https://www.instagram.com/direct/inbox/","rows":1,"markers":0,"eligible":0,"skippedState":0,"skippedProcessed":0,"skippedReply":0},"conversation":null,"flowId":null}
2026-08-06T08:39:15.696Z cycle-start {}
2026-08-06T08:39:16.055Z cycle-result {"status":"idle","diagnostic":{"url":"https://www.instagram.com/direct/inbox/","rows":1,"markers":0,"eligible":0,"skippedState":0,"skippedProcessed":0,"skippedReply":0},"conversation":null,"flowId":null}
2026-08-06T08:39:17.700Z cycle-start {}
2026-08-06T08:39:18.062Z cycle-result {"status":"idle","diagnostic":{"url":"https://www.instagram.com/direct/inbox/","rows":1,"markers":0,"eligible":0,"skippedState":0,"skippedProcessed":0,"skippedReply":0},"conversation":null,"flowId":null}
2026-08-06T08:39:19.702Z cycle-start {}
2026-08-06T08:39:20.059Z cycle-result {"status":"idle","diagnostic":{"url":"https://www.instagram.com/direct/inbox/","rows":1,"markers":0,"eligible":0,"skippedState":0,"skippedProcessed":0,"skippedReply":0},"conversation":null,"flowId":null}
2026-08-06T08:39:21.711Z cycle-start {}
2026-08-06T08:39:22.074Z cycle-result {"status":"idle","diagnostic":{"url":"https://www.instagram.com/direct/inbox/","rows":1,"markers":0,"eligible":0,"skippedState":0,"skippedProcessed":0,"skippedReply":0},"conversation":null,"flowId":null}
2026-08-06T08:39:23.725Z cycle-start {}
2026-08-06T08:39:24.079Z cycle-result {"status":"idle","diagnostic":{"url":"https://www.instagram.com/direct/inbox/","rows":1,"markers":0,"eligible":0,"skippedState":0,"skippedProcessed":0,"skippedReply":0},"conversation":null,"flowId":null}
2026-08-06T08:39:25.736Z cycle-start {}
2026-08-06T08:39:26.102Z cycle-result {"status":"idle","diagnostic":{"url":"https://www.instagram.com/direct/inbox/","rows":1,"markers":0,"eligible":0,"skippedState":0,"skippedProcessed":0,"skippedReply":0},"conversation":null,"flowId":null}
2026-08-06T08:39:27.743Z cycle-start {}
2026-08-06T08:39:28.106Z cycle-result {"status":"idle","diagnostic":{"url":"https://www.instagram.com/direct/inbox/","rows":1,"markers":0,"eligible":0,"skippedState":0,"skippedProcessed":0,"skippedReply":0},"conversation":null,"flowId":null}
2026-08-06T08:39:29.744Z cycle-start {}
2026-08-06T08:39:30.110Z cycle-result {"status":"idle","diagnostic":{"url":"https://www.instagram.com/direct/inbox/","rows":1,"markers":0,"eligible":0,"skippedState":0,"skippedProcessed":0,"skippedReply":0},"conversation":null,"flowId":null}
2026-08-06T08:39:31.750Z cycle-start {}
2026-08-06T08:39:32.118Z cycle-result {"status":"idle","diagnostic":{"url":"https://www.instagram.com/direct/inbox/","rows":1,"markers":0,"eligible":0,"skippedState":0,"skippedProcessed":0,"skippedReply":0},"conversation":null,"flowId":null}
2026-08-06T08:39:33.760Z cycle-start {}
2026-08-06T08:39:34.122Z cycle-result {"status":"idle","diagnostic":{"url":"https://www.instagram.com/direct/inbox/","rows":1,"markers":0,"eligible":0,"skippedState":0,"skippedProcessed":0,"skippedReply":0},"conversation":null,"flowId":null}
2026-08-06T08:39:35.769Z cycle-start {}
2026-08-06T08:39:36.125Z cycle-result {"status":"idle","diagnostic":{"url":"https://www.instagram.com/direct/inbox/","rows":1,"markers":0,"eligible":0,"skippedState":0,"skippedProcessed":0,"skippedReply":0},"conversation":null,"flowId":null}
2026-08-06T08:39:37.772Z cycle-start {}
2026-08-06T08:39:38.136Z cycle-result {"status":"idle","diagnostic":{"url":"https://www.instagram.com/direct/inbox/","rows":1,"markers":0,"eligible":0,"skippedState":0,"skippedProcessed":0,"skippedReply":0},"conversation":null,"flowId":null}
2026-08-06T08:39:39.775Z cycle-start {}
2026-08-06T08:39:40.134Z cycle-result {"status":"idle","diagnostic":{"url":"https://www.instagram.com/direct/inbox/","rows":1,"markers":0,"eligible":0,"skippedState":0,"skippedProcessed":0,"skippedReply":0},"conversation":null,"flowId":null}
2026-08-06T08:39:41.777Z cycle-start {}
2026-08-06T08:39:42.143Z cycle-result {"status":"idle","diagnostic":{"url":"https://www.instagram.com/direct/inbox/","rows":1,"markers":0,"eligible":0,"skippedState":0,"skippedProcessed":0,"skippedReply":0},"conversation":null,"flowId":null}
2026-08-06T08:39:43.778Z cycle-start {}
2026-08-06T08:39:44.139Z cycle-result {"status":"idle","diagnostic":{"url":"https://www.instagram.com/direct/inbox/","rows":1,"markers":0,"eligible":0,"skippedState":0,"skippedProcessed":0,"skippedReply":0},"conversation":null,"flowId":null}
2026-08-06T08:39:45.783Z cycle-start {}
2026-08-06T08:39:46.141Z cycle-result {"status":"idle","diagnostic":{"url":"https://www.instagram.com/direct/inbox/","rows":1,"markers":0,"eligible":0,"skippedState":0,"skippedProcessed":0,"skippedReply":0},"conversation":null,"flowId":null}
2026-08-06T08:39:47.787Z cycle-start {}
2026-08-06T08:39:48.150Z cycle-result {"status":"idle","diagnostic":{"url":"https://www.instagram.com/direct/inbox/","rows":1,"markers":0,"eligible":0,"skippedState":0,"skippedProcessed":0,"skippedReply":0},"conversation":null,"flowId":null}
2026-08-06T08:39:49.796Z cycle-start {}
2026-08-06T08:39:50.154Z cycle-result {"status":"idle","diagnostic":{"url":"https://www.instagram.com/direct/inbox/","rows":1,"markers":0,"eligible":0,"skippedState":0,"skippedProcessed":0,"skippedReply":0},"conversation":null,"flowId":null}
2026-08-06T08:39:51.801Z cycle-start {}
2026-08-06T08:39:52.159Z cycle-result {"status":"idle","diagnostic":{"url":"https://www.instagram.com/direct/inbox/","rows":1,"markers":0,"eligible":0,"skippedState":0,"skippedProcessed":0,"skippedReply":0},"conversation":null,"flowId":null}
2026-08-06T08:39:53.809Z cycle-start {}
2026-08-06T08:39:54.173Z cycle-result {"status":"idle","diagnostic":{"url":"https://www.instagram.com/direct/inbox/","rows":1,"markers":0,"eligible":0,"skippedState":0,"skippedProcessed":0,"skippedReply":0},"conversation":null,"flowId":null}
2026-08-06T08:39:55.821Z cycle-start {}
2026-08-06T08:39:56.175Z cycle-result {"status":"idle","diagnostic":{"url":"https://www.instagram.com/direct/inbox/","rows":1,"markers":0,"eligible":0,"skippedState":0,"skippedProcessed":0,"skippedReply":0},"conversation":null,"flowId":null}
2026-08-06T08:39:57.833Z cycle-start {}
2026-08-06T08:39:58.186Z cycle-result {"status":"idle","diagnostic":{"url":"https://www.instagram.com/direct/inbox/","rows":1,"markers":0,"eligible":0,"skippedState":0,"skippedProcessed":0,"skippedReply":0},"conversation":null,"flowId":null}
2026-08-06T08:39:59.834Z cycle-start {}
2026-08-06T08:40:00.197Z cycle-result {"status":"idle","diagnostic":{"url":"https://www.instagram.com/direct/inbox/","rows":1,"markers":0,"eligible":0,"skippedState":0,"skippedProcessed":0,"skippedReply":0},"conversation":null,"flowId":null}
2026-08-06T08:40:01.849Z cycle-start {}
2026-08-06T08:40:02.214Z cycle-result {"status":"idle","diagnostic":{"url":"https://www.instagram.com/direct/inbox/","rows":1,"markers":0,"eligible":0,"skippedState":0,"skippedProcessed":0,"skippedReply":0},"conversation":null,"flowId":null}
2026-08-06T08:40:03.853Z cycle-start {}
2026-08-06T08:40:04.213Z cycle-result {"status":"idle","diagnostic":{"url":"https://www.instagram.com/direct/inbox/","rows":1,"markers":0,"eligible":0,"skippedState":0,"skippedProcessed":0,"skippedReply":0},"conversation":null,"flowId":null}
2026-08-06T08:40:05.862Z cycle-start {}
2026-08-06T08:40:06.217Z cycle-result {"status":"idle","diagnostic":{"url":"https://www.instagram.com/direct/inbox/","rows":1,"markers":0,"eligible":0,"skippedState":0,"skippedProcessed":0,"skippedReply":0},"conversation":null,"flowId":null}
2026-08-06T08:40:07.867Z cycle-start {}
2026-08-06T08:40:08.234Z cycle-result {"status":"idle","diagnostic":{"url":"https://www.instagram.com/direct/inbox/","rows":1,"markers":0,"eligible":0,"skippedState":0,"skippedProcessed":0,"skippedReply":0},"conversation":null,"flowId":null}
2026-08-06T08:40:09.875Z cycle-start {}
2026-08-06T08:40:10.239Z cycle-result {"status":"idle","diagnostic":{"url":"https://www.instagram.com/direct/inbox/","rows":1,"markers":0,"eligible":0,"skippedState":0,"skippedProcessed":0,"skippedReply":0},"conversation":null,"flowId":null}
2026-08-06T08:40:11.880Z cycle-start {}
2026-08-06T08:40:12.234Z cycle-result {"status":"idle","diagnostic":{"url":"https://www.instagram.com/direct/inbox/","rows":1,"markers":0,"eligible":0,"skippedState":0,"skippedProcessed":0,"skippedReply":0},"conversation":null,"flowId":null}
2026-08-06T08:40:13.888Z cycle-start {}
2026-08-06T08:40:14.250Z cycle-result {"status":"idle","diagnostic":{"url":"https://www.instagram.com/direct/inbox/","rows":1,"markers":0,"eligible":0,"skippedState":0,"skippedProcessed":0,"skippedReply":0},"conversation":null,"flowId":null}
2026-08-06T08:40:15.896Z cycle-start {}
2026-08-06T08:40:16.256Z cycle-result {"status":"idle","diagnostic":{"url":"https://www.instagram.com/direct/inbox/","rows":1,"markers":0,"eligible":0,"skippedState":0,"skippedProcessed":0,"skippedReply":0},"conversation":null,"flowId":null}
2026-08-06T08:40:17.900Z cycle-start {}
2026-08-06T08:40:18.266Z cycle-result {"status":"idle","diagnostic":{"url":"https://www.instagram.com/direct/inbox/","rows":1,"markers":0,"eligible":0,"skippedState":0,"skippedProcessed":0,"skippedReply":0},"conversation":null,"flowId":null}
2026-08-06T08:40:19.905Z cycle-start {}
2026-08-06T08:40:20.269Z cycle-result {"status":"idle","diagnostic":{"url":"https://www.instagram.com/direct/inbox/","rows":1,"markers":0,"eligible":0,"skippedState":0,"skippedProcessed":0,"skippedReply":0},"conversation":null,"flowId":null}
2026-08-06T08:40:21.912Z cycle-start {}
2026-08-06T08:40:22.270Z cycle-result {"status":"idle","diagnostic":{"url":"https://www.instagram.com/direct/inbox/","rows":1,"markers":0,"eligible":0,"skippedState":0,"skippedProcessed":0,"skippedReply":0},"conversation":null,"flowId":null}
2026-08-06T08:40:23.927Z cycle-start {}
2026-08-06T08:40:24.286Z cycle-result {"status":"idle","diagnostic":{"url":"https://www.instagram.com/direct/inbox/","rows":1,"markers":0,"eligible":0,"skippedState":0,"skippedProcessed":0,"skippedReply":0},"conversation":null,"flowId":null}
2026-08-06T08:40:25.941Z cycle-start {}
2026-08-06T08:40:26.300Z cycle-result {"status":"idle","diagnostic":{"url":"https://www.instagram.com/direct/inbox/","rows":1,"markers":0,"eligible":0,"skippedState":0,"skippedProcessed":0,"skippedReply":0},"conversation":null,"flowId":null}
2026-08-06T08:40:27.951Z cycle-start {}
2026-08-06T08:40:28.310Z cycle-result {"status":"idle","diagnostic":{"url":"https://www.instagram.com/direct/inbox/","rows":1,"markers":0,"eligible":0,"skippedState":0,"skippedProcessed":0,"skippedReply":0},"conversation":null,"flowId":null}
2026-08-06T08:40:29.957Z cycle-start {}
2026-08-06T08:40:30.319Z cycle-result {"status":"idle","diagnostic":{"url":"https://www.instagram.com/direct/inbox/","rows":1,"markers":0,"eligible":0,"skippedState":0,"skippedProcessed":0,"skippedReply":0},"conversation":null,"flowId":null}
2026-08-06T08:40:31.964Z cycle-start {}
2026-08-06T08:40:32.326Z cycle-result {"status":"idle","diagnostic":{"url":"https://www.instagram.com/direct/inbox/","rows":1,"markers":0,"eligible":0,"skippedState":0,"skippedProcessed":0,"skippedReply":0},"conversation":null,"flowId":null}
2026-08-06T08:40:33.979Z cycle-start {}
2026-08-06T08:40:34.338Z cycle-result {"status":"idle","diagnostic":{"url":"https://www.instagram.com/direct/inbox/","rows":1,"markers":0,"eligible":0,"skippedState":0,"skippedProcessed":0,"skippedReply":0},"conversation":null,"flowId":null}
2026-08-06T08:40:35.985Z cycle-start {}
2026-08-06T08:40:36.346Z cycle-result {"status":"idle","diagnostic":{"url":"https://www.instagram.com/direct/inbox/","rows":1,"markers":0,"eligible":0,"skippedState":0,"skippedProcessed":0,"skippedReply":0},"conversation":null,"flowId":null}
2026-08-06T08:40:37.995Z cycle-start {}
2026-08-06T08:40:38.356Z cycle-result {"status":"idle","diagnostic":{"url":"https://www.instagram.com/direct/inbox/","rows":1,"markers":0,"eligible":0,"skippedState":0,"skippedProcessed":0,"skippedReply":0},"conversation":null,"flowId":null}
2026-08-06T08:40:40.007Z cycle-start {}
2026-08-06T08:40:40.365Z cycle-result {"status":"idle","diagnostic":{"url":"https://www.instagram.com/direct/inbox/","rows":1,"markers":0,"eligible":0,"skippedState":0,"skippedProcessed":0,"skippedReply":0},"conversation":null,"flowId":null}
2026-08-06T08:40:42.012Z cycle-start {}
2026-08-06T08:40:42.379Z cycle-result {"status":"idle","diagnostic":{"url":"https://www.instagram.com/direct/inbox/","rows":1,"markers":0,"eligible":0,"skippedState":0,"skippedProcessed":0,"skippedReply":0},"conversation":null,"flowId":null}
2026-08-06T08:40:44.028Z cycle-start {}
2026-08-06T08:40:44.386Z cycle-result {"status":"idle","diagnostic":{"url":"https://www.instagram.com/direct/inbox/","rows":1,"markers":0,"eligible":0,"skippedState":0,"skippedProcessed":0,"skippedReply":0},"conversation":null,"flowId":null}
2026-08-06T08:40:46.039Z cycle-start {}
2026-08-06T08:40:46.398Z cycle-result {"status":"idle","diagnostic":{"url":"https://www.instagram.com/direct/inbox/","rows":1,"markers":0,"eligible":0,"skippedState":0,"skippedProcessed":0,"skippedReply":0},"conversation":null,"flowId":null}
2026-08-06T08:40:48.054Z cycle-start {}
2026-08-06T08:40:48.413Z cycle-result {"status":"idle","diagnostic":{"url":"https://www.instagram.com/direct/inbox/","rows":1,"markers":0,"eligible":0,"skippedState":0,"skippedProcessed":0,"skippedReply":0},"conversation":null,"flowId":null}
2026-08-06T08:40:50.059Z cycle-start {}
2026-08-06T08:40:50.422Z cycle-result {"status":"idle","diagnostic":{"url":"https://www.instagram.com/direct/inbox/","rows":1,"markers":0,"eligible":0,"skippedState":0,"skippedProcessed":0,"skippedReply":0},"conversation":null,"flowId":null}
2026-08-06T08:40:52.061Z cycle-start {}
2026-08-06T08:40:52.423Z cycle-result {"status":"idle","diagnostic":{"url":"https://www.instagram.com/direct/inbox/","rows":1,"markers":0,"eligible":0,"skippedState":0,"skippedProcessed":0,"skippedReply":0},"conversation":null,"flowId":null}
2026-08-06T08:40:54.071Z cycle-start {}
2026-08-06T08:40:54.428Z cycle-result {"status":"idle","diagnostic":{"url":"https://www.instagram.com/direct/inbox/","rows":1,"markers":0,"eligible":0,"skippedState":0,"skippedProcessed":0,"skippedReply":0},"conversation":null,"flowId":null}
2026-08-06T08:40:56.072Z cycle-start {}
2026-08-06T08:40:56.431Z cycle-result {"status":"idle","diagnostic":{"url":"https://www.instagram.com/direct/inbox/","rows":1,"markers":0,"eligible":0,"skippedState":0,"skippedProcessed":0,"skippedReply":0},"conversation":null,"flowId":null}
2026-08-06T08:40:58.085Z cycle-start {}
2026-08-06T08:40:58.442Z cycle-result {"status":"idle","diagnostic":{"url":"https://www.instagram.com/direct/inbox/","rows":1,"markers":0,"eligible":0,"skippedState":0,"skippedProcessed":0,"skippedReply":0},"conversation":null,"flowId":null}
2026-08-06T08:41:00.085Z cycle-start {}
2026-08-06T08:41:00.448Z cycle-result {"status":"idle","diagnostic":{"url":"https://www.instagram.com/direct/inbox/","rows":1,"markers":0,"eligible":0,"skippedState":0,"skippedProcessed":0,"skippedReply":0},"conversation":null,"flowId":null}
2026-08-06T08:41:02.099Z cycle-start {}
2026-08-06T08:41:02.461Z cycle-result {"status":"idle","diagnostic":{"url":"https://www.instagram.com/direct/inbox/","rows":1,"markers":0,"eligible":0,"skippedState":0,"skippedProcessed":0,"skippedReply":0},"conversation":null,"flowId":null}
2026-08-06T08:41:04.107Z cycle-start {}
2026-08-06T08:41:04.470Z cycle-result {"status":"idle","diagnostic":{"url":"https://www.instagram.com/direct/inbox/","rows":1,"markers":0,"eligible":0,"skippedState":0,"skippedProcessed":0,"skippedReply":0},"conversation":null,"flowId":null}
2026-08-06T08:41:06.112Z cycle-start {}
2026-08-06T08:41:06.469Z cycle-result {"status":"idle","diagnostic":{"url":"https://www.instagram.com/direct/inbox/","rows":1,"markers":0,"eligible":0,"skippedState":0,"skippedProcessed":0,"skippedReply":0},"conversation":null,"flowId":null}
2026-08-06T08:41:08.114Z cycle-start {}
2026-08-06T08:41:08.475Z cycle-result {"status":"idle","diagnostic":{"url":"https://www.instagram.com/direct/inbox/","rows":1,"markers":0,"eligible":0,"skippedState":0,"skippedProcessed":0,"skippedReply":0},"conversation":null,"flowId":null}
2026-08-06T08:41:10.119Z cycle-start {}
2026-08-06T08:41:10.475Z cycle-result {"status":"idle","diagnostic":{"url":"https://www.instagram.com/direct/inbox/","rows":1,"markers":0,"eligible":0,"skippedState":0,"skippedProcessed":0,"skippedReply":0},"conversation":null,"flowId":null}
2026-08-06T08:41:12.131Z cycle-start {}
2026-08-06T08:41:12.497Z cycle-result {"status":"idle","diagnostic":{"url":"https://www.instagram.com/direct/inbox/","rows":1,"markers":0,"eligible":0,"skippedState":0,"skippedProcessed":0,"skippedReply":0},"conversation":null,"flowId":null}
2026-08-06T08:41:14.134Z cycle-start {}
2026-08-06T08:41:14.490Z cycle-result {"status":"idle","diagnostic":{"url":"https://www.instagram.com/direct/inbox/","rows":1,"markers":0,"eligible":0,"skippedState":0,"skippedProcessed":0,"skippedReply":0},"conversation":null,"flowId":null}
2026-08-06T08:41:16.138Z cycle-start {}
2026-08-06T08:41:16.505Z cycle-result {"status":"idle","diagnostic":{"url":"https://www.instagram.com/direct/inbox/","rows":1,"markers":0,"eligible":0,"skippedState":0,"skippedProcessed":0,"skippedReply":0},"conversation":null,"flowId":null}
2026-08-06T08:41:18.145Z cycle-start {}
2026-08-06T08:41:18.511Z cycle-result {"status":"idle","diagnostic":{"url":"https://www.instagram.com/direct/inbox/","rows":1,"markers":0,"eligible":0,"skippedState":0,"skippedProcessed":0,"skippedReply":0},"conversation":null,"flowId":null}
2026-08-06T08:41:20.150Z cycle-start {}
2026-08-06T08:41:20.513Z cycle-result {"status":"idle","diagnostic":{"url":"https://www.instagram.com/direct/inbox/","rows":1,"markers":0,"eligible":0,"skippedState":0,"skippedProcessed":0,"skippedReply":0},"conversation":null,"flowId":null}
2026-08-06T08:41:22.155Z cycle-start {}
2026-08-06T08:41:22.513Z cycle-result {"status":"idle","diagnostic":{"url":"https://www.instagram.com/direct/inbox/","rows":1,"markers":0,"eligible":0,"skippedState":0,"skippedProcessed":0,"skippedReply":0},"conversation":null,"flowId":null}
2026-08-06T08:41:24.163Z cycle-start {}
2026-08-06T08:41:24.524Z cycle-result {"status":"idle","diagnostic":{"url":"https://www.instagram.com/direct/inbox/","rows":1,"markers":0,"eligible":0,"skippedState":0,"skippedProcessed":0,"skippedReply":0},"conversation":null,"flowId":null}
2026-08-06T08:41:26.164Z cycle-start {}
2026-08-06T08:41:26.519Z cycle-result {"status":"idle","diagnostic":{"url":"https://www.instagram.com/direct/inbox/","rows":1,"markers":0,"eligible":0,"skippedState":0,"skippedProcessed":0,"skippedReply":0},"conversation":null,"flowId":null}
2026-08-06T08:41:28.164Z cycle-start {}
2026-08-06T08:41:28.519Z cycle-result {"status":"idle","diagnostic":{"url":"https://www.instagram.com/direct/inbox/","rows":1,"markers":0,"eligible":0,"skippedState":0,"skippedProcessed":0,"skippedReply":0},"conversation":null,"flowId":null}
2026-08-06T08:41:30.171Z cycle-start {}
2026-08-06T08:41:30.528Z cycle-result {"status":"idle","diagnostic":{"url":"https://www.instagram.com/direct/inbox/","rows":1,"markers":0,"eligible":0,"skippedState":0,"skippedProcessed":0,"skippedReply":0},"conversation":null,"flowId":null}
2026-08-06T08:41:32.173Z cycle-start {}
2026-08-06T08:41:32.528Z cycle-result {"status":"idle","diagnostic":{"url":"https://www.instagram.com/direct/inbox/","rows":1,"markers":0,"eligible":0,"skippedState":0,"skippedProcessed":0,"skippedReply":0},"conversation":null,"flowId":null}
2026-08-06T08:41:34.180Z cycle-start {}
2026-08-06T08:41:34.539Z cycle-result {"status":"idle","diagnostic":{"url":"https://www.instagram.com/direct/inbox/","rows":1,"markers":0,"eligible":0,"skippedState":0,"skippedProcessed":0,"skippedReply":0},"conversation":null,"flowId":null}
2026-08-06T08:41:36.191Z cycle-start {}
2026-08-06T08:41:36.548Z cycle-result {"status":"idle","diagnostic":{"url":"https://www.instagram.com/direct/inbox/","rows":1,"markers":0,"eligible":0,"skippedState":0,"skippedProcessed":0,"skippedReply":0},"conversation":null,"flowId":null}
2026-08-06T08:41:38.204Z cycle-start {}
2026-08-06T08:41:38.560Z cycle-result {"status":"idle","diagnostic":{"url":"https://www.instagram.com/direct/inbox/","rows":1,"markers":0,"eligible":0,"skippedState":0,"skippedProcessed":0,"skippedReply":0},"conversation":null,"flowId":null}
2026-08-06T08:41:40.211Z cycle-start {}
2026-08-06T08:41:40.573Z cycle-result {"status":"idle","diagnostic":{"url":"https://www.instagram.com/direct/inbox/","rows":1,"markers":0,"eligible":0,"skippedState":0,"skippedProcessed":0,"skippedReply":0},"conversation":null,"flowId":null}
2026-08-06T08:41:42.211Z cycle-start {}
2026-08-06T08:41:42.570Z cycle-result {"status":"idle","diagnostic":{"url":"https://www.instagram.com/direct/inbox/","rows":1,"markers":0,"eligible":0,"skippedState":0,"skippedProcessed":0,"skippedReply":0},"conversation":null,"flowId":null}
2026-08-06T08:41:44.211Z cycle-start {}
2026-08-06T08:41:44.574Z cycle-result {"status":"idle","diagnostic":{"url":"https://www.instagram.com/direct/inbox/","rows":1,"markers":0,"eligible":0,"skippedState":0,"skippedProcessed":0,"skippedReply":0},"conversation":null,"flowId":null}
2026-08-06T08:41:46.223Z cycle-start {}
2026-08-06T08:41:46.583Z cycle-result {"status":"idle","diagnostic":{"url":"https://www.instagram.com/direct/inbox/","rows":1,"markers":0,"eligible":0,"skippedState":0,"skippedProcessed":0,"skippedReply":0},"conversation":null,"flowId":null}
2026-08-06T08:41:48.236Z cycle-start {}
2026-08-06T08:41:48.595Z cycle-result {"status":"idle","diagnostic":{"url":"https://www.instagram.com/direct/inbox/","rows":1,"markers":0,"eligible":0,"skippedState":0,"skippedProcessed":0,"skippedReply":0},"conversation":null,"flowId":null}
2026-08-06T08:41:50.246Z cycle-start {}
2026-08-06T08:41:50.608Z cycle-result {"status":"idle","diagnostic":{"url":"https://www.instagram.com/direct/inbox/","rows":1,"markers":0,"eligible":0,"skippedState":0,"skippedProcessed":0,"skippedReply":0},"conversation":null,"flowId":null}
2026-08-06T08:41:52.250Z cycle-start {}
2026-08-06T08:41:52.608Z cycle-result {"status":"idle","diagnostic":{"url":"https://www.instagram.com/direct/inbox/","rows":1,"markers":0,"eligible":0,"skippedState":0,"skippedProcessed":0,"skippedReply":0},"conversation":null,"flowId":null}
2026-08-06T08:41:54.254Z cycle-start {}
2026-08-06T08:41:54.618Z cycle-result {"status":"idle","diagnostic":{"url":"https://www.instagram.com/direct/inbox/","rows":1,"markers":0,"eligible":0,"skippedState":0,"skippedProcessed":0,"skippedReply":0},"conversation":null,"flowId":null}
2026-08-06T08:41:56.258Z cycle-start {}
2026-08-06T08:41:56.623Z cycle-result {"status":"idle","diagnostic":{"url":"https://www.instagram.com/direct/inbox/","rows":1,"markers":0,"eligible":0,"skippedState":0,"skippedProcessed":0,"skippedReply":0},"conversation":null,"flowId":null}
2026-08-06T08:41:58.265Z cycle-start {}
2026-08-06T08:41:58.624Z cycle-result {"status":"idle","diagnostic":{"url":"https://www.instagram.com/direct/inbox/","rows":1,"markers":0,"eligible":0,"skippedState":0,"skippedProcessed":0,"skippedReply":0},"conversation":null,"flowId":null}
2026-08-06T08:42:00.273Z cycle-start {}
2026-08-06T08:42:00.635Z cycle-result {"status":"idle","diagnostic":{"url":"https://www.instagram.com/direct/inbox/","rows":1,"markers":0,"eligible":0,"skippedState":0,"skippedProcessed":0,"skippedReply":0},"conversation":null,"flowId":null}
2026-08-06T08:42:02.287Z cycle-start {}
2026-08-06T08:42:02.647Z cycle-result {"status":"idle","diagnostic":{"url":"https://www.instagram.com/direct/inbox/","rows":1,"markers":0,"eligible":0,"skippedState":0,"skippedProcessed":0,"skippedReply":0},"conversation":null,"flowId":null}
2026-08-06T08:42:04.294Z cycle-start {}
2026-08-06T08:42:04.649Z cycle-result {"status":"idle","diagnostic":{"url":"https://www.instagram.com/direct/inbox/","rows":1,"markers":0,"eligible":0,"skippedState":0,"skippedProcessed":0,"skippedReply":0},"conversation":null,"flowId":null}
2026-08-06T08:42:06.296Z cycle-start {}
2026-08-06T08:42:06.653Z cycle-result {"status":"idle","diagnostic":{"url":"https://www.instagram.com/direct/inbox/","rows":1,"markers":0,"eligible":0,"skippedState":0,"skippedProcessed":0,"skippedReply":0},"conversation":null,"flowId":null}
2026-08-06T08:42:08.310Z cycle-start {}
2026-08-06T08:42:08.674Z cycle-result {"status":"idle","diagnostic":{"url":"https://www.instagram.com/direct/inbox/","rows":1,"markers":0,"eligible":0,"skippedState":0,"skippedProcessed":0,"skippedReply":0},"conversation":null,"flowId":null}
2026-08-06T08:42:10.316Z cycle-start {}
2026-08-06T08:42:10.670Z cycle-result {"status":"idle","diagnostic":{"url":"https://www.instagram.com/direct/inbox/","rows":1,"markers":0,"eligible":0,"skippedState":0,"skippedProcessed":0,"skippedReply":0},"conversation":null,"flowId":null}
2026-08-06T08:42:11.143Z config {"enabled":true,"hasText":true}
2026-08-06T08:42:11.150Z config {"enabled":true,"hasText":true}
2026-08-06T08:42:11.164Z config {"enabled":true,"hasText":true}
2026-08-06T08:42:12.320Z cycle-start {}
2026-08-06T08:42:12.679Z cycle-result {"status":"idle","diagnostic":{"url":"https://www.instagram.com/direct/inbox/","rows":1,"markers":0,"eligible":0,"skippedState":0,"skippedProcessed":0,"skippedReply":0},"conversation":null,"flowId":null}
2026-08-06T08:42:14.324Z cycle-start {}
2026-08-06T08:42:14.683Z cycle-result {"status":"idle","diagnostic":{"url":"https://www.instagram.com/direct/inbox/","rows":1,"markers":0,"eligible":0,"skippedState":0,"skippedProcessed":0,"skippedReply":0},"conversation":null,"flowId":null}
2026-08-06T08:42:16.330Z cycle-start {}
2026-08-06T08:42:16.685Z cycle-result {"status":"idle","diagnostic":{"url":"https://www.instagram.com/direct/inbox/","rows":1,"markers":0,"eligible":0,"skippedState":0,"skippedProcessed":0,"skippedReply":0},"conversation":null,"flowId":null}
2026-08-06T08:42:18.332Z cycle-start {}
2026-08-06T08:42:18.692Z cycle-result {"status":"idle","diagnostic":{"url":"https://www.instagram.com/direct/inbox/","rows":1,"markers":0,"eligible":0,"skippedState":0,"skippedProcessed":0,"skippedReply":0},"conversation":null,"flowId":null}
2026-08-06T08:42:20.333Z cycle-start {}
2026-08-06T08:42:20.698Z cycle-result {"status":"idle","diagnostic":{"url":"https://www.instagram.com/direct/inbox/","rows":1,"markers":0,"eligible":0,"skippedState":0,"skippedProcessed":0,"skippedReply":0},"conversation":null,"flowId":null}
2026-08-06T08:42:22.345Z cycle-start {}
2026-08-06T08:42:22.705Z cycle-result {"status":"idle","diagnostic":{"url":"https://www.instagram.com/direct/inbox/","rows":1,"markers":0,"eligible":0,"skippedState":0,"skippedProcessed":0,"skippedReply":0},"conversation":null,"flowId":null}
2026-08-06T08:42:24.346Z cycle-start {}
2026-08-06T08:42:24.701Z cycle-result {"status":"idle","diagnostic":{"url":"https://www.instagram.com/direct/inbox/","rows":1,"markers":0,"eligible":0,"skippedState":0,"skippedProcessed":0,"skippedReply":0},"conversation":null,"flowId":null}
2026-08-06T08:42:26.346Z cycle-start {}
2026-08-06T08:42:26.706Z cycle-result {"status":"idle","diagnostic":{"url":"https://www.instagram.com/direct/inbox/","rows":1,"markers":0,"eligible":0,"skippedState":0,"skippedProcessed":0,"skippedReply":0},"conversation":null,"flowId":null}
2026-08-06T08:42:46.852Z config {"enabled":true,"hasText":true}
2026-08-06T08:42:46.855Z cycle-start {}
2026-08-06T08:42:46.865Z probe-load {"url":"https://www.instagram.com/direct/inbox/"}
2026-08-06T08:42:46.907Z config {"enabled":true,"hasText":true}
2026-08-06T08:42:48.661Z config {"enabled":true,"hasText":true}
2026-08-06T08:42:48.684Z cycle-result {"status":"idle","diagnostic":{"url":"https://www.instagram.com/direct/inbox/","rows":1,"markers":0,"eligible":0,"skippedState":0,"skippedProcessed":0,"skippedReply":0},"conversation":null,"flowId":null}
2026-08-06T08:42:48.857Z cycle-start {}
2026-08-06T08:42:49.212Z cycle-result {"status":"idle","diagnostic":{"url":"https://www.instagram.com/direct/inbox/","rows":1,"markers":0,"eligible":0,"skippedState":0,"skippedProcessed":0,"skippedReply":0},"conversation":null,"flowId":null}
2026-08-06T08:42:50.865Z cycle-start {}
2026-08-06T08:42:51.220Z cycle-result {"status":"idle","diagnostic":{"url":"https://www.instagram.com/direct/inbox/","rows":1,"markers":0,"eligible":0,"skippedState":0,"skippedProcessed":0,"skippedReply":0},"conversation":null,"flowId":null}
2026-08-06T08:42:52.870Z cycle-start {}
2026-08-06T08:42:53.230Z cycle-result {"status":"idle","diagnostic":{"url":"https://www.instagram.com/direct/inbox/","rows":1,"markers":0,"eligible":0,"skippedState":0,"skippedProcessed":0,"skippedReply":0},"conversation":null,"flowId":null}
2026-08-06T08:42:54.883Z cycle-start {}
2026-08-06T08:42:55.235Z cycle-result {"status":"idle","diagnostic":{"url":"https://www.instagram.com/direct/inbox/","rows":1,"markers":0,"eligible":0,"skippedState":0,"skippedProcessed":0,"skippedReply":0},"conversation":null,"flowId":null}
2026-08-06T08:42:56.891Z cycle-start {}
2026-08-06T08:42:57.259Z cycle-result {"status":"idle","diagnostic":{"url":"https://www.instagram.com/direct/inbox/","rows":1,"markers":0,"eligible":0,"skippedState":0,"skippedProcessed":0,"skippedReply":0},"conversation":null,"flowId":null}
2026-08-06T08:42:58.893Z cycle-start {}
2026-08-06T08:42:59.255Z cycle-result {"status":"idle","diagnostic":{"url":"https://www.instagram.com/direct/inbox/","rows":1,"markers":0,"eligible":0,"skippedState":0,"skippedProcessed":0,"skippedReply":0},"conversation":null,"flowId":null}
2026-08-06T08:43:00.899Z cycle-start {}
2026-08-06T08:43:01.261Z cycle-result {"status":"idle","diagnostic":{"url":"https://www.instagram.com/direct/inbox/","rows":1,"markers":0,"eligible":0,"skippedState":0,"skippedProcessed":0,"skippedReply":0},"conversation":null,"flowId":null}
2026-08-06T08:43:02.899Z cycle-start {}
2026-08-06T08:43:03.256Z cycle-result {"status":"idle","diagnostic":{"url":"https://www.instagram.com/direct/inbox/","rows":1,"markers":0,"eligible":0,"skippedState":0,"skippedProcessed":0,"skippedReply":0},"conversation":null,"flowId":null}
2026-08-06T08:43:04.900Z cycle-start {}
2026-08-06T08:43:05.253Z cycle-result {"status":"idle","diagnostic":{"url":"https://www.instagram.com/direct/inbox/","rows":1,"markers":0,"eligible":0,"skippedState":0,"skippedProcessed":0,"skippedReply":0},"conversation":null,"flowId":null}
2026-08-06T08:43:06.914Z cycle-start {}
2026-08-06T08:43:07.272Z cycle-result {"status":"idle","diagnostic":{"url":"https://www.instagram.com/direct/inbox/","rows":1,"markers":0,"eligible":0,"skippedState":0,"skippedProcessed":0,"skippedReply":0},"conversation":null,"flowId":null}
2026-08-06T08:43:08.919Z cycle-start {}
2026-08-06T08:43:09.276Z cycle-result {"status":"idle","diagnostic":{"url":"https://www.instagram.com/direct/inbox/","rows":1,"markers":0,"eligible":0,"skippedState":0,"skippedProcessed":0,"skippedReply":0},"conversation":null,"flowId":null}
2026-08-06T08:43:10.926Z cycle-start {}
2026-08-06T08:43:11.288Z cycle-result {"status":"idle","diagnostic":{"url":"https://www.instagram.com/direct/inbox/","rows":1,"markers":0,"eligible":0,"skippedState":0,"skippedProcessed":0,"skippedReply":0},"conversation":null,"flowId":null}
2026-08-06T08:43:12.926Z cycle-start {}
2026-08-06T08:43:13.288Z cycle-result {"status":"idle","diagnostic":{"url":"https://www.instagram.com/direct/inbox/","rows":1,"markers":0,"eligible":0,"skippedState":0,"skippedProcessed":0,"skippedReply":0},"conversation":null,"flowId":null}
2026-08-06T08:43:14.939Z cycle-start {}
2026-08-06T08:43:15.293Z cycle-result {"status":"idle","diagnostic":{"url":"https://www.instagram.com/direct/inbox/","rows":1,"markers":0,"eligible":0,"skippedState":0,"skippedProcessed":0,"skippedReply":0},"conversation":null,"flowId":null}
2026-08-06T08:43:16.943Z cycle-start {}
2026-08-06T08:43:17.305Z cycle-result {"status":"idle","diagnostic":{"url":"https://www.instagram.com/direct/inbox/","rows":1,"markers":0,"eligible":0,"skippedState":0,"skippedProcessed":0,"skippedReply":0},"conversation":null,"flowId":null}
2026-08-06T08:43:18.948Z cycle-start {}
2026-08-06T08:43:19.303Z cycle-result {"status":"idle","diagnostic":{"url":"https://www.instagram.com/direct/inbox/","rows":1,"markers":0,"eligible":0,"skippedState":0,"skippedProcessed":0,"skippedReply":0},"conversation":null,"flowId":null}
2026-08-06T08:43:20.956Z cycle-start {}
2026-08-06T08:43:21.316Z cycle-result {"status":"idle","diagnostic":{"url":"https://www.instagram.com/direct/inbox/","rows":1,"markers":0,"eligible":0,"skippedState":0,"skippedProcessed":0,"skippedReply":0},"conversation":null,"flowId":null}
2026-08-06T08:43:22.959Z cycle-start {}
2026-08-06T08:43:23.325Z cycle-result {"status":"idle","diagnostic":{"url":"https://www.instagram.com/direct/inbox/","rows":1,"markers":0,"eligible":0,"skippedState":0,"skippedProcessed":0,"skippedReply":0},"conversation":null,"flowId":null}
2026-08-06T08:43:24.961Z cycle-start {}
2026-08-06T08:43:25.321Z cycle-result {"status":"idle","diagnostic":{"url":"https://www.instagram.com/direct/inbox/","rows":1,"markers":0,"eligible":0,"skippedState":0,"skippedProcessed":0,"skippedReply":0},"conversation":null,"flowId":null}
2026-08-06T08:43:26.970Z cycle-start {}
2026-08-06T08:43:27.332Z cycle-result {"status":"idle","diagnostic":{"url":"https://www.instagram.com/direct/inbox/","rows":1,"markers":0,"eligible":0,"skippedState":0,"skippedProcessed":0,"skippedReply":0},"conversation":null,"flowId":null}
2026-08-06T08:43:28.970Z cycle-start {}
2026-08-06T08:43:29.324Z cycle-result {"status":"idle","diagnostic":{"url":"https://www.instagram.com/direct/inbox/","rows":1,"markers":0,"eligible":0,"skippedState":0,"skippedProcessed":0,"skippedReply":0},"conversation":null,"flowId":null}
2026-08-06T08:43:30.979Z cycle-start {}
2026-08-06T08:43:31.346Z cycle-result {"status":"idle","diagnostic":{"url":"https://www.instagram.com/direct/inbox/","rows":1,"markers":0,"eligible":0,"skippedState":0,"skippedProcessed":0,"skippedReply":0},"conversation":null,"flowId":null}
2026-08-06T08:43:32.990Z cycle-start {}
2026-08-06T08:43:33.346Z cycle-result {"status":"idle","diagnostic":{"url":"https://www.instagram.com/direct/inbox/","rows":1,"markers":0,"eligible":0,"skippedState":0,"skippedProcessed":0,"skippedReply":0},"conversation":null,"flowId":null}
2026-08-06T08:43:35.002Z cycle-start {}
2026-08-06T08:43:35.356Z cycle-result {"status":"idle","diagnostic":{"url":"https://www.instagram.com/direct/inbox/","rows":1,"markers":0,"eligible":0,"skippedState":0,"skippedProcessed":0,"skippedReply":0},"conversation":null,"flowId":null}
2026-08-06T08:43:37.014Z cycle-start {}
2026-08-06T08:43:37.372Z cycle-result {"status":"idle","diagnostic":{"url":"https://www.instagram.com/direct/inbox/","rows":1,"markers":0,"eligible":0,"skippedState":0,"skippedProcessed":0,"skippedReply":0},"conversation":null,"flowId":null}
2026-08-06T08:43:39.023Z cycle-start {}
2026-08-06T08:43:39.383Z cycle-result {"status":"idle","diagnostic":{"url":"https://www.instagram.com/direct/inbox/","rows":1,"markers":0,"eligible":0,"skippedState":0,"skippedProcessed":0,"skippedReply":0},"conversation":null,"flowId":null}
2026-08-06T08:43:41.030Z cycle-start {}
2026-08-06T08:43:41.388Z cycle-result {"status":"idle","diagnostic":{"url":"https://www.instagram.com/direct/inbox/","rows":1,"markers":0,"eligible":0,"skippedState":0,"skippedProcessed":0,"skippedReply":0},"conversation":null,"flowId":null}
2026-08-06T08:43:43.040Z cycle-start {}
2026-08-06T08:43:43.403Z cycle-result {"status":"idle","diagnostic":{"url":"https://www.instagram.com/direct/inbox/","rows":1,"markers":0,"eligible":0,"skippedState":0,"skippedProcessed":0,"skippedReply":0},"conversation":null,"flowId":null}
2026-08-06T08:43:45.048Z cycle-start {}
2026-08-06T08:43:45.407Z cycle-result {"status":"idle","diagnostic":{"url":"https://www.instagram.com/direct/inbox/","rows":1,"markers":0,"eligible":0,"skippedState":0,"skippedProcessed":0,"skippedReply":0},"conversation":null,"flowId":null}
2026-08-06T08:43:47.050Z cycle-start {}
2026-08-06T08:43:47.413Z cycle-result {"status":"idle","diagnostic":{"url":"https://www.instagram.com/direct/inbox/","rows":1,"markers":0,"eligible":0,"skippedState":0,"skippedProcessed":0,"skippedReply":0},"conversation":null,"flowId":null}
2026-08-06T08:43:49.050Z cycle-start {}
2026-08-06T08:43:49.410Z cycle-result {"status":"idle","diagnostic":{"url":"https://www.instagram.com/direct/inbox/","rows":1,"markers":0,"eligible":0,"skippedState":0,"skippedProcessed":0,"skippedReply":0},"conversation":null,"flowId":null}
2026-08-06T08:43:51.056Z cycle-start {}
2026-08-06T08:43:51.416Z cycle-result {"status":"idle","diagnostic":{"url":"https://www.instagram.com/direct/inbox/","rows":1,"markers":0,"eligible":0,"skippedState":0,"skippedProcessed":0,"skippedReply":0},"conversation":null,"flowId":null}
2026-08-06T08:43:53.061Z cycle-start {}
2026-08-06T08:43:53.419Z cycle-result {"status":"idle","diagnostic":{"url":"https://www.instagram.com/direct/inbox/","rows":1,"markers":0,"eligible":0,"skippedState":0,"skippedProcessed":0,"skippedReply":0},"conversation":null,"flowId":null}
2026-08-06T08:43:55.062Z cycle-start {}
2026-08-06T08:43:55.421Z cycle-result {"status":"idle","diagnostic":{"url":"https://www.instagram.com/direct/inbox/","rows":1,"markers":0,"eligible":0,"skippedState":0,"skippedProcessed":0,"skippedReply":0},"conversation":null,"flowId":null}
2026-08-06T08:43:57.071Z cycle-start {}
2026-08-06T08:43:57.430Z cycle-result {"status":"idle","diagnostic":{"url":"https://www.instagram.com/direct/inbox/","rows":1,"markers":0,"eligible":0,"skippedState":0,"skippedProcessed":0,"skippedReply":0},"conversation":null,"flowId":null}
2026-08-06T08:43:59.078Z cycle-start {}
2026-08-06T08:43:59.438Z cycle-result {"status":"idle","diagnostic":{"url":"https://www.instagram.com/direct/inbox/","rows":1,"markers":0,"eligible":0,"skippedState":0,"skippedProcessed":0,"skippedReply":0},"conversation":null,"flowId":null}
2026-08-06T08:44:01.088Z cycle-start {}
2026-08-06T08:44:01.445Z cycle-result {"status":"idle","diagnostic":{"url":"https://www.instagram.com/direct/inbox/","rows":1,"markers":0,"eligible":0,"skippedState":0,"skippedProcessed":0,"skippedReply":0},"conversation":null,"flowId":null}
2026-08-06T08:44:03.089Z cycle-start {}
2026-08-06T08:44:03.448Z cycle-result {"status":"idle","diagnostic":{"url":"https://www.instagram.com/direct/inbox/","rows":1,"markers":0,"eligible":0,"skippedState":0,"skippedProcessed":0,"skippedReply":0},"conversation":null,"flowId":null}
2026-08-06T08:44:05.096Z cycle-start {}
2026-08-06T08:44:05.458Z cycle-result {"status":"idle","diagnostic":{"url":"https://www.instagram.com/direct/inbox/","rows":1,"markers":0,"eligible":0,"skippedState":0,"skippedProcessed":0,"skippedReply":0},"conversation":null,"flowId":null}
2026-08-06T08:44:07.110Z cycle-start {}
2026-08-06T08:44:07.467Z cycle-result {"status":"idle","diagnostic":{"url":"https://www.instagram.com/direct/inbox/","rows":1,"markers":0,"eligible":0,"skippedState":0,"skippedProcessed":0,"skippedReply":0},"conversation":null,"flowId":null}
2026-08-06T08:44:09.115Z cycle-start {}
2026-08-06T08:44:09.474Z cycle-result {"status":"idle","diagnostic":{"url":"https://www.instagram.com/direct/inbox/","rows":1,"markers":0,"eligible":0,"skippedState":0,"skippedProcessed":0,"skippedReply":0},"conversation":null,"flowId":null}
2026-08-06T08:44:11.121Z cycle-start {}
2026-08-06T08:44:11.485Z cycle-result {"status":"idle","diagnostic":{"url":"https://www.instagram.com/direct/inbox/","rows":1,"markers":0,"eligible":0,"skippedState":0,"skippedProcessed":0,"skippedReply":0},"conversation":null,"flowId":null}
2026-08-06T08:44:13.135Z cycle-start {}
2026-08-06T08:44:13.493Z cycle-result {"status":"idle","diagnostic":{"url":"https://www.instagram.com/direct/inbox/","rows":1,"markers":0,"eligible":0,"skippedState":0,"skippedProcessed":0,"skippedReply":0},"conversation":null,"flowId":null}
2026-08-06T08:44:15.137Z cycle-start {}
2026-08-06T08:44:15.498Z cycle-result {"status":"idle","diagnostic":{"url":"https://www.instagram.com/direct/inbox/","rows":1,"markers":0,"eligible":0,"skippedState":0,"skippedProcessed":0,"skippedReply":0},"conversation":null,"flowId":null}
2026-08-06T08:44:17.148Z cycle-start {}
2026-08-06T08:44:17.507Z cycle-result {"status":"idle","diagnostic":{"url":"https://www.instagram.com/direct/inbox/","rows":1,"markers":0,"eligible":0,"skippedState":0,"skippedProcessed":0,"skippedReply":0},"conversation":null,"flowId":null}
2026-08-06T08:44:19.154Z cycle-start {}
2026-08-06T08:44:19.512Z cycle-result {"status":"idle","diagnostic":{"url":"https://www.instagram.com/direct/inbox/","rows":1,"markers":0,"eligible":0,"skippedState":0,"skippedProcessed":0,"skippedReply":0},"conversation":null,"flowId":null}
2026-08-06T08:44:21.161Z cycle-start {}
2026-08-06T08:44:21.520Z cycle-result {"status":"idle","diagnostic":{"url":"https://www.instagram.com/direct/inbox/","rows":1,"markers":0,"eligible":0,"skippedState":0,"skippedProcessed":0,"skippedReply":0},"conversation":null,"flowId":null}
2026-08-06T08:44:23.167Z cycle-start {}
2026-08-06T08:44:23.524Z cycle-result {"status":"idle","diagnostic":{"url":"https://www.instagram.com/direct/inbox/","rows":1,"markers":0,"eligible":0,"skippedState":0,"skippedProcessed":0,"skippedReply":0},"conversation":null,"flowId":null}
2026-08-06T08:44:25.176Z cycle-start {}
2026-08-06T08:44:25.534Z cycle-result {"status":"idle","diagnostic":{"url":"https://www.instagram.com/direct/inbox/","rows":1,"markers":0,"eligible":0,"skippedState":0,"skippedProcessed":0,"skippedReply":0},"conversation":null,"flowId":null}
2026-08-06T08:44:27.181Z cycle-start {}
2026-08-06T08:44:27.541Z cycle-result {"status":"idle","diagnostic":{"url":"https://www.instagram.com/direct/inbox/","rows":1,"markers":0,"eligible":0,"skippedState":0,"skippedProcessed":0,"skippedReply":0},"conversation":null,"flowId":null}
2026-08-06T08:44:29.185Z cycle-start {}
2026-08-06T08:44:29.549Z cycle-result {"status":"idle","diagnostic":{"url":"https://www.instagram.com/direct/inbox/","rows":1,"markers":0,"eligible":0,"skippedState":0,"skippedProcessed":0,"skippedReply":0},"conversation":null,"flowId":null}
2026-08-06T08:44:31.193Z cycle-start {}
2026-08-06T08:44:31.552Z cycle-result {"status":"idle","diagnostic":{"url":"https://www.instagram.com/direct/inbox/","rows":1,"markers":0,"eligible":0,"skippedState":0,"skippedProcessed":0,"skippedReply":0},"conversation":null,"flowId":null}
2026-08-06T08:44:33.204Z cycle-start {}
2026-08-06T08:44:33.564Z cycle-result {"status":"idle","diagnostic":{"url":"https://www.instagram.com/direct/inbox/","rows":1,"markers":0,"eligible":0,"skippedState":0,"skippedProcessed":0,"skippedReply":0},"conversation":null,"flowId":null}
2026-08-06T08:44:35.209Z cycle-start {}
2026-08-06T08:44:35.570Z cycle-result {"status":"idle","diagnostic":{"url":"https://www.instagram.com/direct/inbox/","rows":1,"markers":0,"eligible":0,"skippedState":0,"skippedProcessed":0,"skippedReply":0},"conversation":null,"flowId":null}
2026-08-06T08:44:37.213Z cycle-start {}
2026-08-06T08:44:37.568Z cycle-result {"status":"idle","diagnostic":{"url":"https://www.instagram.com/direct/inbox/","rows":1,"markers":0,"eligible":0,"skippedState":0,"skippedProcessed":0,"skippedReply":0},"conversation":null,"flowId":null}
2026-08-06T08:44:39.224Z cycle-start {}
2026-08-06T08:44:39.576Z cycle-result {"status":"idle","diagnostic":{"url":"https://www.instagram.com/direct/inbox/","rows":1,"markers":0,"eligible":0,"skippedState":0,"skippedProcessed":0,"skippedReply":0},"conversation":null,"flowId":null}
2026-08-06T08:44:41.226Z cycle-start {}
2026-08-06T08:44:41.587Z cycle-result {"status":"idle","diagnostic":{"url":"https://www.instagram.com/direct/inbox/","rows":1,"markers":0,"eligible":0,"skippedState":0,"skippedProcessed":0,"skippedReply":0},"conversation":null,"flowId":null}
2026-08-06T08:44:43.226Z cycle-start {}
2026-08-06T08:44:43.585Z cycle-result {"status":"idle","diagnostic":{"url":"https://www.instagram.com/direct/inbox/","rows":1,"markers":0,"eligible":0,"skippedState":0,"skippedProcessed":0,"skippedReply":0},"conversation":null,"flowId":null}
2026-08-06T08:44:45.228Z cycle-start {}
2026-08-06T08:44:45.581Z cycle-result {"status":"idle","diagnostic":{"url":"https://www.instagram.com/direct/inbox/","rows":1,"markers":0,"eligible":0,"skippedState":0,"skippedProcessed":0,"skippedReply":0},"conversation":null,"flowId":null}
2026-08-06T08:44:47.232Z cycle-start {}
2026-08-06T08:44:47.594Z cycle-result {"status":"idle","diagnostic":{"url":"https://www.instagram.com/direct/inbox/","rows":1,"markers":0,"eligible":0,"skippedState":0,"skippedProcessed":0,"skippedReply":0},"conversation":null,"flowId":null}
2026-08-06T08:44:49.235Z cycle-start {}
2026-08-06T08:44:49.590Z cycle-result {"status":"idle","diagnostic":{"url":"https://www.instagram.com/direct/inbox/","rows":1,"markers":0,"eligible":0,"skippedState":0,"skippedProcessed":0,"skippedReply":0},"conversation":null,"flowId":null}
2026-08-06T08:44:51.238Z cycle-start {}
2026-08-06T08:44:51.594Z cycle-result {"status":"idle","diagnostic":{"url":"https://www.instagram.com/direct/inbox/","rows":1,"markers":0,"eligible":0,"skippedState":0,"skippedProcessed":0,"skippedReply":0},"conversation":null,"flowId":null}
2026-08-06T08:44:53.239Z cycle-start {}
2026-08-06T08:44:53.606Z cycle-result {"status":"idle","diagnostic":{"url":"https://www.instagram.com/direct/inbox/","rows":1,"markers":0,"eligible":0,"skippedState":0,"skippedProcessed":0,"skippedReply":0},"conversation":null,"flowId":null}
2026-08-06T08:44:55.244Z cycle-start {}
2026-08-06T08:44:55.606Z cycle-result {"status":"idle","diagnostic":{"url":"https://www.instagram.com/direct/inbox/","rows":1,"markers":0,"eligible":0,"skippedState":0,"skippedProcessed":0,"skippedReply":0},"conversation":null,"flowId":null}
2026-08-06T08:44:57.248Z cycle-start {}
2026-08-06T08:44:57.603Z cycle-result {"status":"idle","diagnostic":{"url":"https://www.instagram.com/direct/inbox/","rows":1,"markers":0,"eligible":0,"skippedState":0,"skippedProcessed":0,"skippedReply":0},"conversation":null,"flowId":null}
2026-08-06T08:44:59.253Z cycle-start {}
2026-08-06T08:44:59.608Z cycle-result {"status":"idle","diagnostic":{"url":"https://www.instagram.com/direct/inbox/","rows":1,"markers":0,"eligible":0,"skippedState":0,"skippedProcessed":0,"skippedReply":0},"conversation":null,"flowId":null}
2026-08-06T08:45:01.260Z cycle-start {}
2026-08-06T08:45:01.616Z cycle-result {"status":"idle","diagnostic":{"url":"https://www.instagram.com/direct/inbox/","rows":1,"markers":0,"eligible":0,"skippedState":0,"skippedProcessed":0,"skippedReply":0},"conversation":null,"flowId":null}
2026-08-06T08:45:03.263Z cycle-start {}
2026-08-06T08:45:03.616Z cycle-result {"status":"idle","diagnostic":{"url":"https://www.instagram.com/direct/inbox/","rows":1,"markers":0,"eligible":0,"skippedState":0,"skippedProcessed":0,"skippedReply":0},"conversation":null,"flowId":null}
2026-08-06T08:45:05.263Z cycle-start {}
2026-08-06T08:45:05.628Z cycle-result {"status":"idle","diagnostic":{"url":"https://www.instagram.com/direct/inbox/","rows":1,"markers":0,"eligible":0,"skippedState":0,"skippedProcessed":0,"skippedReply":0},"conversation":null,"flowId":null}
2026-08-06T08:45:05.650Z config {"enabled":true,"hasText":true}
2026-08-06T08:45:05.652Z config {"enabled":true,"hasText":true}
2026-08-06T08:45:05.670Z config {"enabled":true,"hasText":true}
2026-08-06T08:45:07.265Z cycle-start {}
2026-08-06T08:45:07.625Z cycle-result {"status":"idle","diagnostic":{"url":"https://www.instagram.com/direct/inbox/","rows":1,"markers":0,"eligible":0,"skippedState":0,"skippedProcessed":0,"skippedReply":0},"conversation":null,"flowId":null}
2026-08-06T08:45:09.269Z cycle-start {}
2026-08-06T08:45:09.634Z cycle-result {"status":"idle","diagnostic":{"url":"https://www.instagram.com/direct/inbox/","rows":1,"markers":0,"eligible":0,"skippedState":0,"skippedProcessed":0,"skippedReply":0},"conversation":null,"flowId":null}
2026-08-06T08:45:11.276Z cycle-start {}
2026-08-06T08:45:11.642Z cycle-result {"status":"idle","diagnostic":{"url":"https://www.instagram.com/direct/inbox/","rows":1,"markers":0,"eligible":0,"skippedState":0,"skippedProcessed":0,"skippedReply":0},"conversation":null,"flowId":null}
2026-08-06T08:46:09.747Z config {"enabled":true,"hasText":true}
2026-08-06T08:46:09.749Z cycle-start {}
2026-08-06T08:46:09.752Z probe-load {"url":"https://www.instagram.com/direct/inbox/"}
2026-08-06T08:46:09.786Z config {"enabled":true,"hasText":true}
2026-08-06T08:46:11.450Z cycle-result {"status":"idle","diagnostic":{"url":"https://www.instagram.com/direct/inbox/","rows":1,"markers":0,"eligible":0,"skippedState":0,"skippedProcessed":0,"skippedReply":0},"conversation":null,"flowId":null}
2026-08-06T08:46:11.621Z config {"enabled":true,"hasText":true}
2026-08-06T08:46:11.761Z cycle-start {}
2026-08-06T08:46:12.117Z cycle-result {"status":"idle","diagnostic":{"url":"https://www.instagram.com/direct/inbox/","rows":1,"markers":0,"eligible":0,"skippedState":0,"skippedProcessed":0,"skippedReply":0},"conversation":null,"flowId":null}
2026-08-06T08:46:13.766Z cycle-start {}
2026-08-06T08:46:14.060Z config {"enabled":true,"hasText":true}
2026-08-06T08:46:14.133Z cycle-result {"status":"idle","diagnostic":{"url":"https://www.instagram.com/direct/inbox/","rows":1,"markers":0,"eligible":0,"skippedState":0,"skippedProcessed":0,"skippedReply":0},"conversation":null,"flowId":null}
2026-08-06T08:46:15.776Z cycle-start {}
2026-08-06T08:46:16.135Z cycle-result {"status":"idle","diagnostic":{"url":"https://www.instagram.com/direct/inbox/","rows":1,"markers":0,"eligible":0,"skippedState":0,"skippedProcessed":0,"skippedReply":0},"conversation":null,"flowId":null}
2026-08-06T08:46:17.783Z cycle-start {}
2026-08-06T08:46:18.140Z cycle-result {"status":"idle","diagnostic":{"url":"https://www.instagram.com/direct/inbox/","rows":1,"markers":0,"eligible":0,"skippedState":0,"skippedProcessed":0,"skippedReply":0},"conversation":null,"flowId":null}
2026-08-06T08:46:19.792Z cycle-start {}
2026-08-06T08:46:20.147Z cycle-result {"status":"idle","diagnostic":{"url":"https://www.instagram.com/direct/inbox/","rows":1,"markers":0,"eligible":0,"skippedState":0,"skippedProcessed":0,"skippedReply":0},"conversation":null,"flowId":null}
2026-08-06T08:46:21.798Z cycle-start {}
2026-08-06T08:46:22.159Z cycle-result {"status":"idle","diagnostic":{"url":"https://www.instagram.com/direct/inbox/","rows":1,"markers":0,"eligible":0,"skippedState":0,"skippedProcessed":0,"skippedReply":0},"conversation":null,"flowId":null}
2026-08-06T08:46:23.808Z cycle-start {}
2026-08-06T08:46:24.162Z cycle-result {"status":"idle","diagnostic":{"url":"https://www.instagram.com/direct/inbox/","rows":1,"markers":0,"eligible":0,"skippedState":0,"skippedProcessed":0,"skippedReply":0},"conversation":null,"flowId":null}
2026-08-06T08:46:25.808Z cycle-start {}
2026-08-06T08:46:26.164Z cycle-result {"status":"idle","diagnostic":{"url":"https://www.instagram.com/direct/inbox/","rows":1,"markers":0,"eligible":0,"skippedState":0,"skippedProcessed":0,"skippedReply":0},"conversation":null,"flowId":null}
2026-08-06T08:46:27.814Z cycle-start {}
2026-08-06T08:46:28.177Z cycle-result {"status":"idle","diagnostic":{"url":"https://www.instagram.com/direct/inbox/","rows":1,"markers":0,"eligible":0,"skippedState":0,"skippedProcessed":0,"skippedReply":0},"conversation":null,"flowId":null}
2026-08-06T08:46:29.818Z cycle-start {}
2026-08-06T08:46:30.177Z cycle-result {"status":"idle","diagnostic":{"url":"https://www.instagram.com/direct/inbox/","rows":1,"markers":0,"eligible":0,"skippedState":0,"skippedProcessed":0,"skippedReply":0},"conversation":null,"flowId":null}
2026-08-06T08:46:31.818Z cycle-start {}
2026-08-06T08:46:32.173Z cycle-result {"status":"idle","diagnostic":{"url":"https://www.instagram.com/direct/inbox/","rows":1,"markers":0,"eligible":0,"skippedState":0,"skippedProcessed":0,"skippedReply":0},"conversation":null,"flowId":null}
2026-08-06T08:46:33.819Z cycle-start {}
2026-08-06T08:46:34.177Z cycle-result {"status":"idle","diagnostic":{"url":"https://www.instagram.com/direct/inbox/","rows":1,"markers":0,"eligible":0,"skippedState":0,"skippedProcessed":0,"skippedReply":0},"conversation":null,"flowId":null}
2026-08-06T08:46:35.819Z cycle-start {}
2026-08-06T08:46:36.174Z cycle-result {"status":"idle","diagnostic":{"url":"https://www.instagram.com/direct/inbox/","rows":1,"markers":0,"eligible":0,"skippedState":0,"skippedProcessed":0,"skippedReply":0},"conversation":null,"flowId":null}
2026-08-06T08:46:37.819Z cycle-start {}
2026-08-06T08:46:38.177Z cycle-result {"status":"idle","diagnostic":{"url":"https://www.instagram.com/direct/inbox/","rows":1,"markers":0,"eligible":0,"skippedState":0,"skippedProcessed":0,"skippedReply":0},"conversation":null,"flowId":null}
2026-08-06T08:46:39.828Z cycle-start {}
2026-08-06T08:46:40.183Z cycle-result {"status":"idle","diagnostic":{"url":"https://www.instagram.com/direct/inbox/","rows":1,"markers":0,"eligible":0,"skippedState":0,"skippedProcessed":0,"skippedReply":0},"conversation":null,"flowId":null}
2026-08-06T08:46:41.828Z cycle-start {}
2026-08-06T08:46:42.191Z cycle-result {"status":"idle","diagnostic":{"url":"https://www.instagram.com/direct/inbox/","rows":1,"markers":0,"eligible":0,"skippedState":0,"skippedProcessed":0,"skippedReply":0},"conversation":null,"flowId":null}
2026-08-06T08:46:43.828Z cycle-start {}
2026-08-06T08:46:44.194Z cycle-result {"status":"idle","diagnostic":{"url":"https://www.instagram.com/direct/inbox/","rows":1,"markers":0,"eligible":0,"skippedState":0,"skippedProcessed":0,"skippedReply":0},"conversation":null,"flowId":null}
2026-08-06T08:46:45.832Z cycle-start {}
2026-08-06T08:46:46.188Z cycle-result {"status":"idle","diagnostic":{"url":"https://www.instagram.com/direct/inbox/","rows":1,"markers":0,"eligible":0,"skippedState":0,"skippedProcessed":0,"skippedReply":0},"conversation":null,"flowId":null}
2026-08-06T08:46:47.833Z cycle-start {}
2026-08-06T08:46:48.192Z cycle-result {"status":"idle","diagnostic":{"url":"https://www.instagram.com/direct/inbox/","rows":1,"markers":0,"eligible":0,"skippedState":0,"skippedProcessed":0,"skippedReply":0},"conversation":null,"flowId":null}
2026-08-06T08:46:49.837Z cycle-start {}
2026-08-06T08:46:50.197Z cycle-result {"status":"idle","diagnostic":{"url":"https://www.instagram.com/direct/inbox/","rows":1,"markers":0,"eligible":0,"skippedState":0,"skippedProcessed":0,"skippedReply":0},"conversation":null,"flowId":null}
2026-08-06T08:46:51.845Z cycle-start {}
2026-08-06T08:46:52.203Z cycle-result {"status":"idle","diagnostic":{"url":"https://www.instagram.com/direct/inbox/","rows":1,"markers":0,"eligible":0,"skippedState":0,"skippedProcessed":0,"skippedReply":0},"conversation":null,"flowId":null}
2026-08-06T08:46:53.846Z cycle-start {}
2026-08-06T08:46:54.213Z cycle-result {"status":"idle","diagnostic":{"url":"https://www.instagram.com/direct/inbox/","rows":1,"markers":0,"eligible":0,"skippedState":0,"skippedProcessed":0,"skippedReply":0},"conversation":null,"flowId":null}
2026-08-06T08:46:55.846Z cycle-start {}
2026-08-06T08:46:56.200Z cycle-result {"status":"idle","diagnostic":{"url":"https://www.instagram.com/direct/inbox/","rows":1,"markers":0,"eligible":0,"skippedState":0,"skippedProcessed":0,"skippedReply":0},"conversation":null,"flowId":null}
2026-08-06T08:46:57.855Z cycle-start {}
2026-08-06T08:46:58.221Z cycle-result {"status":"idle","diagnostic":{"url":"https://www.instagram.com/direct/inbox/","rows":1,"markers":0,"eligible":0,"skippedState":0,"skippedProcessed":0,"skippedReply":0},"conversation":null,"flowId":null}
2026-08-06T08:46:59.863Z cycle-start {}
2026-08-06T08:47:00.219Z cycle-result {"status":"idle","diagnostic":{"url":"https://www.instagram.com/direct/inbox/","rows":1,"markers":0,"eligible":0,"skippedState":0,"skippedProcessed":0,"skippedReply":0},"conversation":null,"flowId":null}
2026-08-06T08:47:01.868Z cycle-start {}
2026-08-06T08:47:02.227Z cycle-result {"status":"idle","diagnostic":{"url":"https://www.instagram.com/direct/inbox/","rows":1,"markers":0,"eligible":0,"skippedState":0,"skippedProcessed":0,"skippedReply":0},"conversation":null,"flowId":null}
2026-08-06T08:47:03.876Z cycle-start {}
2026-08-06T08:47:04.229Z cycle-result {"status":"idle","diagnostic":{"url":"https://www.instagram.com/direct/inbox/","rows":1,"markers":0,"eligible":0,"skippedState":0,"skippedProcessed":0,"skippedReply":0},"conversation":null,"flowId":null}
2026-08-06T08:47:05.879Z cycle-start {}
2026-08-06T08:47:06.240Z cycle-result {"status":"idle","diagnostic":{"url":"https://www.instagram.com/direct/inbox/","rows":1,"markers":0,"eligible":0,"skippedState":0,"skippedProcessed":0,"skippedReply":0},"conversation":null,"flowId":null}
2026-08-06T08:47:07.881Z cycle-start {}
2026-08-06T08:47:08.236Z cycle-result {"status":"idle","diagnostic":{"url":"https://www.instagram.com/direct/inbox/","rows":1,"markers":0,"eligible":0,"skippedState":0,"skippedProcessed":0,"skippedReply":0},"conversation":null,"flowId":null}
2026-08-06T08:47:09.891Z cycle-start {}
2026-08-06T08:47:10.253Z cycle-result {"status":"idle","diagnostic":{"url":"https://www.instagram.com/direct/inbox/","rows":1,"markers":0,"eligible":0,"skippedState":0,"skippedProcessed":0,"skippedReply":0},"conversation":null,"flowId":null}
2026-08-06T08:47:11.899Z cycle-start {}
2026-08-06T08:47:12.263Z cycle-result {"status":"idle","diagnostic":{"url":"https://www.instagram.com/direct/inbox/","rows":1,"markers":0,"eligible":0,"skippedState":0,"skippedProcessed":0,"skippedReply":0},"conversation":null,"flowId":null}
2026-08-06T08:47:13.906Z cycle-start {}
2026-08-06T08:47:14.266Z cycle-result {"status":"idle","diagnostic":{"url":"https://www.instagram.com/direct/inbox/","rows":1,"markers":0,"eligible":0,"skippedState":0,"skippedProcessed":0,"skippedReply":0},"conversation":null,"flowId":null}
2026-08-06T08:47:15.907Z cycle-start {}
2026-08-06T08:47:16.266Z cycle-result {"status":"idle","diagnostic":{"url":"https://www.instagram.com/direct/inbox/","rows":1,"markers":0,"eligible":0,"skippedState":0,"skippedProcessed":0,"skippedReply":0},"conversation":null,"flowId":null}
2026-08-06T08:47:17.913Z cycle-start {}
2026-08-06T08:47:18.275Z cycle-result {"status":"idle","diagnostic":{"url":"https://www.instagram.com/direct/inbox/","rows":1,"markers":0,"eligible":0,"skippedState":0,"skippedProcessed":0,"skippedReply":0},"conversation":null,"flowId":null}
2026-08-06T08:47:19.919Z cycle-start {}
2026-08-06T08:47:20.277Z cycle-result {"status":"idle","diagnostic":{"url":"https://www.instagram.com/direct/inbox/","rows":1,"markers":0,"eligible":0,"skippedState":0,"skippedProcessed":0,"skippedReply":0},"conversation":null,"flowId":null}
2026-08-06T08:47:21.925Z cycle-start {}
2026-08-06T08:47:22.289Z cycle-result {"status":"idle","diagnostic":{"url":"https://www.instagram.com/direct/inbox/","rows":1,"markers":0,"eligible":0,"skippedState":0,"skippedProcessed":0,"skippedReply":0},"conversation":null,"flowId":null}
2026-08-06T08:47:23.928Z cycle-start {}
2026-08-06T08:47:24.284Z cycle-result {"status":"idle","diagnostic":{"url":"https://www.instagram.com/direct/inbox/","rows":1,"markers":0,"eligible":0,"skippedState":0,"skippedProcessed":0,"skippedReply":0},"conversation":null,"flowId":null}
2026-08-06T08:47:25.940Z cycle-start {}
2026-08-06T08:47:26.301Z cycle-result {"status":"idle","diagnostic":{"url":"https://www.instagram.com/direct/inbox/","rows":1,"markers":0,"eligible":0,"skippedState":0,"skippedProcessed":0,"skippedReply":0},"conversation":null,"flowId":null}
2026-08-06T08:47:27.942Z cycle-start {}
2026-08-06T08:47:28.309Z cycle-result {"status":"idle","diagnostic":{"url":"https://www.instagram.com/direct/inbox/","rows":1,"markers":0,"eligible":0,"skippedState":0,"skippedProcessed":0,"skippedReply":0},"conversation":null,"flowId":null}
2026-08-06T08:47:29.942Z cycle-start {}
2026-08-06T08:47:30.297Z cycle-result {"status":"idle","diagnostic":{"url":"https://www.instagram.com/direct/inbox/","rows":1,"markers":0,"eligible":0,"skippedState":0,"skippedProcessed":0,"skippedReply":0},"conversation":null,"flowId":null}
2026-08-06T08:47:31.946Z cycle-start {}
2026-08-06T08:47:32.308Z cycle-result {"status":"idle","diagnostic":{"url":"https://www.instagram.com/direct/inbox/","rows":1,"markers":0,"eligible":0,"skippedState":0,"skippedProcessed":0,"skippedReply":0},"conversation":null,"flowId":null}
2026-08-06T08:47:33.951Z cycle-start {}
2026-08-06T08:47:34.306Z cycle-result {"status":"idle","diagnostic":{"url":"https://www.instagram.com/direct/inbox/","rows":1,"markers":0,"eligible":0,"skippedState":0,"skippedProcessed":0,"skippedReply":0},"conversation":null,"flowId":null}
2026-08-06T08:47:35.951Z cycle-start {}
2026-08-06T08:47:36.312Z cycle-result {"status":"idle","diagnostic":{"url":"https://www.instagram.com/direct/inbox/","rows":1,"markers":0,"eligible":0,"skippedState":0,"skippedProcessed":0,"skippedReply":0},"conversation":null,"flowId":null}
2026-08-06T08:47:37.954Z cycle-start {}
2026-08-06T08:47:38.309Z cycle-result {"status":"idle","diagnostic":{"url":"https://www.instagram.com/direct/inbox/","rows":1,"markers":0,"eligible":0,"skippedState":0,"skippedProcessed":0,"skippedReply":0},"conversation":null,"flowId":null}
2026-08-06T08:47:39.962Z cycle-start {}
2026-08-06T08:47:40.322Z cycle-result {"status":"idle","diagnostic":{"url":"https://www.instagram.com/direct/inbox/","rows":1,"markers":0,"eligible":0,"skippedState":0,"skippedProcessed":0,"skippedReply":0},"conversation":null,"flowId":null}
2026-08-06T08:47:41.964Z cycle-start {}
2026-08-06T08:47:42.326Z cycle-result {"status":"idle","diagnostic":{"url":"https://www.instagram.com/direct/inbox/","rows":1,"markers":0,"eligible":0,"skippedState":0,"skippedProcessed":0,"skippedReply":0},"conversation":null,"flowId":null}
2026-08-06T08:47:43.976Z cycle-start {}
2026-08-06T08:47:44.332Z cycle-result {"status":"idle","diagnostic":{"url":"https://www.instagram.com/direct/inbox/","rows":1,"markers":0,"eligible":0,"skippedState":0,"skippedProcessed":0,"skippedReply":0},"conversation":null,"flowId":null}
2026-08-06T08:47:45.979Z cycle-start {}
2026-08-06T08:47:46.341Z cycle-result {"status":"idle","diagnostic":{"url":"https://www.instagram.com/direct/inbox/","rows":1,"markers":0,"eligible":0,"skippedState":0,"skippedProcessed":0,"skippedReply":0},"conversation":null,"flowId":null}
2026-08-06T08:47:47.982Z cycle-start {}
2026-08-06T08:47:48.346Z cycle-result {"status":"idle","diagnostic":{"url":"https://www.instagram.com/direct/inbox/","rows":1,"markers":0,"eligible":0,"skippedState":0,"skippedProcessed":0,"skippedReply":0},"conversation":null,"flowId":null}
2026-08-06T08:47:49.986Z cycle-start {}
2026-08-06T08:47:50.344Z cycle-result {"status":"idle","diagnostic":{"url":"https://www.instagram.com/direct/inbox/","rows":1,"markers":0,"eligible":0,"skippedState":0,"skippedProcessed":0,"skippedReply":0},"conversation":null,"flowId":null}
2026-08-06T08:47:51.998Z cycle-start {}
2026-08-06T08:47:52.357Z cycle-result {"status":"idle","diagnostic":{"url":"https://www.instagram.com/direct/inbox/","rows":1,"markers":0,"eligible":0,"skippedState":0,"skippedProcessed":0,"skippedReply":0},"conversation":null,"flowId":null}
2026-08-06T08:47:53.998Z cycle-start {}
2026-08-06T08:47:54.354Z cycle-result {"status":"idle","diagnostic":{"url":"https://www.instagram.com/direct/inbox/","rows":1,"markers":0,"eligible":0,"skippedState":0,"skippedProcessed":0,"skippedReply":0},"conversation":null,"flowId":null}
2026-08-06T08:47:56.004Z cycle-start {}
2026-08-06T08:47:56.359Z cycle-result {"status":"idle","diagnostic":{"url":"https://www.instagram.com/direct/inbox/","rows":1,"markers":0,"eligible":0,"skippedState":0,"skippedProcessed":0,"skippedReply":0},"conversation":null,"flowId":null}
2026-08-06T08:47:58.017Z cycle-start {}
2026-08-06T08:47:58.376Z cycle-result {"status":"idle","diagnostic":{"url":"https://www.instagram.com/direct/inbox/","rows":1,"markers":0,"eligible":0,"skippedState":0,"skippedProcessed":0,"skippedReply":0},"conversation":null,"flowId":null}
2026-08-06T08:48:00.021Z cycle-start {}
2026-08-06T08:48:00.382Z cycle-result {"status":"idle","diagnostic":{"url":"https://www.instagram.com/direct/inbox/","rows":1,"markers":0,"eligible":0,"skippedState":0,"skippedProcessed":0,"skippedReply":0},"conversation":null,"flowId":null}
2026-08-06T08:48:02.030Z cycle-start {}
2026-08-06T08:48:02.389Z cycle-result {"status":"idle","diagnostic":{"url":"https://www.instagram.com/direct/inbox/","rows":1,"markers":0,"eligible":0,"skippedState":0,"skippedProcessed":0,"skippedReply":0},"conversation":null,"flowId":null}
2026-08-06T08:48:03.769Z config {"enabled":true,"hasText":true}
2026-08-06T08:48:03.777Z config {"enabled":true,"hasText":true}
2026-08-06T08:48:03.801Z config {"enabled":true,"hasText":true}
2026-08-06T08:48:04.036Z cycle-start {}
2026-08-06T08:48:04.395Z cycle-result {"status":"idle","diagnostic":{"url":"https://www.instagram.com/direct/inbox/","rows":1,"markers":0,"eligible":0,"skippedState":0,"skippedProcessed":0,"skippedReply":0},"conversation":null,"flowId":null}
2026-08-06T08:48:06.043Z cycle-start {}
2026-08-06T08:48:06.406Z cycle-result {"status":"idle","diagnostic":{"url":"https://www.instagram.com/direct/inbox/","rows":1,"markers":0,"eligible":0,"skippedState":0,"skippedProcessed":0,"skippedReply":0},"conversation":null,"flowId":null}
2026-08-06T08:48:08.052Z cycle-start {}
2026-08-06T08:48:08.411Z cycle-result {"status":"idle","diagnostic":{"url":"https://www.instagram.com/direct/inbox/","rows":1,"markers":0,"eligible":0,"skippedState":0,"skippedProcessed":0,"skippedReply":0},"conversation":null,"flowId":null}
2026-08-06T08:48:10.066Z cycle-start {}
2026-08-06T08:48:10.428Z cycle-result {"status":"idle","diagnostic":{"url":"https://www.instagram.com/direct/inbox/","rows":1,"markers":0,"eligible":0,"skippedState":0,"skippedProcessed":0,"skippedReply":0},"conversation":null,"flowId":null}
2026-08-06T08:48:12.072Z cycle-start {}
2026-08-06T08:48:12.430Z cycle-result {"status":"idle","diagnostic":{"url":"https://www.instagram.com/direct/inbox/","rows":1,"markers":0,"eligible":0,"skippedState":0,"skippedProcessed":0,"skippedReply":0},"conversation":null,"flowId":null}
2026-08-06T08:48:14.077Z cycle-start {}
2026-08-06T08:48:14.438Z cycle-result {"status":"idle","diagnostic":{"url":"https://www.instagram.com/direct/inbox/","rows":1,"markers":0,"eligible":0,"skippedState":0,"skippedProcessed":0,"skippedReply":0},"conversation":null,"flowId":null}
2026-08-06T08:48:16.090Z cycle-start {}
2026-08-06T08:48:16.449Z cycle-result {"status":"idle","diagnostic":{"url":"https://www.instagram.com/direct/inbox/","rows":1,"markers":0,"eligible":0,"skippedState":0,"skippedProcessed":0,"skippedReply":0},"conversation":null,"flowId":null}
2026-08-06T08:48:18.097Z cycle-start {}
2026-08-06T08:48:18.458Z cycle-result {"status":"idle","diagnostic":{"url":"https://www.instagram.com/direct/inbox/","rows":1,"markers":0,"eligible":0,"skippedState":0,"skippedProcessed":0,"skippedReply":0},"conversation":null,"flowId":null}
2026-08-06T08:48:20.108Z cycle-start {}
2026-08-06T08:48:20.468Z cycle-result {"status":"idle","diagnostic":{"url":"https://www.instagram.com/direct/inbox/","rows":1,"markers":0,"eligible":0,"skippedState":0,"skippedProcessed":0,"skippedReply":0},"conversation":null,"flowId":null}
2026-08-06T08:48:22.115Z cycle-start {}
2026-08-06T08:48:22.477Z cycle-result {"status":"idle","diagnostic":{"url":"https://www.instagram.com/direct/inbox/","rows":1,"markers":0,"eligible":0,"skippedState":0,"skippedProcessed":0,"skippedReply":0},"conversation":null,"flowId":null}
2026-08-06T08:48:24.122Z cycle-start {}
2026-08-06T08:48:24.481Z cycle-result {"status":"idle","diagnostic":{"url":"https://www.instagram.com/direct/inbox/","rows":1,"markers":0,"eligible":0,"skippedState":0,"skippedProcessed":0,"skippedReply":0},"conversation":null,"flowId":null}
2026-08-06T08:48:26.130Z cycle-start {}
2026-08-06T08:48:26.486Z cycle-result {"status":"idle","diagnostic":{"url":"https://www.instagram.com/direct/inbox/","rows":1,"markers":0,"eligible":0,"skippedState":0,"skippedProcessed":0,"skippedReply":0},"conversation":null,"flowId":null}
2026-08-06T08:48:28.131Z cycle-start {}
2026-08-06T08:48:28.488Z cycle-result {"status":"idle","diagnostic":{"url":"https://www.instagram.com/direct/inbox/","rows":1,"markers":0,"eligible":0,"skippedState":0,"skippedProcessed":0,"skippedReply":0},"conversation":null,"flowId":null}
2026-08-06T08:48:30.145Z cycle-start {}
2026-08-06T08:48:30.502Z cycle-result {"status":"idle","diagnostic":{"url":"https://www.instagram.com/direct/inbox/","rows":1,"markers":0,"eligible":0,"skippedState":0,"skippedProcessed":0,"skippedReply":0},"conversation":null,"flowId":null}
2026-08-06T08:48:32.151Z cycle-start {}
2026-08-06T08:48:32.512Z cycle-result {"status":"idle","diagnostic":{"url":"https://www.instagram.com/direct/inbox/","rows":1,"markers":0,"eligible":0,"skippedState":0,"skippedProcessed":0,"skippedReply":0},"conversation":null,"flowId":null}
2026-08-06T08:48:34.154Z cycle-start {}
2026-08-06T08:48:34.515Z cycle-result {"status":"idle","diagnostic":{"url":"https://www.instagram.com/direct/inbox/","rows":1,"markers":0,"eligible":0,"skippedState":0,"skippedProcessed":0,"skippedReply":0},"conversation":null,"flowId":null}
2026-08-06T08:48:36.164Z cycle-start {}
2026-08-06T08:48:36.526Z cycle-result {"status":"idle","diagnostic":{"url":"https://www.instagram.com/direct/inbox/","rows":1,"markers":0,"eligible":0,"skippedState":0,"skippedProcessed":0,"skippedReply":0},"conversation":null,"flowId":null}
2026-08-06T08:48:38.166Z cycle-start {}
2026-08-06T08:48:38.523Z cycle-result {"status":"idle","diagnostic":{"url":"https://www.instagram.com/direct/inbox/","rows":1,"markers":0,"eligible":0,"skippedState":0,"skippedProcessed":0,"skippedReply":0},"conversation":null,"flowId":null}
2026-08-06T08:48:40.171Z cycle-start {}
2026-08-06T08:48:40.531Z cycle-result {"status":"idle","diagnostic":{"url":"https://www.instagram.com/direct/inbox/","rows":1,"markers":0,"eligible":0,"skippedState":0,"skippedProcessed":0,"skippedReply":0},"conversation":null,"flowId":null}
2026-08-06T08:48:42.177Z cycle-start {}
2026-08-06T08:48:42.535Z cycle-result {"status":"idle","diagnostic":{"url":"https://www.instagram.com/direct/inbox/","rows":1,"markers":0,"eligible":0,"skippedState":0,"skippedProcessed":0,"skippedReply":0},"conversation":null,"flowId":null}
2026-08-06T08:48:44.182Z cycle-start {}
2026-08-06T08:48:44.544Z cycle-result {"status":"idle","diagnostic":{"url":"https://www.instagram.com/direct/inbox/","rows":1,"markers":0,"eligible":0,"skippedState":0,"skippedProcessed":0,"skippedReply":0},"conversation":null,"flowId":null}
2026-08-06T08:48:46.187Z cycle-start {}
2026-08-06T08:48:46.549Z cycle-result {"status":"idle","diagnostic":{"url":"https://www.instagram.com/direct/inbox/","rows":1,"markers":0,"eligible":0,"skippedState":0,"skippedProcessed":0,"skippedReply":0},"conversation":null,"flowId":null}
2026-08-06T08:48:48.200Z cycle-start {}
2026-08-06T08:48:48.560Z cycle-result {"status":"idle","diagnostic":{"url":"https://www.instagram.com/direct/inbox/","rows":1,"markers":0,"eligible":0,"skippedState":0,"skippedProcessed":0,"skippedReply":0},"conversation":null,"flowId":null}
2026-08-06T08:48:50.208Z cycle-start {}
2026-08-06T08:48:50.566Z cycle-result {"status":"idle","diagnostic":{"url":"https://www.instagram.com/direct/inbox/","rows":1,"markers":0,"eligible":0,"skippedState":0,"skippedProcessed":0,"skippedReply":0},"conversation":null,"flowId":null}
2026-08-06T08:48:52.214Z cycle-start {}
2026-08-06T08:48:52.577Z cycle-result {"status":"idle","diagnostic":{"url":"https://www.instagram.com/direct/inbox/","rows":1,"markers":0,"eligible":0,"skippedState":0,"skippedProcessed":0,"skippedReply":0},"conversation":null,"flowId":null}
2026-08-06T08:48:54.229Z cycle-start {}
2026-08-06T08:48:54.588Z cycle-result {"status":"idle","diagnostic":{"url":"https://www.instagram.com/direct/inbox/","rows":1,"markers":0,"eligible":0,"skippedState":0,"skippedProcessed":0,"skippedReply":0},"conversation":null,"flowId":null}
2026-08-06T08:48:56.237Z cycle-start {}
2026-08-06T08:48:56.597Z cycle-result {"status":"idle","diagnostic":{"url":"https://www.instagram.com/direct/inbox/","rows":1,"markers":0,"eligible":0,"skippedState":0,"skippedProcessed":0,"skippedReply":0},"conversation":null,"flowId":null}
2026-08-06T08:48:58.243Z cycle-start {}
2026-08-06T08:48:58.603Z cycle-result {"status":"idle","diagnostic":{"url":"https://www.instagram.com/direct/inbox/","rows":1,"markers":0,"eligible":0,"skippedState":0,"skippedProcessed":0,"skippedReply":0},"conversation":null,"flowId":null}
2026-08-06T08:49:00.249Z cycle-start {}
2026-08-06T08:49:00.604Z cycle-result {"status":"idle","diagnostic":{"url":"https://www.instagram.com/direct/inbox/","rows":1,"markers":0,"eligible":0,"skippedState":0,"skippedProcessed":0,"skippedReply":0},"conversation":null,"flowId":null}
2026-08-06T08:49:02.248Z cycle-start {}
2026-08-06T08:49:02.613Z cycle-result {"status":"idle","diagnostic":{"url":"https://www.instagram.com/direct/inbox/","rows":1,"markers":0,"eligible":0,"skippedState":0,"skippedProcessed":0,"skippedReply":0},"conversation":null,"flowId":null}
2026-08-06T08:49:04.250Z cycle-start {}
2026-08-06T08:49:04.604Z cycle-result {"status":"idle","diagnostic":{"url":"https://www.instagram.com/direct/inbox/","rows":1,"markers":0,"eligible":0,"skippedState":0,"skippedProcessed":0,"skippedReply":0},"conversation":null,"flowId":null}
2026-08-06T08:49:06.250Z cycle-start {}
2026-08-06T08:49:06.605Z cycle-result {"status":"idle","diagnostic":{"url":"https://www.instagram.com/direct/inbox/","rows":1,"markers":0,"eligible":0,"skippedState":0,"skippedProcessed":0,"skippedReply":0},"conversation":null,"flowId":null}
2026-08-06T08:49:08.250Z cycle-start {}
2026-08-06T08:49:08.605Z cycle-result {"status":"idle","diagnostic":{"url":"https://www.instagram.com/direct/inbox/","rows":1,"markers":0,"eligible":0,"skippedState":0,"skippedProcessed":0,"skippedReply":0},"conversation":null,"flowId":null}
2026-08-06T08:49:10.252Z cycle-start {}
2026-08-06T08:49:10.615Z cycle-result {"status":"idle","diagnostic":{"url":"https://www.instagram.com/direct/inbox/","rows":1,"markers":0,"eligible":0,"skippedState":0,"skippedProcessed":0,"skippedReply":0},"conversation":null,"flowId":null}
2026-08-06T08:49:14.446Z config {"enabled":true,"hasText":true}
2026-08-06T08:49:14.448Z cycle-start {}
2026-08-06T08:49:14.452Z probe-load {"url":"https://www.instagram.com/direct/inbox/"}
2026-08-06T08:49:14.482Z config {"enabled":true,"hasText":true}
2026-08-06T08:49:16.068Z config {"enabled":true,"hasText":true}
2026-08-06T08:49:16.124Z cycle-result {"status":"idle","diagnostic":{"url":"https://www.instagram.com/direct/inbox/","rows":1,"markers":0,"eligible":0,"skippedState":0,"skippedProcessed":0,"skippedReply":0},"conversation":null,"flowId":null}
2026-08-06T08:49:16.460Z cycle-start {}
2026-08-06T08:49:16.813Z cycle-result {"status":"idle","diagnostic":{"url":"https://www.instagram.com/direct/inbox/","rows":1,"markers":0,"eligible":0,"skippedState":0,"skippedProcessed":0,"skippedReply":0},"conversation":null,"flowId":null}
2026-08-06T08:49:18.466Z cycle-start {}
2026-08-06T08:49:18.825Z cycle-result {"status":"idle","diagnostic":{"url":"https://www.instagram.com/direct/inbox/","rows":1,"markers":0,"eligible":0,"skippedState":0,"skippedProcessed":0,"skippedReply":0},"conversation":null,"flowId":null}
2026-08-06T08:49:20.478Z cycle-start {}
2026-08-06T08:49:20.838Z cycle-result {"status":"idle","diagnostic":{"url":"https://www.instagram.com/direct/inbox/","rows":1,"markers":0,"eligible":0,"skippedState":0,"skippedProcessed":0,"skippedReply":0},"conversation":null,"flowId":null}
2026-08-06T08:49:22.490Z cycle-start {}
2026-08-06T08:49:22.849Z cycle-result {"status":"idle","diagnostic":{"url":"https://www.instagram.com/direct/inbox/","rows":1,"markers":0,"eligible":0,"skippedState":0,"skippedProcessed":0,"skippedReply":0},"conversation":null,"flowId":null}
2026-08-06T08:49:24.499Z cycle-start {}
2026-08-06T08:49:24.859Z cycle-result {"status":"idle","diagnostic":{"url":"https://www.instagram.com/direct/inbox/","rows":1,"markers":0,"eligible":0,"skippedState":0,"skippedProcessed":0,"skippedReply":0},"conversation":null,"flowId":null}
2026-08-06T08:49:26.511Z cycle-start {}
2026-08-06T08:49:26.867Z cycle-result {"status":"idle","diagnostic":{"url":"https://www.instagram.com/direct/inbox/","rows":1,"markers":0,"eligible":0,"skippedState":0,"skippedProcessed":0,"skippedReply":0},"conversation":null,"flowId":null}
2026-08-06T08:49:28.515Z cycle-start {}
2026-08-06T08:49:28.875Z cycle-result {"status":"idle","diagnostic":{"url":"https://www.instagram.com/direct/inbox/","rows":1,"markers":0,"eligible":0,"skippedState":0,"skippedProcessed":0,"skippedReply":0},"conversation":null,"flowId":null}
2026-08-06T08:49:30.530Z cycle-start {}
2026-08-06T08:49:30.888Z cycle-result {"status":"idle","diagnostic":{"url":"https://www.instagram.com/direct/inbox/","rows":1,"markers":0,"eligible":0,"skippedState":0,"skippedProcessed":0,"skippedReply":0},"conversation":null,"flowId":null}
2026-08-06T08:49:32.537Z cycle-start {}
2026-08-06T08:49:32.895Z cycle-result {"status":"idle","diagnostic":{"url":"https://www.instagram.com/direct/inbox/","rows":1,"markers":0,"eligible":0,"skippedState":0,"skippedProcessed":0,"skippedReply":0},"conversation":null,"flowId":null}
2026-08-06T08:49:34.544Z cycle-start {}
2026-08-06T08:49:34.905Z cycle-result {"status":"idle","diagnostic":{"url":"https://www.instagram.com/direct/inbox/","rows":1,"markers":0,"eligible":0,"skippedState":0,"skippedProcessed":0,"skippedReply":0},"conversation":null,"flowId":null}
2026-08-06T08:49:36.558Z cycle-start {}
2026-08-06T08:49:36.916Z cycle-result {"status":"idle","diagnostic":{"url":"https://www.instagram.com/direct/inbox/","rows":1,"markers":0,"eligible":0,"skippedState":0,"skippedProcessed":0,"skippedReply":0},"conversation":null,"flowId":null}
2026-08-06T08:49:38.563Z cycle-start {}
2026-08-06T08:49:38.925Z cycle-result {"status":"idle","diagnostic":{"url":"https://www.instagram.com/direct/inbox/","rows":1,"markers":0,"eligible":0,"skippedState":0,"skippedProcessed":0,"skippedReply":0},"conversation":null,"flowId":null}
2026-08-06T08:49:40.567Z cycle-start {}
2026-08-06T08:49:40.926Z cycle-result {"status":"idle","diagnostic":{"url":"https://www.instagram.com/direct/inbox/","rows":1,"markers":0,"eligible":0,"skippedState":0,"skippedProcessed":0,"skippedReply":0},"conversation":null,"flowId":null}
2026-08-06T08:49:42.579Z cycle-start {}
2026-08-06T08:49:42.939Z cycle-result {"status":"idle","diagnostic":{"url":"https://www.instagram.com/direct/inbox/","rows":1,"markers":0,"eligible":0,"skippedState":0,"skippedProcessed":0,"skippedReply":0},"conversation":null,"flowId":null}
2026-08-06T08:49:44.586Z cycle-start {}
2026-08-06T08:49:44.945Z cycle-result {"status":"idle","diagnostic":{"url":"https://www.instagram.com/direct/inbox/","rows":1,"markers":0,"eligible":0,"skippedState":0,"skippedProcessed":0,"skippedReply":0},"conversation":null,"flowId":null}
2026-08-06T08:49:46.595Z cycle-start {}
2026-08-06T08:49:46.954Z cycle-result {"status":"idle","diagnostic":{"url":"https://www.instagram.com/direct/inbox/","rows":1,"markers":0,"eligible":0,"skippedState":0,"skippedProcessed":0,"skippedReply":0},"conversation":null,"flowId":null}
2026-08-06T08:49:48.600Z cycle-start {}
2026-08-06T08:49:48.961Z cycle-result {"status":"idle","diagnostic":{"url":"https://www.instagram.com/direct/inbox/","rows":1,"markers":0,"eligible":0,"skippedState":0,"skippedProcessed":0,"skippedReply":0},"conversation":null,"flowId":null}
2026-08-06T08:49:50.610Z cycle-start {}
2026-08-06T08:49:50.970Z cycle-result {"status":"idle","diagnostic":{"url":"https://www.instagram.com/direct/inbox/","rows":1,"markers":0,"eligible":0,"skippedState":0,"skippedProcessed":0,"skippedReply":0},"conversation":null,"flowId":null}
2026-08-06T08:49:52.622Z cycle-start {}
2026-08-06T08:49:52.982Z cycle-result {"status":"idle","diagnostic":{"url":"https://www.instagram.com/direct/inbox/","rows":1,"markers":0,"eligible":0,"skippedState":0,"skippedProcessed":0,"skippedReply":0},"conversation":null,"flowId":null}
2026-08-06T08:49:54.630Z cycle-start {}
2026-08-06T08:49:54.991Z cycle-result {"status":"idle","diagnostic":{"url":"https://www.instagram.com/direct/inbox/","rows":1,"markers":0,"eligible":0,"skippedState":0,"skippedProcessed":0,"skippedReply":0},"conversation":null,"flowId":null}
2026-08-06T08:49:56.640Z cycle-start {}
2026-08-06T08:49:56.999Z cycle-result {"status":"idle","diagnostic":{"url":"https://www.instagram.com/direct/inbox/","rows":1,"markers":0,"eligible":0,"skippedState":0,"skippedProcessed":0,"skippedReply":0},"conversation":null,"flowId":null}
2026-08-06T08:49:58.647Z cycle-start {}
2026-08-06T08:49:59.011Z cycle-result {"status":"idle","diagnostic":{"url":"https://www.instagram.com/direct/inbox/","rows":1,"markers":0,"eligible":0,"skippedState":0,"skippedProcessed":0,"skippedReply":0},"conversation":null,"flowId":null}
2026-08-06T08:50:00.655Z cycle-start {}
2026-08-06T08:50:01.013Z cycle-result {"status":"idle","diagnostic":{"url":"https://www.instagram.com/direct/inbox/","rows":1,"markers":0,"eligible":0,"skippedState":0,"skippedProcessed":0,"skippedReply":0},"conversation":null,"flowId":null}
2026-08-06T08:50:02.665Z cycle-start {}
2026-08-06T08:50:03.024Z cycle-result {"status":"idle","diagnostic":{"url":"https://www.instagram.com/direct/inbox/","rows":1,"markers":0,"eligible":0,"skippedState":0,"skippedProcessed":0,"skippedReply":0},"conversation":null,"flowId":null}
2026-08-06T08:50:04.667Z cycle-start {}
2026-08-06T08:50:05.023Z cycle-result {"status":"idle","diagnostic":{"url":"https://www.instagram.com/direct/inbox/","rows":1,"markers":0,"eligible":0,"skippedState":0,"skippedProcessed":0,"skippedReply":0},"conversation":null,"flowId":null}
2026-08-06T08:50:06.671Z cycle-start {}
2026-08-06T08:50:07.037Z cycle-result {"status":"idle","diagnostic":{"url":"https://www.instagram.com/direct/inbox/","rows":1,"markers":0,"eligible":0,"skippedState":0,"skippedProcessed":0,"skippedReply":0},"conversation":null,"flowId":null}
2026-08-06T08:50:08.671Z cycle-start {}
2026-08-06T08:50:09.031Z cycle-result {"status":"idle","diagnostic":{"url":"https://www.instagram.com/direct/inbox/","rows":1,"markers":0,"eligible":0,"skippedState":0,"skippedProcessed":0,"skippedReply":0},"conversation":null,"flowId":null}
2026-08-06T08:50:10.676Z cycle-start {}
2026-08-06T08:50:11.031Z cycle-result {"status":"idle","diagnostic":{"url":"https://www.instagram.com/direct/inbox/","rows":1,"markers":0,"eligible":0,"skippedState":0,"skippedProcessed":0,"skippedReply":0},"conversation":null,"flowId":null}
2026-08-06T08:50:12.689Z cycle-start {}
2026-08-06T08:50:13.052Z cycle-result {"status":"idle","diagnostic":{"url":"https://www.instagram.com/direct/inbox/","rows":1,"markers":0,"eligible":0,"skippedState":0,"skippedProcessed":0,"skippedReply":0},"conversation":null,"flowId":null}
2026-08-06T08:50:14.704Z cycle-start {}
2026-08-06T08:50:15.059Z cycle-result {"status":"idle","diagnostic":{"url":"https://www.instagram.com/direct/inbox/","rows":1,"markers":0,"eligible":0,"skippedState":0,"skippedProcessed":0,"skippedReply":0},"conversation":null,"flowId":null}
2026-08-06T08:50:16.711Z cycle-start {}
2026-08-06T08:50:17.077Z cycle-result {"status":"idle","diagnostic":{"url":"https://www.instagram.com/direct/inbox/","rows":1,"markers":0,"eligible":0,"skippedState":0,"skippedProcessed":0,"skippedReply":0},"conversation":null,"flowId":null}
2026-08-06T08:50:18.712Z cycle-start {}
2026-08-06T08:50:19.079Z cycle-result {"status":"idle","diagnostic":{"url":"https://www.instagram.com/direct/inbox/","rows":1,"markers":0,"eligible":0,"skippedState":0,"skippedProcessed":0,"skippedReply":0},"conversation":null,"flowId":null}
2026-08-06T08:50:20.714Z cycle-start {}
2026-08-06T08:50:21.072Z cycle-result {"status":"idle","diagnostic":{"url":"https://www.instagram.com/direct/inbox/","rows":1,"markers":0,"eligible":0,"skippedState":0,"skippedProcessed":0,"skippedReply":0},"conversation":null,"flowId":null}
2026-08-06T08:50:22.718Z cycle-start {}
2026-08-06T08:50:23.078Z cycle-result {"status":"idle","diagnostic":{"url":"https://www.instagram.com/direct/inbox/","rows":1,"markers":0,"eligible":0,"skippedState":0,"skippedProcessed":0,"skippedReply":0},"conversation":null,"flowId":null}
2026-08-06T08:50:24.724Z cycle-start {}
2026-08-06T08:50:25.082Z cycle-result {"status":"idle","diagnostic":{"url":"https://www.instagram.com/direct/inbox/","rows":1,"markers":0,"eligible":0,"skippedState":0,"skippedProcessed":0,"skippedReply":0},"conversation":null,"flowId":null}
2026-08-06T08:50:26.728Z cycle-start {}
2026-08-06T08:50:27.088Z cycle-result {"status":"idle","diagnostic":{"url":"https://www.instagram.com/direct/inbox/","rows":1,"markers":0,"eligible":0,"skippedState":0,"skippedProcessed":0,"skippedReply":0},"conversation":null,"flowId":null}
2026-08-06T08:50:28.738Z cycle-start {}
2026-08-06T08:50:29.094Z cycle-result {"status":"idle","diagnostic":{"url":"https://www.instagram.com/direct/inbox/","rows":1,"markers":0,"eligible":0,"skippedState":0,"skippedProcessed":0,"skippedReply":0},"conversation":null,"flowId":null}
2026-08-06T08:50:30.743Z cycle-start {}
2026-08-06T08:50:31.102Z cycle-result {"status":"idle","diagnostic":{"url":"https://www.instagram.com/direct/inbox/","rows":1,"markers":0,"eligible":0,"skippedState":0,"skippedProcessed":0,"skippedReply":0},"conversation":null,"flowId":null}
2026-08-06T08:50:32.750Z cycle-start {}
2026-08-06T08:50:33.109Z cycle-result {"status":"idle","diagnostic":{"url":"https://www.instagram.com/direct/inbox/","rows":1,"markers":0,"eligible":0,"skippedState":0,"skippedProcessed":0,"skippedReply":0},"conversation":null,"flowId":null}
2026-08-06T08:50:34.758Z cycle-start {}
2026-08-06T08:50:35.119Z cycle-result {"status":"idle","diagnostic":{"url":"https://www.instagram.com/direct/inbox/","rows":1,"markers":0,"eligible":0,"skippedState":0,"skippedProcessed":0,"skippedReply":0},"conversation":null,"flowId":null}
2026-08-06T08:50:36.769Z cycle-start {}
2026-08-06T08:50:37.132Z cycle-result {"status":"idle","diagnostic":{"url":"https://www.instagram.com/direct/inbox/","rows":1,"markers":0,"eligible":0,"skippedState":0,"skippedProcessed":0,"skippedReply":0},"conversation":null,"flowId":null}
2026-08-06T08:50:38.775Z cycle-start {}
2026-08-06T08:50:39.134Z cycle-result {"status":"idle","diagnostic":{"url":"https://www.instagram.com/direct/inbox/","rows":1,"markers":0,"eligible":0,"skippedState":0,"skippedProcessed":0,"skippedReply":0},"conversation":null,"flowId":null}
2026-08-06T08:50:40.783Z cycle-start {}
2026-08-06T08:50:41.143Z cycle-result {"status":"idle","diagnostic":{"url":"https://www.instagram.com/direct/inbox/","rows":1,"markers":0,"eligible":0,"skippedState":0,"skippedProcessed":0,"skippedReply":0},"conversation":null,"flowId":null}
2026-08-06T08:50:42.793Z cycle-start {}
2026-08-06T08:50:43.155Z cycle-result {"status":"idle","diagnostic":{"url":"https://www.instagram.com/direct/inbox/","rows":1,"markers":0,"eligible":0,"skippedState":0,"skippedProcessed":0,"skippedReply":0},"conversation":null,"flowId":null}
2026-08-06T08:50:44.805Z cycle-start {}
2026-08-06T08:50:45.164Z cycle-result {"status":"idle","diagnostic":{"url":"https://www.instagram.com/direct/inbox/","rows":1,"markers":0,"eligible":0,"skippedState":0,"skippedProcessed":0,"skippedReply":0},"conversation":null,"flowId":null}
2026-08-06T08:50:46.815Z cycle-start {}
2026-08-06T08:50:47.172Z cycle-result {"status":"idle","diagnostic":{"url":"https://www.instagram.com/direct/inbox/","rows":1,"markers":0,"eligible":0,"skippedState":0,"skippedProcessed":0,"skippedReply":0},"conversation":null,"flowId":null}
2026-08-06T08:50:48.820Z cycle-start {}
2026-08-06T08:50:49.180Z cycle-result {"status":"idle","diagnostic":{"url":"https://www.instagram.com/direct/inbox/","rows":1,"markers":0,"eligible":0,"skippedState":0,"skippedProcessed":0,"skippedReply":0},"conversation":null,"flowId":null}
2026-08-06T08:50:50.828Z cycle-start {}
2026-08-06T08:50:51.186Z cycle-result {"status":"idle","diagnostic":{"url":"https://www.instagram.com/direct/inbox/","rows":1,"markers":0,"eligible":0,"skippedState":0,"skippedProcessed":0,"skippedReply":0},"conversation":null,"flowId":null}
2026-08-06T08:50:52.835Z cycle-start {}
2026-08-06T08:50:53.195Z cycle-result {"status":"idle","diagnostic":{"url":"https://www.instagram.com/direct/inbox/","rows":1,"markers":0,"eligible":0,"skippedState":0,"skippedProcessed":0,"skippedReply":0},"conversation":null,"flowId":null}
2026-08-06T08:50:54.839Z cycle-start {}
2026-08-06T08:50:55.198Z cycle-result {"status":"idle","diagnostic":{"url":"https://www.instagram.com/direct/inbox/","rows":1,"markers":0,"eligible":0,"skippedState":0,"skippedProcessed":0,"skippedReply":0},"conversation":null,"flowId":null}
2026-08-06T08:50:56.841Z cycle-start {}
2026-08-06T08:50:57.199Z cycle-result {"status":"idle","diagnostic":{"url":"https://www.instagram.com/direct/inbox/","rows":1,"markers":0,"eligible":0,"skippedState":0,"skippedProcessed":0,"skippedReply":0},"conversation":null,"flowId":null}
2026-08-06T08:50:58.849Z cycle-start {}
2026-08-06T08:50:59.209Z cycle-result {"status":"idle","diagnostic":{"url":"https://www.instagram.com/direct/inbox/","rows":1,"markers":0,"eligible":0,"skippedState":0,"skippedProcessed":0,"skippedReply":0},"conversation":null,"flowId":null}
2026-08-06T08:51:00.859Z cycle-start {}
2026-08-06T08:51:01.218Z cycle-result {"status":"idle","diagnostic":{"url":"https://www.instagram.com/direct/inbox/","rows":1,"markers":0,"eligible":0,"skippedState":0,"skippedProcessed":0,"skippedReply":0},"conversation":null,"flowId":null}
2026-08-06T08:51:02.866Z cycle-start {}
2026-08-06T08:51:03.227Z cycle-result {"status":"idle","diagnostic":{"url":"https://www.instagram.com/direct/inbox/","rows":1,"markers":0,"eligible":0,"skippedState":0,"skippedProcessed":0,"skippedReply":0},"conversation":null,"flowId":null}
2026-08-06T08:51:04.869Z cycle-start {}
2026-08-06T08:51:05.233Z cycle-result {"status":"idle","diagnostic":{"url":"https://www.instagram.com/direct/inbox/","rows":1,"markers":0,"eligible":0,"skippedState":0,"skippedProcessed":0,"skippedReply":0},"conversation":null,"flowId":null}
2026-08-06T08:51:06.877Z cycle-start {}
2026-08-06T08:51:07.242Z cycle-result {"status":"idle","diagnostic":{"url":"https://www.instagram.com/direct/inbox/","rows":1,"markers":0,"eligible":0,"skippedState":0,"skippedProcessed":0,"skippedReply":0},"conversation":null,"flowId":null}
2026-08-06T08:51:08.882Z cycle-start {}
2026-08-06T08:51:09.239Z cycle-result {"status":"idle","diagnostic":{"url":"https://www.instagram.com/direct/inbox/","rows":1,"markers":0,"eligible":0,"skippedState":0,"skippedProcessed":0,"skippedReply":0},"conversation":null,"flowId":null}
2026-08-06T08:51:10.888Z cycle-start {}
2026-08-06T08:51:11.249Z cycle-result {"status":"idle","diagnostic":{"url":"https://www.instagram.com/direct/inbox/","rows":1,"markers":0,"eligible":0,"skippedState":0,"skippedProcessed":0,"skippedReply":0},"conversation":null,"flowId":null}
2026-08-06T08:51:12.891Z cycle-start {}
2026-08-06T08:51:13.258Z cycle-result {"status":"idle","diagnostic":{"url":"https://www.instagram.com/direct/inbox/","rows":1,"markers":0,"eligible":0,"skippedState":0,"skippedProcessed":0,"skippedReply":0},"conversation":null,"flowId":null}
2026-08-06T08:51:14.892Z cycle-start {}
2026-08-06T08:51:15.255Z cycle-result {"status":"idle","diagnostic":{"url":"https://www.instagram.com/direct/inbox/","rows":1,"markers":0,"eligible":0,"skippedState":0,"skippedProcessed":0,"skippedReply":0},"conversation":null,"flowId":null}
2026-08-06T08:51:16.905Z cycle-start {}
2026-08-06T08:51:17.271Z cycle-result {"status":"idle","diagnostic":{"url":"https://www.instagram.com/direct/inbox/","rows":1,"markers":0,"eligible":0,"skippedState":0,"skippedProcessed":0,"skippedReply":0},"conversation":null,"flowId":null}
2026-08-06T08:51:18.908Z cycle-start {}
2026-08-06T08:51:19.263Z cycle-result {"status":"idle","diagnostic":{"url":"https://www.instagram.com/direct/inbox/","rows":1,"markers":0,"eligible":0,"skippedState":0,"skippedProcessed":0,"skippedReply":0},"conversation":null,"flowId":null}
2026-08-06T08:51:20.916Z cycle-start {}
2026-08-06T08:51:21.276Z cycle-result {"status":"idle","diagnostic":{"url":"https://www.instagram.com/direct/inbox/","rows":1,"markers":0,"eligible":0,"skippedState":0,"skippedProcessed":0,"skippedReply":0},"conversation":null,"flowId":null}
2026-08-06T08:51:22.928Z cycle-start {}
2026-08-06T08:51:23.284Z cycle-result {"status":"idle","diagnostic":{"url":"https://www.instagram.com/direct/inbox/","rows":1,"markers":0,"eligible":0,"skippedState":0,"skippedProcessed":0,"skippedReply":0},"conversation":null,"flowId":null}
2026-08-06T08:51:24.942Z cycle-start {}
2026-08-06T08:51:25.302Z cycle-result {"status":"idle","diagnostic":{"url":"https://www.instagram.com/direct/inbox/","rows":1,"markers":0,"eligible":0,"skippedState":0,"skippedProcessed":0,"skippedReply":0},"conversation":null,"flowId":null}
2026-08-06T08:51:26.955Z cycle-start {}
2026-08-06T08:51:27.314Z cycle-result {"status":"idle","diagnostic":{"url":"https://www.instagram.com/direct/inbox/","rows":1,"markers":0,"eligible":0,"skippedState":0,"skippedProcessed":0,"skippedReply":0},"conversation":null,"flowId":null}
2026-08-06T08:51:28.966Z cycle-start {}
2026-08-06T08:51:29.321Z cycle-result {"status":"idle","diagnostic":{"url":"https://www.instagram.com/direct/inbox/","rows":1,"markers":0,"eligible":0,"skippedState":0,"skippedProcessed":0,"skippedReply":0},"conversation":null,"flowId":null}
2026-08-06T08:51:30.975Z cycle-start {}
2026-08-06T08:51:31.331Z cycle-result {"status":"idle","diagnostic":{"url":"https://www.instagram.com/direct/inbox/","rows":1,"markers":0,"eligible":0,"skippedState":0,"skippedProcessed":0,"skippedReply":0},"conversation":null,"flowId":null}
2026-08-06T08:51:32.982Z cycle-start {}
2026-08-06T08:51:33.336Z cycle-result {"status":"idle","diagnostic":{"url":"https://www.instagram.com/direct/inbox/","rows":1,"markers":0,"eligible":0,"skippedState":0,"skippedProcessed":0,"skippedReply":0},"conversation":null,"flowId":null}
2026-08-06T08:51:34.987Z cycle-start {}
2026-08-06T08:51:35.346Z cycle-result {"status":"idle","diagnostic":{"url":"https://www.instagram.com/direct/inbox/","rows":1,"markers":0,"eligible":0,"skippedState":0,"skippedProcessed":0,"skippedReply":0},"conversation":null,"flowId":null}
2026-08-06T08:51:36.998Z cycle-start {}
2026-08-06T08:51:37.353Z cycle-result {"status":"idle","diagnostic":{"url":"https://www.instagram.com/direct/inbox/","rows":1,"markers":0,"eligible":0,"skippedState":0,"skippedProcessed":0,"skippedReply":0},"conversation":null,"flowId":null}
2026-08-06T08:51:38.998Z cycle-start {}
2026-08-06T08:51:39.362Z cycle-result {"status":"idle","diagnostic":{"url":"https://www.instagram.com/direct/inbox/","rows":1,"markers":0,"eligible":0,"skippedState":0,"skippedProcessed":0,"skippedReply":0},"conversation":null,"flowId":null}
2026-08-06T08:51:40.999Z cycle-start {}
2026-08-06T08:51:41.352Z cycle-result {"status":"idle","diagnostic":{"url":"https://www.instagram.com/direct/inbox/","rows":1,"markers":0,"eligible":0,"skippedState":0,"skippedProcessed":0,"skippedReply":0},"conversation":null,"flowId":null}
2026-08-06T08:51:43.001Z cycle-start {}
2026-08-06T08:51:43.358Z cycle-result {"status":"idle","diagnostic":{"url":"https://www.instagram.com/direct/inbox/","rows":1,"markers":0,"eligible":0,"skippedState":0,"skippedProcessed":0,"skippedReply":0},"conversation":null,"flowId":null}
2026-08-06T08:51:45.008Z cycle-start {}
2026-08-06T08:51:45.367Z cycle-result {"status":"idle","diagnostic":{"url":"https://www.instagram.com/direct/inbox/","rows":1,"markers":0,"eligible":0,"skippedState":0,"skippedProcessed":0,"skippedReply":0},"conversation":null,"flowId":null}
2026-08-06T08:51:47.018Z cycle-start {}
2026-08-06T08:51:47.377Z cycle-result {"status":"idle","diagnostic":{"url":"https://www.instagram.com/direct/inbox/","rows":1,"markers":0,"eligible":0,"skippedState":0,"skippedProcessed":0,"skippedReply":0},"conversation":null,"flowId":null}
2026-08-06T08:51:49.027Z cycle-start {}
2026-08-06T08:51:49.389Z cycle-result {"status":"idle","diagnostic":{"url":"https://www.instagram.com/direct/inbox/","rows":1,"markers":0,"eligible":0,"skippedState":0,"skippedProcessed":0,"skippedReply":0},"conversation":null,"flowId":null}
2026-08-06T08:51:51.038Z cycle-start {}
2026-08-06T08:51:51.400Z cycle-result {"status":"idle","diagnostic":{"url":"https://www.instagram.com/direct/inbox/","rows":1,"markers":0,"eligible":0,"skippedState":0,"skippedProcessed":0,"skippedReply":0},"conversation":null,"flowId":null}
2026-08-06T08:51:53.046Z cycle-start {}
2026-08-06T08:51:53.405Z cycle-result {"status":"idle","diagnostic":{"url":"https://www.instagram.com/direct/inbox/","rows":1,"markers":0,"eligible":0,"skippedState":0,"skippedProcessed":0,"skippedReply":0},"conversation":null,"flowId":null}
2026-08-06T08:51:55.055Z cycle-start {}
2026-08-06T08:51:55.414Z cycle-result {"status":"idle","diagnostic":{"url":"https://www.instagram.com/direct/inbox/","rows":1,"markers":0,"eligible":0,"skippedState":0,"skippedProcessed":0,"skippedReply":0},"conversation":null,"flowId":null}
2026-08-06T08:51:57.058Z cycle-start {}
2026-08-06T08:51:57.415Z cycle-result {"status":"idle","diagnostic":{"url":"https://www.instagram.com/direct/inbox/","rows":1,"markers":0,"eligible":0,"skippedState":0,"skippedProcessed":0,"skippedReply":0},"conversation":null,"flowId":null}
2026-08-06T08:51:59.061Z cycle-start {}
2026-08-06T08:51:59.420Z cycle-result {"status":"idle","diagnostic":{"url":"https://www.instagram.com/direct/inbox/","rows":1,"markers":0,"eligible":0,"skippedState":0,"skippedProcessed":0,"skippedReply":0},"conversation":null,"flowId":null}
2026-08-06T08:52:01.067Z cycle-start {}
2026-08-06T08:52:01.427Z cycle-result {"status":"idle","diagnostic":{"url":"https://www.instagram.com/direct/inbox/","rows":1,"markers":0,"eligible":0,"skippedState":0,"skippedProcessed":0,"skippedReply":0},"conversation":null,"flowId":null}
2026-08-06T08:52:03.079Z cycle-start {}
2026-08-06T08:52:03.435Z cycle-result {"status":"idle","diagnostic":{"url":"https://www.instagram.com/direct/inbox/","rows":1,"markers":0,"eligible":0,"skippedState":0,"skippedProcessed":0,"skippedReply":0},"conversation":null,"flowId":null}
2026-08-06T08:52:05.078Z cycle-start {}
2026-08-06T08:52:05.437Z cycle-result {"status":"idle","diagnostic":{"url":"https://www.instagram.com/direct/inbox/","rows":1,"markers":0,"eligible":0,"skippedState":0,"skippedProcessed":0,"skippedReply":0},"conversation":null,"flowId":null}
2026-08-06T08:52:07.086Z cycle-start {}
2026-08-06T08:52:07.446Z cycle-result {"status":"idle","diagnostic":{"url":"https://www.instagram.com/direct/inbox/","rows":1,"markers":0,"eligible":0,"skippedState":0,"skippedProcessed":0,"skippedReply":0},"conversation":null,"flowId":null}
2026-08-06T08:52:09.092Z cycle-start {}
2026-08-06T08:52:09.448Z cycle-result {"status":"idle","diagnostic":{"url":"https://www.instagram.com/direct/inbox/","rows":1,"markers":0,"eligible":0,"skippedState":0,"skippedProcessed":0,"skippedReply":0},"conversation":null,"flowId":null}
2026-08-06T08:52:11.095Z cycle-start {}
2026-08-06T08:52:11.455Z cycle-result {"status":"idle","diagnostic":{"url":"https://www.instagram.com/direct/inbox/","rows":1,"markers":0,"eligible":0,"skippedState":0,"skippedProcessed":0,"skippedReply":0},"conversation":null,"flowId":null}
2026-08-06T08:52:13.101Z cycle-start {}
2026-08-06T08:52:13.459Z cycle-result {"status":"idle","diagnostic":{"url":"https://www.instagram.com/direct/inbox/","rows":1,"markers":0,"eligible":0,"skippedState":0,"skippedProcessed":0,"skippedReply":0},"conversation":null,"flowId":null}
2026-08-06T08:52:15.114Z cycle-start {}
2026-08-06T08:52:15.467Z cycle-result {"status":"idle","diagnostic":{"url":"https://www.instagram.com/direct/inbox/","rows":1,"markers":0,"eligible":0,"skippedState":0,"skippedProcessed":0,"skippedReply":0},"conversation":null,"flowId":null}
2026-08-06T08:52:17.119Z cycle-start {}
2026-08-06T08:52:17.478Z cycle-result {"status":"idle","diagnostic":{"url":"https://www.instagram.com/direct/inbox/","rows":1,"markers":0,"eligible":0,"skippedState":0,"skippedProcessed":0,"skippedReply":0},"conversation":null,"flowId":null}
2026-08-06T08:52:19.130Z cycle-start {}
2026-08-06T08:52:19.488Z cycle-result {"status":"idle","diagnostic":{"url":"https://www.instagram.com/direct/inbox/","rows":1,"markers":0,"eligible":0,"skippedState":0,"skippedProcessed":0,"skippedReply":0},"conversation":null,"flowId":null}
2026-08-06T08:52:21.130Z cycle-start {}
2026-08-06T08:52:21.491Z cycle-result {"status":"idle","diagnostic":{"url":"https://www.instagram.com/direct/inbox/","rows":1,"markers":0,"eligible":0,"skippedState":0,"skippedProcessed":0,"skippedReply":0},"conversation":null,"flowId":null}
2026-08-06T08:52:23.136Z cycle-start {}
2026-08-06T08:52:23.499Z cycle-result {"status":"idle","diagnostic":{"url":"https://www.instagram.com/direct/inbox/","rows":1,"markers":0,"eligible":0,"skippedState":0,"skippedProcessed":0,"skippedReply":0},"conversation":null,"flowId":null}
2026-08-06T08:52:25.146Z cycle-start {}
2026-08-06T08:52:25.502Z cycle-result {"status":"idle","diagnostic":{"url":"https://www.instagram.com/direct/inbox/","rows":1,"markers":0,"eligible":0,"skippedState":0,"skippedProcessed":0,"skippedReply":0},"conversation":null,"flowId":null}
2026-08-06T08:52:27.150Z cycle-start {}
2026-08-06T08:52:27.504Z cycle-result {"status":"idle","diagnostic":{"url":"https://www.instagram.com/direct/inbox/","rows":1,"markers":0,"eligible":0,"skippedState":0,"skippedProcessed":0,"skippedReply":0},"conversation":null,"flowId":null}
2026-08-06T08:52:29.156Z cycle-start {}
2026-08-06T08:52:29.519Z cycle-result {"status":"idle","diagnostic":{"url":"https://www.instagram.com/direct/inbox/","rows":1,"markers":0,"eligible":0,"skippedState":0,"skippedProcessed":0,"skippedReply":0},"conversation":null,"flowId":null}
2026-08-06T08:52:31.160Z cycle-start {}
2026-08-06T08:52:31.520Z cycle-result {"status":"idle","diagnostic":{"url":"https://www.instagram.com/direct/inbox/","rows":1,"markers":0,"eligible":0,"skippedState":0,"skippedProcessed":0,"skippedReply":0},"conversation":null,"flowId":null}
2026-08-06T08:52:33.167Z cycle-start {}
2026-08-06T08:52:33.531Z cycle-result {"status":"idle","diagnostic":{"url":"https://www.instagram.com/direct/inbox/","rows":1,"markers":0,"eligible":0,"skippedState":0,"skippedProcessed":0,"skippedReply":0},"conversation":null,"flowId":null}
2026-08-06T08:52:35.178Z cycle-start {}
2026-08-06T08:52:35.535Z cycle-result {"status":"idle","diagnostic":{"url":"https://www.instagram.com/direct/inbox/","rows":1,"markers":0,"eligible":0,"skippedState":0,"skippedProcessed":0,"skippedReply":0},"conversation":null,"flowId":null}
2026-08-06T08:52:37.186Z cycle-start {}
2026-08-06T08:52:37.545Z cycle-result {"status":"idle","diagnostic":{"url":"https://www.instagram.com/direct/inbox/","rows":1,"markers":0,"eligible":0,"skippedState":0,"skippedProcessed":0,"skippedReply":0},"conversation":null,"flowId":null}
2026-08-06T08:52:39.186Z cycle-start {}
2026-08-06T08:52:39.551Z cycle-result {"status":"idle","diagnostic":{"url":"https://www.instagram.com/direct/inbox/","rows":1,"markers":0,"eligible":0,"skippedState":0,"skippedProcessed":0,"skippedReply":0},"conversation":null,"flowId":null}
2026-08-06T08:52:41.197Z cycle-start {}
2026-08-06T08:52:41.557Z cycle-result {"status":"idle","diagnostic":{"url":"https://www.instagram.com/direct/inbox/","rows":1,"markers":0,"eligible":0,"skippedState":0,"skippedProcessed":0,"skippedReply":0},"conversation":null,"flowId":null}
2026-08-06T08:52:43.200Z cycle-start {}
2026-08-06T08:52:43.557Z cycle-result {"status":"idle","diagnostic":{"url":"https://www.instagram.com/direct/inbox/","rows":1,"markers":0,"eligible":0,"skippedState":0,"skippedProcessed":0,"skippedReply":0},"conversation":null,"flowId":null}
2026-08-06T08:52:45.210Z cycle-start {}
2026-08-06T08:52:45.566Z cycle-result {"status":"idle","diagnostic":{"url":"https://www.instagram.com/direct/inbox/","rows":1,"markers":0,"eligible":0,"skippedState":0,"skippedProcessed":0,"skippedReply":0},"conversation":null,"flowId":null}
2026-08-06T08:52:47.216Z cycle-start {}
2026-08-06T08:52:47.575Z cycle-result {"status":"idle","diagnostic":{"url":"https://www.instagram.com/direct/inbox/","rows":1,"markers":0,"eligible":0,"skippedState":0,"skippedProcessed":0,"skippedReply":0},"conversation":null,"flowId":null}
2026-08-06T08:52:49.218Z cycle-start {}
2026-08-06T08:52:49.575Z cycle-result {"status":"idle","diagnostic":{"url":"https://www.instagram.com/direct/inbox/","rows":1,"markers":0,"eligible":0,"skippedState":0,"skippedProcessed":0,"skippedReply":0},"conversation":null,"flowId":null}
2026-08-06T08:52:51.222Z cycle-start {}
2026-08-06T08:52:51.580Z cycle-result {"status":"idle","diagnostic":{"url":"https://www.instagram.com/direct/inbox/","rows":1,"markers":0,"eligible":0,"skippedState":0,"skippedProcessed":0,"skippedReply":0},"conversation":null,"flowId":null}
2026-08-06T08:52:53.227Z cycle-start {}
2026-08-06T08:52:53.588Z cycle-result {"status":"idle","diagnostic":{"url":"https://www.instagram.com/direct/inbox/","rows":1,"markers":0,"eligible":0,"skippedState":0,"skippedProcessed":0,"skippedReply":0},"conversation":null,"flowId":null}
2026-08-06T08:52:55.232Z cycle-start {}
2026-08-06T08:52:55.591Z cycle-result {"status":"idle","diagnostic":{"url":"https://www.instagram.com/direct/inbox/","rows":1,"markers":0,"eligible":0,"skippedState":0,"skippedProcessed":0,"skippedReply":0},"conversation":null,"flowId":null}
2026-08-06T08:52:57.237Z cycle-start {}
2026-08-06T08:52:57.596Z cycle-result {"status":"idle","diagnostic":{"url":"https://www.instagram.com/direct/inbox/","rows":1,"markers":0,"eligible":0,"skippedState":0,"skippedProcessed":0,"skippedReply":0},"conversation":null,"flowId":null}
2026-08-06T08:52:59.243Z cycle-start {}
2026-08-06T08:52:59.600Z cycle-result {"status":"idle","diagnostic":{"url":"https://www.instagram.com/direct/inbox/","rows":1,"markers":0,"eligible":0,"skippedState":0,"skippedProcessed":0,"skippedReply":0},"conversation":null,"flowId":null}
2026-08-06T08:53:01.244Z cycle-start {}
2026-08-06T08:53:01.600Z cycle-result {"status":"idle","diagnostic":{"url":"https://www.instagram.com/direct/inbox/","rows":1,"markers":0,"eligible":0,"skippedState":0,"skippedProcessed":0,"skippedReply":0},"conversation":null,"flowId":null}
2026-08-06T08:53:03.247Z cycle-start {}
2026-08-06T08:53:03.605Z cycle-result {"status":"idle","diagnostic":{"url":"https://www.instagram.com/direct/inbox/","rows":1,"markers":0,"eligible":0,"skippedState":0,"skippedProcessed":0,"skippedReply":0},"conversation":null,"flowId":null}
2026-08-06T08:53:05.253Z cycle-start {}
2026-08-06T08:53:05.610Z cycle-result {"status":"idle","diagnostic":{"url":"https://www.instagram.com/direct/inbox/","rows":1,"markers":0,"eligible":0,"skippedState":0,"skippedProcessed":0,"skippedReply":0},"conversation":null,"flowId":null}
2026-08-06T08:53:07.256Z cycle-start {}
2026-08-06T08:53:07.615Z cycle-result {"status":"idle","diagnostic":{"url":"https://www.instagram.com/direct/inbox/","rows":1,"markers":0,"eligible":0,"skippedState":0,"skippedProcessed":0,"skippedReply":0},"conversation":null,"flowId":null}
2026-08-06T08:53:09.261Z cycle-start {}
2026-08-06T08:53:09.620Z cycle-result {"status":"idle","diagnostic":{"url":"https://www.instagram.com/direct/inbox/","rows":1,"markers":0,"eligible":0,"skippedState":0,"skippedProcessed":0,"skippedReply":0},"conversation":null,"flowId":null}
2026-08-06T08:53:11.265Z cycle-start {}
2026-08-06T08:53:11.628Z cycle-result {"status":"idle","diagnostic":{"url":"https://www.instagram.com/direct/inbox/","rows":1,"markers":0,"eligible":0,"skippedState":0,"skippedProcessed":0,"skippedReply":0},"conversation":null,"flowId":null}
2026-08-06T08:53:13.277Z cycle-start {}
2026-08-06T08:53:13.641Z cycle-result {"status":"idle","diagnostic":{"url":"https://www.instagram.com/direct/inbox/","rows":1,"markers":0,"eligible":0,"skippedState":0,"skippedProcessed":0,"skippedReply":0},"conversation":null,"flowId":null}
2026-08-06T08:53:15.278Z cycle-start {}
2026-08-06T08:53:15.638Z cycle-result {"status":"idle","diagnostic":{"url":"https://www.instagram.com/direct/inbox/","rows":1,"markers":0,"eligible":0,"skippedState":0,"skippedProcessed":0,"skippedReply":0},"conversation":null,"flowId":null}
2026-08-06T08:53:17.292Z cycle-start {}
2026-08-06T08:53:17.654Z cycle-result {"status":"idle","diagnostic":{"url":"https://www.instagram.com/direct/inbox/","rows":1,"markers":0,"eligible":0,"skippedState":0,"skippedProcessed":0,"skippedReply":0},"conversation":null,"flowId":null}
2026-08-06T08:53:19.302Z cycle-start {}
2026-08-06T08:53:19.661Z cycle-result {"status":"idle","diagnostic":{"url":"https://www.instagram.com/direct/inbox/","rows":1,"markers":0,"eligible":0,"skippedState":0,"skippedProcessed":0,"skippedReply":0},"conversation":null,"flowId":null}
2026-08-06T08:53:21.309Z cycle-start {}
2026-08-06T08:53:21.668Z cycle-result {"status":"idle","diagnostic":{"url":"https://www.instagram.com/direct/inbox/","rows":1,"markers":0,"eligible":0,"skippedState":0,"skippedProcessed":0,"skippedReply":0},"conversation":null,"flowId":null}
2026-08-06T08:53:23.315Z cycle-start {}
2026-08-06T08:53:23.675Z cycle-result {"status":"idle","diagnostic":{"url":"https://www.instagram.com/direct/inbox/","rows":1,"markers":0,"eligible":0,"skippedState":0,"skippedProcessed":0,"skippedReply":0},"conversation":null,"flowId":null}
2026-08-06T08:53:25.323Z cycle-start {}
2026-08-06T08:53:25.682Z cycle-result {"status":"idle","diagnostic":{"url":"https://www.instagram.com/direct/inbox/","rows":1,"markers":0,"eligible":0,"skippedState":0,"skippedProcessed":0,"skippedReply":0},"conversation":null,"flowId":null}
2026-08-06T08:53:27.334Z cycle-start {}
2026-08-06T08:53:27.693Z cycle-result {"status":"idle","diagnostic":{"url":"https://www.instagram.com/direct/inbox/","rows":1,"markers":0,"eligible":0,"skippedState":0,"skippedProcessed":0,"skippedReply":0},"conversation":null,"flowId":null}
2026-08-06T08:53:29.344Z cycle-start {}
2026-08-06T08:53:29.707Z cycle-result {"status":"idle","diagnostic":{"url":"https://www.instagram.com/direct/inbox/","rows":1,"markers":0,"eligible":0,"skippedState":0,"skippedProcessed":0,"skippedReply":0},"conversation":null,"flowId":null}
2026-08-06T08:53:31.358Z cycle-start {}
2026-08-06T08:53:31.716Z cycle-result {"status":"idle","diagnostic":{"url":"https://www.instagram.com/direct/inbox/","rows":1,"markers":0,"eligible":0,"skippedState":0,"skippedProcessed":0,"skippedReply":0},"conversation":null,"flowId":null}
2026-08-06T08:53:33.363Z cycle-start {}
2026-08-06T08:53:33.723Z cycle-result {"status":"idle","diagnostic":{"url":"https://www.instagram.com/direct/inbox/","rows":1,"markers":0,"eligible":0,"skippedState":0,"skippedProcessed":0,"skippedReply":0},"conversation":null,"flowId":null}
2026-08-06T08:53:35.376Z cycle-start {}
2026-08-06T08:53:35.735Z cycle-result {"status":"idle","diagnostic":{"url":"https://www.instagram.com/direct/inbox/","rows":1,"markers":0,"eligible":0,"skippedState":0,"skippedProcessed":0,"skippedReply":0},"conversation":null,"flowId":null}
2026-08-06T08:53:37.383Z cycle-start {}
2026-08-06T08:53:37.740Z cycle-result {"status":"idle","diagnostic":{"url":"https://www.instagram.com/direct/inbox/","rows":1,"markers":0,"eligible":0,"skippedState":0,"skippedProcessed":0,"skippedReply":0},"conversation":null,"flowId":null}
2026-08-06T08:53:39.394Z cycle-start {}
2026-08-06T08:53:39.755Z cycle-result {"status":"idle","diagnostic":{"url":"https://www.instagram.com/direct/inbox/","rows":1,"markers":0,"eligible":0,"skippedState":0,"skippedProcessed":0,"skippedReply":0},"conversation":null,"flowId":null}
2026-08-06T08:53:41.409Z cycle-start {}
2026-08-06T08:53:41.769Z cycle-result {"status":"idle","diagnostic":{"url":"https://www.instagram.com/direct/inbox/","rows":1,"markers":0,"eligible":0,"skippedState":0,"skippedProcessed":0,"skippedReply":0},"conversation":null,"flowId":null}
2026-08-06T08:53:43.422Z cycle-start {}
2026-08-06T08:53:43.782Z cycle-result {"status":"idle","diagnostic":{"url":"https://www.instagram.com/direct/inbox/","rows":1,"markers":0,"eligible":0,"skippedState":0,"skippedProcessed":0,"skippedReply":0},"conversation":null,"flowId":null}
2026-08-06T08:53:45.433Z cycle-start {}
2026-08-06T08:53:45.791Z cycle-result {"status":"idle","diagnostic":{"url":"https://www.instagram.com/direct/inbox/","rows":1,"markers":0,"eligible":0,"skippedState":0,"skippedProcessed":0,"skippedReply":0},"conversation":null,"flowId":null}
2026-08-06T08:53:47.440Z cycle-start {}
2026-08-06T08:53:47.801Z cycle-result {"status":"idle","diagnostic":{"url":"https://www.instagram.com/direct/inbox/","rows":1,"markers":0,"eligible":0,"skippedState":0,"skippedProcessed":0,"skippedReply":0},"conversation":null,"flowId":null}
2026-08-06T08:53:49.449Z cycle-start {}
2026-08-06T08:53:49.810Z cycle-result {"status":"idle","diagnostic":{"url":"https://www.instagram.com/direct/inbox/","rows":1,"markers":0,"eligible":0,"skippedState":0,"skippedProcessed":0,"skippedReply":0},"conversation":null,"flowId":null}
2026-08-06T08:53:51.459Z cycle-start {}
2026-08-06T08:53:51.822Z cycle-result {"status":"idle","diagnostic":{"url":"https://www.instagram.com/direct/inbox/","rows":1,"markers":0,"eligible":0,"skippedState":0,"skippedProcessed":0,"skippedReply":0},"conversation":null,"flowId":null}
2026-08-06T08:53:53.464Z cycle-start {}
2026-08-06T08:53:53.817Z cycle-result {"status":"idle","diagnostic":{"url":"https://www.instagram.com/direct/inbox/","rows":1,"markers":0,"eligible":0,"skippedState":0,"skippedProcessed":0,"skippedReply":0},"conversation":null,"flowId":null}
2026-08-06T08:53:55.473Z cycle-start {}
2026-08-06T08:53:55.837Z cycle-result {"status":"idle","diagnostic":{"url":"https://www.instagram.com/direct/inbox/","rows":1,"markers":0,"eligible":0,"skippedState":0,"skippedProcessed":0,"skippedReply":0},"conversation":null,"flowId":null}
2026-08-06T08:53:57.475Z cycle-start {}
2026-08-06T08:53:57.839Z cycle-result {"status":"idle","diagnostic":{"url":"https://www.instagram.com/direct/inbox/","rows":1,"markers":0,"eligible":0,"skippedState":0,"skippedProcessed":0,"skippedReply":0},"conversation":null,"flowId":null}
2026-08-06T08:53:59.481Z cycle-start {}
2026-08-06T08:53:59.842Z cycle-result {"status":"idle","diagnostic":{"url":"https://www.instagram.com/direct/inbox/","rows":1,"markers":0,"eligible":0,"skippedState":0,"skippedProcessed":0,"skippedReply":0},"conversation":null,"flowId":null}
2026-08-06T08:54:01.487Z cycle-start {}
2026-08-06T08:54:01.845Z cycle-result {"status":"idle","diagnostic":{"url":"https://www.instagram.com/direct/inbox/","rows":1,"markers":0,"eligible":0,"skippedState":0,"skippedProcessed":0,"skippedReply":0},"conversation":null,"flowId":null}
2026-08-06T08:54:03.491Z cycle-start {}
2026-08-06T08:54:03.849Z cycle-result {"status":"idle","diagnostic":{"url":"https://www.instagram.com/direct/inbox/","rows":1,"markers":0,"eligible":0,"skippedState":0,"skippedProcessed":0,"skippedReply":0},"conversation":null,"flowId":null}
2026-08-06T08:54:05.495Z cycle-start {}
2026-08-06T08:54:05.855Z cycle-result {"status":"idle","diagnostic":{"url":"https://www.instagram.com/direct/inbox/","rows":1,"markers":0,"eligible":0,"skippedState":0,"skippedProcessed":0,"skippedReply":0},"conversation":null,"flowId":null}
2026-08-06T08:54:07.507Z cycle-start {}
2026-08-06T08:54:07.863Z cycle-result {"status":"idle","diagnostic":{"url":"https://www.instagram.com/direct/inbox/","rows":1,"markers":0,"eligible":0,"skippedState":0,"skippedProcessed":0,"skippedReply":0},"conversation":null,"flowId":null}
2026-08-06T08:54:09.515Z cycle-start {}
2026-08-06T08:54:09.879Z cycle-result {"status":"idle","diagnostic":{"url":"https://www.instagram.com/direct/inbox/","rows":1,"markers":0,"eligible":0,"skippedState":0,"skippedProcessed":0,"skippedReply":0},"conversation":null,"flowId":null}
2026-08-06T08:54:11.525Z cycle-start {}
2026-08-06T08:54:11.882Z cycle-result {"status":"idle","diagnostic":{"url":"https://www.instagram.com/direct/inbox/","rows":1,"markers":0,"eligible":0,"skippedState":0,"skippedProcessed":0,"skippedReply":0},"conversation":null,"flowId":null}
2026-08-06T08:54:13.535Z cycle-start {}
2026-08-06T08:54:13.896Z cycle-result {"status":"idle","diagnostic":{"url":"https://www.instagram.com/direct/inbox/","rows":1,"markers":0,"eligible":0,"skippedState":0,"skippedProcessed":0,"skippedReply":0},"conversation":null,"flowId":null}
2026-08-06T08:54:15.545Z cycle-start {}
2026-08-06T08:54:15.907Z cycle-result {"status":"idle","diagnostic":{"url":"https://www.instagram.com/direct/inbox/","rows":1,"markers":0,"eligible":0,"skippedState":0,"skippedProcessed":0,"skippedReply":0},"conversation":null,"flowId":null}
2026-08-06T08:54:17.556Z cycle-start {}
2026-08-06T08:54:17.916Z cycle-result {"status":"idle","diagnostic":{"url":"https://www.instagram.com/direct/inbox/","rows":1,"markers":0,"eligible":0,"skippedState":0,"skippedProcessed":0,"skippedReply":0},"conversation":null,"flowId":null}
2026-08-06T08:54:19.562Z cycle-start {}
2026-08-06T08:54:19.920Z cycle-result {"status":"idle","diagnostic":{"url":"https://www.instagram.com/direct/inbox/","rows":1,"markers":0,"eligible":0,"skippedState":0,"skippedProcessed":0,"skippedReply":0},"conversation":null,"flowId":null}
2026-08-06T08:54:21.565Z cycle-start {}
2026-08-06T08:54:21.925Z cycle-result {"status":"idle","diagnostic":{"url":"https://www.instagram.com/direct/inbox/","rows":1,"markers":0,"eligible":0,"skippedState":0,"skippedProcessed":0,"skippedReply":0},"conversation":null,"flowId":null}
2026-08-06T08:54:23.578Z cycle-start {}
2026-08-06T08:54:23.938Z cycle-result {"status":"idle","diagnostic":{"url":"https://www.instagram.com/direct/inbox/","rows":1,"markers":0,"eligible":0,"skippedState":0,"skippedProcessed":0,"skippedReply":0},"conversation":null,"flowId":null}
2026-08-06T08:54:25.588Z cycle-start {}
2026-08-06T08:54:25.946Z cycle-result {"status":"idle","diagnostic":{"url":"https://www.instagram.com/direct/inbox/","rows":1,"markers":0,"eligible":0,"skippedState":0,"skippedProcessed":0,"skippedReply":0},"conversation":null,"flowId":null}
2026-08-06T08:54:27.592Z cycle-start {}
2026-08-06T08:54:27.951Z cycle-result {"status":"idle","diagnostic":{"url":"https://www.instagram.com/direct/inbox/","rows":1,"markers":0,"eligible":0,"skippedState":0,"skippedProcessed":0,"skippedReply":0},"conversation":null,"flowId":null}
2026-08-06T08:54:29.606Z cycle-start {}
2026-08-06T08:54:29.964Z cycle-result {"status":"idle","diagnostic":{"url":"https://www.instagram.com/direct/inbox/","rows":1,"markers":0,"eligible":0,"skippedState":0,"skippedProcessed":0,"skippedReply":0},"conversation":null,"flowId":null}
2026-08-06T08:54:31.614Z cycle-start {}
2026-08-06T08:54:31.975Z cycle-result {"status":"idle","diagnostic":{"url":"https://www.instagram.com/direct/inbox/","rows":1,"markers":0,"eligible":0,"skippedState":0,"skippedProcessed":0,"skippedReply":0},"conversation":null,"flowId":null}
2026-08-06T08:54:33.623Z cycle-start {}
2026-08-06T08:54:33.985Z cycle-result {"status":"idle","diagnostic":{"url":"https://www.instagram.com/direct/inbox/","rows":1,"markers":0,"eligible":0,"skippedState":0,"skippedProcessed":0,"skippedReply":0},"conversation":null,"flowId":null}
2026-08-06T08:54:35.633Z cycle-start {}
2026-08-06T08:54:35.992Z cycle-result {"status":"idle","diagnostic":{"url":"https://www.instagram.com/direct/inbox/","rows":1,"markers":0,"eligible":0,"skippedState":0,"skippedProcessed":0,"skippedReply":0},"conversation":null,"flowId":null}
2026-08-06T08:54:37.642Z cycle-start {}
2026-08-06T08:54:38.004Z cycle-result {"status":"idle","diagnostic":{"url":"https://www.instagram.com/direct/inbox/","rows":1,"markers":0,"eligible":0,"skippedState":0,"skippedProcessed":0,"skippedReply":0},"conversation":null,"flowId":null}
2026-08-06T08:54:39.655Z cycle-start {}
2026-08-06T08:54:40.021Z cycle-result {"status":"idle","diagnostic":{"url":"https://www.instagram.com/direct/inbox/","rows":1,"markers":0,"eligible":0,"skippedState":0,"skippedProcessed":0,"skippedReply":0},"conversation":null,"flowId":null}
2026-08-06T08:54:41.670Z cycle-start {}
2026-08-06T08:54:42.028Z cycle-result {"status":"idle","diagnostic":{"url":"https://www.instagram.com/direct/inbox/","rows":1,"markers":0,"eligible":0,"skippedState":0,"skippedProcessed":0,"skippedReply":0},"conversation":null,"flowId":null}
2026-08-06T08:54:43.677Z cycle-start {}
2026-08-06T08:54:44.039Z cycle-result {"status":"idle","diagnostic":{"url":"https://www.instagram.com/direct/inbox/","rows":1,"markers":0,"eligible":0,"skippedState":0,"skippedProcessed":0,"skippedReply":0},"conversation":null,"flowId":null}
2026-08-06T08:54:45.687Z cycle-start {}
2026-08-06T08:54:46.046Z cycle-result {"status":"idle","diagnostic":{"url":"https://www.instagram.com/direct/inbox/","rows":1,"markers":0,"eligible":0,"skippedState":0,"skippedProcessed":0,"skippedReply":0},"conversation":null,"flowId":null}
2026-08-06T08:54:47.696Z cycle-start {}
2026-08-06T08:54:48.051Z cycle-result {"status":"idle","diagnostic":{"url":"https://www.instagram.com/direct/inbox/","rows":1,"markers":0,"eligible":0,"skippedState":0,"skippedProcessed":0,"skippedReply":0},"conversation":null,"flowId":null}
2026-08-06T08:54:49.696Z cycle-start {}
2026-08-06T08:54:50.062Z cycle-result {"status":"idle","diagnostic":{"url":"https://www.instagram.com/direct/inbox/","rows":1,"markers":0,"eligible":0,"skippedState":0,"skippedProcessed":0,"skippedReply":0},"conversation":null,"flowId":null}
2026-08-06T08:54:51.697Z cycle-start {}
2026-08-06T08:54:52.052Z cycle-result {"status":"idle","diagnostic":{"url":"https://www.instagram.com/direct/inbox/","rows":1,"markers":0,"eligible":0,"skippedState":0,"skippedProcessed":0,"skippedReply":0},"conversation":null,"flowId":null}
2026-08-06T08:54:53.701Z cycle-start {}
2026-08-06T08:54:54.058Z cycle-result {"status":"idle","diagnostic":{"url":"https://www.instagram.com/direct/inbox/","rows":1,"markers":0,"eligible":0,"skippedState":0,"skippedProcessed":0,"skippedReply":0},"conversation":null,"flowId":null}
2026-08-06T08:54:55.713Z cycle-start {}
2026-08-06T08:54:56.072Z cycle-result {"status":"idle","diagnostic":{"url":"https://www.instagram.com/direct/inbox/","rows":1,"markers":0,"eligible":0,"skippedState":0,"skippedProcessed":0,"skippedReply":0},"conversation":null,"flowId":null}
2026-08-06T08:54:57.718Z cycle-start {}
2026-08-06T08:54:58.077Z cycle-result {"status":"idle","diagnostic":{"url":"https://www.instagram.com/direct/inbox/","rows":1,"markers":0,"eligible":0,"skippedState":0,"skippedProcessed":0,"skippedReply":0},"conversation":null,"flowId":null}
2026-08-06T08:54:59.721Z cycle-start {}
2026-08-06T08:55:00.086Z cycle-result {"status":"idle","diagnostic":{"url":"https://www.instagram.com/direct/inbox/","rows":1,"markers":0,"eligible":0,"skippedState":0,"skippedProcessed":0,"skippedReply":0},"conversation":null,"flowId":null}
2026-08-06T08:55:01.726Z cycle-start {}
2026-08-06T08:55:02.082Z cycle-result {"status":"idle","diagnostic":{"url":"https://www.instagram.com/direct/inbox/","rows":1,"markers":0,"eligible":0,"skippedState":0,"skippedProcessed":0,"skippedReply":0},"conversation":null,"flowId":null}
2026-08-06T08:55:03.739Z cycle-start {}
2026-08-06T08:55:04.103Z cycle-result {"status":"idle","diagnostic":{"url":"https://www.instagram.com/direct/inbox/","rows":1,"markers":0,"eligible":0,"skippedState":0,"skippedProcessed":0,"skippedReply":0},"conversation":null,"flowId":null}
2026-08-06T08:55:05.747Z cycle-start {}
2026-08-06T08:55:06.104Z cycle-result {"status":"idle","diagnostic":{"url":"https://www.instagram.com/direct/inbox/","rows":1,"markers":0,"eligible":0,"skippedState":0,"skippedProcessed":0,"skippedReply":0},"conversation":null,"flowId":null}
2026-08-06T08:55:07.749Z cycle-start {}
2026-08-06T08:55:08.106Z cycle-result {"status":"idle","diagnostic":{"url":"https://www.instagram.com/direct/inbox/","rows":1,"markers":0,"eligible":0,"skippedState":0,"skippedProcessed":0,"skippedReply":0},"conversation":null,"flowId":null}
2026-08-06T08:55:09.753Z cycle-start {}
2026-08-06T08:55:10.116Z cycle-result {"status":"idle","diagnostic":{"url":"https://www.instagram.com/direct/inbox/","rows":1,"markers":0,"eligible":0,"skippedState":0,"skippedProcessed":0,"skippedReply":0},"conversation":null,"flowId":null}
2026-08-06T08:55:11.759Z cycle-start {}
2026-08-06T08:55:12.121Z cycle-result {"status":"idle","diagnostic":{"url":"https://www.instagram.com/direct/inbox/","rows":1,"markers":0,"eligible":0,"skippedState":0,"skippedProcessed":0,"skippedReply":0},"conversation":null,"flowId":null}
2026-08-06T08:55:13.764Z cycle-start {}
2026-08-06T08:55:14.126Z cycle-result {"status":"idle","diagnostic":{"url":"https://www.instagram.com/direct/inbox/","rows":1,"markers":0,"eligible":0,"skippedState":0,"skippedProcessed":0,"skippedReply":0},"conversation":null,"flowId":null}
2026-08-06T08:55:15.765Z cycle-start {}
2026-08-06T08:55:16.127Z cycle-result {"status":"idle","diagnostic":{"url":"https://www.instagram.com/direct/inbox/","rows":1,"markers":0,"eligible":0,"skippedState":0,"skippedProcessed":0,"skippedReply":0},"conversation":null,"flowId":null}
2026-08-06T08:55:17.779Z cycle-start {}
2026-08-06T08:55:18.133Z cycle-result {"status":"idle","diagnostic":{"url":"https://www.instagram.com/direct/inbox/","rows":1,"markers":0,"eligible":0,"skippedState":0,"skippedProcessed":0,"skippedReply":0},"conversation":null,"flowId":null}
2026-08-06T08:55:19.795Z cycle-start {}
2026-08-06T08:55:20.160Z cycle-result {"status":"idle","diagnostic":{"url":"https://www.instagram.com/direct/inbox/","rows":1,"markers":0,"eligible":0,"skippedState":0,"skippedProcessed":0,"skippedReply":0},"conversation":null,"flowId":null}
2026-08-06T08:55:21.806Z cycle-start {}
2026-08-06T08:55:22.167Z cycle-result {"status":"idle","diagnostic":{"url":"https://www.instagram.com/direct/inbox/","rows":1,"markers":0,"eligible":0,"skippedState":0,"skippedProcessed":0,"skippedReply":0},"conversation":null,"flowId":null}
2026-08-06T08:55:23.812Z cycle-start {}
2026-08-06T08:55:24.173Z cycle-result {"status":"idle","diagnostic":{"url":"https://www.instagram.com/direct/inbox/","rows":1,"markers":0,"eligible":0,"skippedState":0,"skippedProcessed":0,"skippedReply":0},"conversation":null,"flowId":null}
2026-08-06T08:55:25.824Z cycle-start {}
2026-08-06T08:55:26.185Z cycle-result {"status":"idle","diagnostic":{"url":"https://www.instagram.com/direct/inbox/","rows":1,"markers":0,"eligible":0,"skippedState":0,"skippedProcessed":0,"skippedReply":0},"conversation":null,"flowId":null}
2026-08-06T08:55:27.834Z cycle-start {}
2026-08-06T08:55:28.194Z cycle-result {"status":"idle","diagnostic":{"url":"https://www.instagram.com/direct/inbox/","rows":1,"markers":0,"eligible":0,"skippedState":0,"skippedProcessed":0,"skippedReply":0},"conversation":null,"flowId":null}
2026-08-06T08:55:29.846Z cycle-start {}
2026-08-06T08:55:30.205Z cycle-result {"status":"idle","diagnostic":{"url":"https://www.instagram.com/direct/inbox/","rows":1,"markers":0,"eligible":0,"skippedState":0,"skippedProcessed":0,"skippedReply":0},"conversation":null,"flowId":null}
2026-08-06T08:55:31.856Z cycle-start {}
2026-08-06T08:55:32.216Z cycle-result {"status":"idle","diagnostic":{"url":"https://www.instagram.com/direct/inbox/","rows":1,"markers":0,"eligible":0,"skippedState":0,"skippedProcessed":0,"skippedReply":0},"conversation":null,"flowId":null}
2026-08-06T08:55:33.869Z cycle-start {}
2026-08-06T08:55:34.233Z cycle-result {"status":"idle","diagnostic":{"url":"https://www.instagram.com/direct/inbox/","rows":1,"markers":0,"eligible":0,"skippedState":0,"skippedProcessed":0,"skippedReply":0},"conversation":null,"flowId":null}
2026-08-06T08:55:35.883Z cycle-start {}
2026-08-06T08:55:36.243Z cycle-result {"status":"idle","diagnostic":{"url":"https://www.instagram.com/direct/inbox/","rows":1,"markers":0,"eligible":0,"skippedState":0,"skippedProcessed":0,"skippedReply":0},"conversation":null,"flowId":null}
2026-08-06T08:55:37.893Z cycle-start {}
2026-08-06T08:55:38.254Z cycle-result {"status":"idle","diagnostic":{"url":"https://www.instagram.com/direct/inbox/","rows":1,"markers":0,"eligible":0,"skippedState":0,"skippedProcessed":0,"skippedReply":0},"conversation":null,"flowId":null}
2026-08-06T08:55:39.896Z cycle-start {}
2026-08-06T08:55:40.258Z cycle-result {"status":"idle","diagnostic":{"url":"https://www.instagram.com/direct/inbox/","rows":1,"markers":0,"eligible":0,"skippedState":0,"skippedProcessed":0,"skippedReply":0},"conversation":null,"flowId":null}
2026-08-06T08:55:41.909Z cycle-start {}
2026-08-06T08:55:42.268Z cycle-result {"status":"idle","diagnostic":{"url":"https://www.instagram.com/direct/inbox/","rows":1,"markers":0,"eligible":0,"skippedState":0,"skippedProcessed":0,"skippedReply":0},"conversation":null,"flowId":null}
2026-08-06T08:55:43.919Z cycle-start {}
2026-08-06T08:55:44.281Z cycle-result {"status":"idle","diagnostic":{"url":"https://www.instagram.com/direct/inbox/","rows":1,"markers":0,"eligible":0,"skippedState":0,"skippedProcessed":0,"skippedReply":0},"conversation":null,"flowId":null}
2026-08-06T08:55:45.932Z cycle-start {}
2026-08-06T08:55:46.292Z cycle-result {"status":"idle","diagnostic":{"url":"https://www.instagram.com/direct/inbox/","rows":1,"markers":0,"eligible":0,"skippedState":0,"skippedProcessed":0,"skippedReply":0},"conversation":null,"flowId":null}
2026-08-06T08:55:47.942Z cycle-start {}
2026-08-06T08:55:48.301Z cycle-result {"status":"idle","diagnostic":{"url":"https://www.instagram.com/direct/inbox/","rows":1,"markers":0,"eligible":0,"skippedState":0,"skippedProcessed":0,"skippedReply":0},"conversation":null,"flowId":null}
2026-08-06T08:55:49.954Z cycle-start {}
2026-08-06T08:55:50.315Z cycle-result {"status":"idle","diagnostic":{"url":"https://www.instagram.com/direct/inbox/","rows":1,"markers":0,"eligible":0,"skippedState":0,"skippedProcessed":0,"skippedReply":0},"conversation":null,"flowId":null}
2026-08-06T08:55:51.968Z cycle-start {}
2026-08-06T08:55:52.327Z cycle-result {"status":"idle","diagnostic":{"url":"https://www.instagram.com/direct/inbox/","rows":1,"markers":0,"eligible":0,"skippedState":0,"skippedProcessed":0,"skippedReply":0},"conversation":null,"flowId":null}
2026-08-06T08:55:53.971Z cycle-start {}
2026-08-06T08:55:54.325Z cycle-result {"status":"idle","diagnostic":{"url":"https://www.instagram.com/direct/inbox/","rows":1,"markers":0,"eligible":0,"skippedState":0,"skippedProcessed":0,"skippedReply":0},"conversation":null,"flowId":null}
2026-08-06T08:55:55.972Z cycle-start {}
2026-08-06T08:55:56.327Z cycle-result {"status":"idle","diagnostic":{"url":"https://www.instagram.com/direct/inbox/","rows":1,"markers":0,"eligible":0,"skippedState":0,"skippedProcessed":0,"skippedReply":0},"conversation":null,"flowId":null}
2026-08-06T08:55:57.972Z cycle-start {}
2026-08-06T08:55:58.327Z cycle-result {"status":"idle","diagnostic":{"url":"https://www.instagram.com/direct/inbox/","rows":1,"markers":0,"eligible":0,"skippedState":0,"skippedProcessed":0,"skippedReply":0},"conversation":null,"flowId":null}
2026-08-06T08:55:59.972Z cycle-start {}
2026-08-06T08:56:00.327Z cycle-result {"status":"idle","diagnostic":{"url":"https://www.instagram.com/direct/inbox/","rows":1,"markers":0,"eligible":0,"skippedState":0,"skippedProcessed":0,"skippedReply":0},"conversation":null,"flowId":null}
2026-08-06T08:56:01.976Z cycle-start {}
2026-08-06T08:56:02.332Z cycle-result {"status":"idle","diagnostic":{"url":"https://www.instagram.com/direct/inbox/","rows":1,"markers":0,"eligible":0,"skippedState":0,"skippedProcessed":0,"skippedReply":0},"conversation":null,"flowId":null}
2026-08-06T08:56:03.984Z cycle-start {}
2026-08-06T08:56:04.344Z cycle-result {"status":"idle","diagnostic":{"url":"https://www.instagram.com/direct/inbox/","rows":1,"markers":0,"eligible":0,"skippedState":0,"skippedProcessed":0,"skippedReply":0},"conversation":null,"flowId":null}
2026-08-06T08:56:05.985Z cycle-start {}
2026-08-06T08:56:06.340Z cycle-result {"status":"idle","diagnostic":{"url":"https://www.instagram.com/direct/inbox/","rows":1,"markers":0,"eligible":0,"skippedState":0,"skippedProcessed":0,"skippedReply":0},"conversation":null,"flowId":null}
2026-08-06T08:56:07.986Z cycle-start {}
2026-08-06T08:56:08.349Z cycle-result {"status":"idle","diagnostic":{"url":"https://www.instagram.com/direct/inbox/","rows":1,"markers":0,"eligible":0,"skippedState":0,"skippedProcessed":0,"skippedReply":0},"conversation":null,"flowId":null}
2026-08-06T08:56:09.988Z cycle-start {}
2026-08-06T08:56:10.345Z cycle-result {"status":"idle","diagnostic":{"url":"https://www.instagram.com/direct/inbox/","rows":1,"markers":0,"eligible":0,"skippedState":0,"skippedProcessed":0,"skippedReply":0},"conversation":null,"flowId":null}
2026-08-06T08:56:11.993Z cycle-start {}
2026-08-06T08:56:12.357Z cycle-result {"status":"idle","diagnostic":{"url":"https://www.instagram.com/direct/inbox/","rows":1,"markers":0,"eligible":0,"skippedState":0,"skippedProcessed":0,"skippedReply":0},"conversation":null,"flowId":null}
2026-08-06T08:56:14.003Z cycle-start {}
2026-08-06T08:56:14.357Z cycle-result {"status":"idle","diagnostic":{"url":"https://www.instagram.com/direct/inbox/","rows":1,"markers":0,"eligible":0,"skippedState":0,"skippedProcessed":0,"skippedReply":0},"conversation":null,"flowId":null}
2026-08-06T08:56:16.004Z cycle-start {}
2026-08-06T08:56:16.358Z cycle-result {"status":"idle","diagnostic":{"url":"https://www.instagram.com/direct/inbox/","rows":1,"markers":0,"eligible":0,"skippedState":0,"skippedProcessed":0,"skippedReply":0},"conversation":null,"flowId":null}
2026-08-06T08:56:18.008Z cycle-start {}
2026-08-06T08:56:18.369Z cycle-result {"status":"idle","diagnostic":{"url":"https://www.instagram.com/direct/inbox/","rows":1,"markers":0,"eligible":0,"skippedState":0,"skippedProcessed":0,"skippedReply":0},"conversation":null,"flowId":null}
2026-08-06T08:56:20.018Z cycle-start {}
2026-08-06T08:56:20.380Z cycle-result {"status":"idle","diagnostic":{"url":"https://www.instagram.com/direct/inbox/","rows":1,"markers":0,"eligible":0,"skippedState":0,"skippedProcessed":0,"skippedReply":0},"conversation":null,"flowId":null}
2026-08-06T08:56:22.029Z cycle-start {}
2026-08-06T08:56:22.385Z cycle-result {"status":"idle","diagnostic":{"url":"https://www.instagram.com/direct/inbox/","rows":1,"markers":0,"eligible":0,"skippedState":0,"skippedProcessed":0,"skippedReply":0},"conversation":null,"flowId":null}
2026-08-06T08:56:24.029Z cycle-start {}
2026-08-06T08:56:24.386Z cycle-result {"status":"idle","diagnostic":{"url":"https://www.instagram.com/direct/inbox/","rows":1,"markers":0,"eligible":0,"skippedState":0,"skippedProcessed":0,"skippedReply":0},"conversation":null,"flowId":null}
2026-08-06T08:56:26.030Z cycle-start {}
2026-08-06T08:56:26.389Z cycle-result {"status":"idle","diagnostic":{"url":"https://www.instagram.com/direct/inbox/","rows":1,"markers":0,"eligible":0,"skippedState":0,"skippedProcessed":0,"skippedReply":0},"conversation":null,"flowId":null}
2026-08-06T08:56:28.037Z cycle-start {}
2026-08-06T08:56:28.389Z cycle-result {"status":"idle","diagnostic":{"url":"https://www.instagram.com/direct/inbox/","rows":1,"markers":0,"eligible":0,"skippedState":0,"skippedProcessed":0,"skippedReply":0},"conversation":null,"flowId":null}
2026-08-06T08:56:30.047Z cycle-start {}
2026-08-06T08:56:30.406Z cycle-result {"status":"idle","diagnostic":{"url":"https://www.instagram.com/direct/inbox/","rows":1,"markers":0,"eligible":0,"skippedState":0,"skippedProcessed":0,"skippedReply":0},"conversation":null,"flowId":null}
2026-08-06T08:56:32.051Z cycle-start {}
2026-08-06T08:56:32.412Z cycle-result {"status":"idle","diagnostic":{"url":"https://www.instagram.com/direct/inbox/","rows":1,"markers":0,"eligible":0,"skippedState":0,"skippedProcessed":0,"skippedReply":0},"conversation":null,"flowId":null}
2026-08-06T08:56:34.051Z cycle-start {}
2026-08-06T08:56:34.405Z cycle-result {"status":"idle","diagnostic":{"url":"https://www.instagram.com/direct/inbox/","rows":1,"markers":0,"eligible":0,"skippedState":0,"skippedProcessed":0,"skippedReply":0},"conversation":null,"flowId":null}
2026-08-06T08:56:36.051Z cycle-start {}
2026-08-06T08:56:36.414Z cycle-result {"status":"idle","diagnostic":{"url":"https://www.instagram.com/direct/inbox/","rows":1,"markers":0,"eligible":0,"skippedState":0,"skippedProcessed":0,"skippedReply":0},"conversation":null,"flowId":null}
2026-08-06T08:56:38.052Z cycle-start {}
2026-08-06T08:56:38.411Z cycle-result {"status":"idle","diagnostic":{"url":"https://www.instagram.com/direct/inbox/","rows":1,"markers":0,"eligible":0,"skippedState":0,"skippedProcessed":0,"skippedReply":0},"conversation":null,"flowId":null}
2026-08-06T08:56:40.060Z cycle-start {}
2026-08-06T08:56:40.415Z cycle-result {"status":"idle","diagnostic":{"url":"https://www.instagram.com/direct/inbox/","rows":1,"markers":0,"eligible":0,"skippedState":0,"skippedProcessed":0,"skippedReply":0},"conversation":null,"flowId":null}
2026-08-06T08:56:42.065Z cycle-start {}
2026-08-06T08:56:42.420Z cycle-result {"status":"idle","diagnostic":{"url":"https://www.instagram.com/direct/inbox/","rows":1,"markers":0,"eligible":0,"skippedState":0,"skippedProcessed":0,"skippedReply":0},"conversation":null,"flowId":null}
2026-08-06T08:56:44.069Z cycle-start {}
2026-08-06T08:56:44.436Z cycle-result {"status":"idle","diagnostic":{"url":"https://www.instagram.com/direct/inbox/","rows":1,"markers":0,"eligible":0,"skippedState":0,"skippedProcessed":0,"skippedReply":0},"conversation":null,"flowId":null}
2026-08-06T08:56:46.081Z cycle-start {}
2026-08-06T08:56:46.447Z cycle-result {"status":"idle","diagnostic":{"url":"https://www.instagram.com/direct/inbox/","rows":1,"markers":0,"eligible":0,"skippedState":0,"skippedProcessed":0,"skippedReply":0},"conversation":null,"flowId":null}
2026-08-06T08:56:48.093Z cycle-start {}
2026-08-06T08:56:48.454Z cycle-result {"status":"idle","diagnostic":{"url":"https://www.instagram.com/direct/inbox/","rows":1,"markers":0,"eligible":0,"skippedState":0,"skippedProcessed":0,"skippedReply":0},"conversation":null,"flowId":null}
2026-08-06T08:56:50.095Z cycle-start {}
2026-08-06T08:56:50.447Z cycle-result {"status":"idle","diagnostic":{"url":"https://www.instagram.com/direct/inbox/","rows":1,"markers":0,"eligible":0,"skippedState":0,"skippedProcessed":0,"skippedReply":0},"conversation":null,"flowId":null}
2026-08-06T08:56:52.096Z cycle-start {}
2026-08-06T08:56:52.456Z cycle-result {"status":"idle","diagnostic":{"url":"https://www.instagram.com/direct/inbox/","rows":1,"markers":0,"eligible":0,"skippedState":0,"skippedProcessed":0,"skippedReply":0},"conversation":null,"flowId":null}
2026-08-06T08:56:54.099Z cycle-start {}
2026-08-06T08:56:54.460Z cycle-result {"status":"idle","diagnostic":{"url":"https://www.instagram.com/direct/inbox/","rows":1,"markers":0,"eligible":0,"skippedState":0,"skippedProcessed":0,"skippedReply":0},"conversation":null,"flowId":null}
2026-08-06T08:56:56.108Z cycle-start {}
2026-08-06T08:56:56.469Z cycle-result {"status":"idle","diagnostic":{"url":"https://www.instagram.com/direct/inbox/","rows":1,"markers":0,"eligible":0,"skippedState":0,"skippedProcessed":0,"skippedReply":0},"conversation":null,"flowId":null}
2026-08-06T08:56:58.120Z cycle-start {}
2026-08-06T08:56:58.481Z cycle-result {"status":"idle","diagnostic":{"url":"https://www.instagram.com/direct/inbox/","rows":1,"markers":0,"eligible":0,"skippedState":0,"skippedProcessed":0,"skippedReply":0},"conversation":null,"flowId":null}
2026-08-06T08:57:00.131Z cycle-start {}
2026-08-06T08:57:00.490Z cycle-result {"status":"idle","diagnostic":{"url":"https://www.instagram.com/direct/inbox/","rows":1,"markers":0,"eligible":0,"skippedState":0,"skippedProcessed":0,"skippedReply":0},"conversation":null,"flowId":null}
2026-08-06T08:57:02.140Z cycle-start {}
2026-08-06T08:57:02.498Z cycle-result {"status":"idle","diagnostic":{"url":"https://www.instagram.com/direct/inbox/","rows":1,"markers":0,"eligible":0,"skippedState":0,"skippedProcessed":0,"skippedReply":0},"conversation":null,"flowId":null}
2026-08-06T08:57:04.146Z cycle-start {}
2026-08-06T08:57:04.504Z cycle-result {"status":"idle","diagnostic":{"url":"https://www.instagram.com/direct/inbox/","rows":1,"markers":0,"eligible":0,"skippedState":0,"skippedProcessed":0,"skippedReply":0},"conversation":null,"flowId":null}
2026-08-06T08:57:06.154Z cycle-start {}
2026-08-06T08:57:06.510Z cycle-result {"status":"idle","diagnostic":{"url":"https://www.instagram.com/direct/inbox/","rows":1,"markers":0,"eligible":0,"skippedState":0,"skippedProcessed":0,"skippedReply":0},"conversation":null,"flowId":null}
2026-08-06T08:57:08.161Z cycle-start {}
2026-08-06T08:57:08.533Z cycle-result {"status":"idle","diagnostic":{"url":"https://www.instagram.com/direct/inbox/","rows":1,"markers":0,"eligible":0,"skippedState":0,"skippedProcessed":0,"skippedReply":0},"conversation":null,"flowId":null}
2026-08-06T08:57:10.162Z cycle-start {}
2026-08-06T08:57:10.522Z cycle-result {"status":"idle","diagnostic":{"url":"https://www.instagram.com/direct/inbox/","rows":1,"markers":0,"eligible":0,"skippedState":0,"skippedProcessed":0,"skippedReply":0},"conversation":null,"flowId":null}
2026-08-06T08:57:11.905Z config {"enabled":true,"hasText":true}
2026-08-06T08:57:11.909Z config {"enabled":true,"hasText":true}
2026-08-06T08:57:11.922Z config {"enabled":true,"hasText":true}
2026-08-06T08:57:12.172Z cycle-start {}
2026-08-06T08:57:12.531Z cycle-result {"status":"idle","diagnostic":{"url":"https://www.instagram.com/direct/inbox/","rows":1,"markers":0,"eligible":0,"skippedState":0,"skippedProcessed":0,"skippedReply":0},"conversation":null,"flowId":null}
2026-08-06T08:57:14.181Z cycle-start {}
2026-08-06T08:57:14.540Z cycle-result {"status":"idle","diagnostic":{"url":"https://www.instagram.com/direct/inbox/","rows":1,"markers":0,"eligible":0,"skippedState":0,"skippedProcessed":0,"skippedReply":0},"conversation":null,"flowId":null}
2026-08-06T08:57:16.181Z cycle-start {}
2026-08-06T08:57:16.542Z cycle-result {"status":"idle","diagnostic":{"url":"https://www.instagram.com/direct/inbox/","rows":1,"markers":0,"eligible":0,"skippedState":0,"skippedProcessed":0,"skippedReply":0},"conversation":null,"flowId":null}
2026-08-06T08:57:18.187Z cycle-start {}
2026-08-06T08:57:18.546Z cycle-result {"status":"idle","diagnostic":{"url":"https://www.instagram.com/direct/inbox/","rows":1,"markers":0,"eligible":0,"skippedState":0,"skippedProcessed":0,"skippedReply":0},"conversation":null,"flowId":null}
2026-08-06T08:57:20.192Z cycle-start {}
2026-08-06T08:57:20.550Z cycle-result {"status":"idle","diagnostic":{"url":"https://www.instagram.com/direct/inbox/","rows":1,"markers":0,"eligible":0,"skippedState":0,"skippedProcessed":0,"skippedReply":0},"conversation":null,"flowId":null}
2026-08-06T08:57:22.195Z cycle-start {}
2026-08-06T08:57:22.553Z cycle-result {"status":"idle","diagnostic":{"url":"https://www.instagram.com/direct/inbox/","rows":1,"markers":0,"eligible":0,"skippedState":0,"skippedProcessed":0,"skippedReply":0},"conversation":null,"flowId":null}
2026-08-06T08:57:24.202Z cycle-start {}
2026-08-06T08:57:24.560Z cycle-result {"status":"idle","diagnostic":{"url":"https://www.instagram.com/direct/inbox/","rows":1,"markers":0,"eligible":0,"skippedState":0,"skippedProcessed":0,"skippedReply":0},"conversation":null,"flowId":null}
2026-08-06T08:57:26.204Z cycle-start {}
2026-08-06T08:57:26.568Z cycle-result {"status":"idle","diagnostic":{"url":"https://www.instagram.com/direct/inbox/","rows":1,"markers":0,"eligible":0,"skippedState":0,"skippedProcessed":0,"skippedReply":0},"conversation":null,"flowId":null}
2026-08-06T08:57:28.213Z cycle-start {}
2026-08-06T08:57:28.589Z cycle-result {"status":"idle","diagnostic":{"url":"https://www.instagram.com/direct/inbox/","rows":1,"markers":0,"eligible":0,"skippedState":0,"skippedProcessed":0,"skippedReply":0},"conversation":null,"flowId":null}
2026-08-06T08:57:30.227Z cycle-start {}
2026-08-06T08:57:30.587Z cycle-result {"status":"idle","diagnostic":{"url":"https://www.instagram.com/direct/inbox/","rows":1,"markers":0,"eligible":0,"skippedState":0,"skippedProcessed":0,"skippedReply":0},"conversation":null,"flowId":null}
2026-08-06T08:57:31.564Z config {"enabled":true,"hasText":true}
2026-08-06T08:57:31.566Z config {"enabled":true,"hasText":true}
2026-08-06T08:57:31.586Z config {"enabled":true,"hasText":true}
2026-08-06T08:57:32.237Z cycle-start {}
2026-08-06T08:57:32.600Z cycle-result {"status":"idle","diagnostic":{"url":"https://www.instagram.com/direct/inbox/","rows":1,"markers":0,"eligible":0,"skippedState":0,"skippedProcessed":0,"skippedReply":0},"conversation":null,"flowId":null}
2026-08-06T08:57:34.250Z cycle-start {}
2026-08-06T08:57:34.610Z cycle-result {"status":"idle","diagnostic":{"url":"https://www.instagram.com/direct/inbox/","rows":1,"markers":0,"eligible":0,"skippedState":0,"skippedProcessed":0,"skippedReply":0},"conversation":null,"flowId":null}
2026-08-06T08:57:36.259Z cycle-start {}
2026-08-06T08:57:36.618Z cycle-result {"status":"idle","diagnostic":{"url":"https://www.instagram.com/direct/inbox/","rows":1,"markers":0,"eligible":0,"skippedState":0,"skippedProcessed":0,"skippedReply":0},"conversation":null,"flowId":null}
2026-08-06T08:57:38.274Z cycle-start {}
2026-08-06T08:57:38.631Z cycle-result {"status":"idle","diagnostic":{"url":"https://www.instagram.com/direct/inbox/","rows":1,"markers":0,"eligible":0,"skippedState":0,"skippedProcessed":0,"skippedReply":0},"conversation":null,"flowId":null}
2026-08-06T08:57:40.281Z cycle-start {}
2026-08-06T08:57:40.641Z cycle-result {"status":"idle","diagnostic":{"url":"https://www.instagram.com/direct/inbox/","rows":1,"markers":0,"eligible":0,"skippedState":0,"skippedProcessed":0,"skippedReply":0},"conversation":null,"flowId":null}
2026-08-06T08:57:42.286Z cycle-start {}
2026-08-06T08:57:42.647Z cycle-result {"status":"idle","diagnostic":{"url":"https://www.instagram.com/direct/inbox/","rows":1,"markers":0,"eligible":0,"skippedState":0,"skippedProcessed":0,"skippedReply":0},"conversation":null,"flowId":null}
2026-08-06T08:57:44.291Z cycle-start {}
2026-08-06T08:57:44.651Z cycle-result {"status":"idle","diagnostic":{"url":"https://www.instagram.com/direct/inbox/","rows":1,"markers":0,"eligible":0,"skippedState":0,"skippedProcessed":0,"skippedReply":0},"conversation":null,"flowId":null}
2026-08-06T08:57:46.297Z cycle-start {}
2026-08-06T08:57:46.655Z cycle-result {"status":"idle","diagnostic":{"url":"https://www.instagram.com/direct/inbox/","rows":1,"markers":0,"eligible":0,"skippedState":0,"skippedProcessed":0,"skippedReply":0},"conversation":null,"flowId":null}
2026-08-06T08:57:48.312Z cycle-start {}
2026-08-06T08:57:48.672Z cycle-result {"status":"idle","diagnostic":{"url":"https://www.instagram.com/direct/inbox/","rows":1,"markers":0,"eligible":0,"skippedState":0,"skippedProcessed":0,"skippedReply":0},"conversation":null,"flowId":null}
2026-08-06T08:57:50.317Z cycle-start {}
2026-08-06T08:57:50.676Z cycle-result {"status":"idle","diagnostic":{"url":"https://www.instagram.com/direct/inbox/","rows":1,"markers":0,"eligible":0,"skippedState":0,"skippedProcessed":0,"skippedReply":0},"conversation":null,"flowId":null}
2026-08-06T08:57:52.329Z cycle-start {}
2026-08-06T08:57:52.690Z cycle-result {"status":"idle","diagnostic":{"url":"https://www.instagram.com/direct/inbox/","rows":1,"markers":0,"eligible":0,"skippedState":0,"skippedProcessed":0,"skippedReply":0},"conversation":null,"flowId":null}
2026-08-06T08:57:54.338Z cycle-start {}
2026-08-06T08:57:54.696Z cycle-result {"status":"idle","diagnostic":{"url":"https://www.instagram.com/direct/inbox/","rows":1,"markers":0,"eligible":0,"skippedState":0,"skippedProcessed":0,"skippedReply":0},"conversation":null,"flowId":null}
2026-08-06T08:57:56.343Z cycle-start {}
2026-08-06T08:57:56.701Z cycle-result {"status":"idle","diagnostic":{"url":"https://www.instagram.com/direct/inbox/","rows":1,"markers":0,"eligible":0,"skippedState":0,"skippedProcessed":0,"skippedReply":0},"conversation":null,"flowId":null}
2026-08-06T08:58:00.133Z config {"enabled":true,"hasText":true}
2026-08-06T08:58:00.135Z cycle-start {}
2026-08-06T08:58:00.143Z probe-load {"url":"https://www.instagram.com/direct/inbox/"}
2026-08-06T08:58:00.182Z config {"enabled":true,"hasText":true}
2026-08-06T08:58:01.741Z cycle-result {"status":"idle","diagnostic":{"url":"https://www.instagram.com/direct/inbox/","rows":1,"markers":0,"eligible":0,"skippedState":0,"skippedProcessed":0,"skippedReply":0},"conversation":null,"flowId":null}
2026-08-06T08:58:02.148Z cycle-start {}
2026-08-06T08:58:02.510Z cycle-result {"status":"idle","diagnostic":{"url":"https://www.instagram.com/direct/inbox/","rows":1,"markers":0,"eligible":0,"skippedState":0,"skippedProcessed":0,"skippedReply":0},"conversation":null,"flowId":null}
2026-08-06T08:58:04.149Z cycle-start {}
2026-08-06T08:58:04.510Z cycle-result {"status":"idle","diagnostic":{"url":"https://www.instagram.com/direct/inbox/","rows":1,"markers":0,"eligible":0,"skippedState":0,"skippedProcessed":0,"skippedReply":0},"conversation":null,"flowId":null}
2026-08-06T08:58:04.570Z config {"enabled":true,"hasText":true}
2026-08-06T08:58:06.164Z cycle-start {}
2026-08-06T08:58:06.524Z cycle-result {"status":"idle","diagnostic":{"url":"https://www.instagram.com/direct/inbox/","rows":1,"markers":0,"eligible":0,"skippedState":0,"skippedProcessed":0,"skippedReply":0},"conversation":null,"flowId":null}
2026-08-06T08:58:08.167Z cycle-start {}
2026-08-06T08:58:08.524Z cycle-result {"status":"idle","diagnostic":{"url":"https://www.instagram.com/direct/inbox/","rows":1,"markers":0,"eligible":0,"skippedState":0,"skippedProcessed":0,"skippedReply":0},"conversation":null,"flowId":null}
2026-08-06T08:58:10.168Z cycle-start {}
2026-08-06T08:58:10.530Z cycle-result {"status":"idle","diagnostic":{"url":"https://www.instagram.com/direct/inbox/","rows":1,"markers":0,"eligible":0,"skippedState":0,"skippedProcessed":0,"skippedReply":0},"conversation":null,"flowId":null}
2026-08-06T08:58:12.177Z cycle-start {}
2026-08-06T08:58:12.533Z cycle-result {"status":"idle","diagnostic":{"url":"https://www.instagram.com/direct/inbox/","rows":1,"markers":0,"eligible":0,"skippedState":0,"skippedProcessed":0,"skippedReply":0},"conversation":null,"flowId":null}
2026-08-06T08:58:14.180Z cycle-start {}
2026-08-06T08:58:14.547Z cycle-result {"status":"idle","diagnostic":{"url":"https://www.instagram.com/direct/inbox/","rows":1,"markers":0,"eligible":0,"skippedState":0,"skippedProcessed":0,"skippedReply":0},"conversation":null,"flowId":null}
2026-08-06T08:58:16.189Z cycle-start {}
2026-08-06T08:58:16.547Z cycle-result {"status":"idle","diagnostic":{"url":"https://www.instagram.com/direct/inbox/","rows":1,"markers":0,"eligible":0,"skippedState":0,"skippedProcessed":0,"skippedReply":0},"conversation":null,"flowId":null}
2026-08-06T08:58:18.196Z cycle-start {}
2026-08-06T08:58:18.558Z cycle-result {"status":"idle","diagnostic":{"url":"https://www.instagram.com/direct/inbox/","rows":1,"markers":0,"eligible":0,"skippedState":0,"skippedProcessed":0,"skippedReply":0},"conversation":null,"flowId":null}
2026-08-06T08:58:20.201Z cycle-start {}
2026-08-06T08:58:20.560Z cycle-result {"status":"idle","diagnostic":{"url":"https://www.instagram.com/direct/inbox/","rows":1,"markers":0,"eligible":0,"skippedState":0,"skippedProcessed":0,"skippedReply":0},"conversation":null,"flowId":null}
2026-08-06T08:58:22.202Z cycle-start {}
2026-08-06T08:58:22.565Z cycle-result {"status":"idle","diagnostic":{"url":"https://www.instagram.com/direct/inbox/","rows":1,"markers":0,"eligible":0,"skippedState":0,"skippedProcessed":0,"skippedReply":0},"conversation":null,"flowId":null}
2026-08-06T08:58:24.211Z cycle-start {}
2026-08-06T08:58:24.574Z cycle-result {"status":"idle","diagnostic":{"url":"https://www.instagram.com/direct/inbox/","rows":1,"markers":0,"eligible":0,"skippedState":0,"skippedProcessed":0,"skippedReply":0},"conversation":null,"flowId":null}
2026-08-06T08:58:26.218Z cycle-start {}
2026-08-06T08:58:26.571Z cycle-result {"status":"idle","diagnostic":{"url":"https://www.instagram.com/direct/inbox/","rows":1,"markers":0,"eligible":0,"skippedState":0,"skippedProcessed":0,"skippedReply":0},"conversation":null,"flowId":null}
2026-08-06T08:58:28.232Z cycle-start {}
2026-08-06T08:58:28.591Z cycle-result {"status":"idle","diagnostic":{"url":"https://www.instagram.com/direct/inbox/","rows":1,"markers":0,"eligible":0,"skippedState":0,"skippedProcessed":0,"skippedReply":0},"conversation":null,"flowId":null}
2026-08-06T08:58:30.233Z cycle-start {}
2026-08-06T08:58:30.588Z cycle-result {"status":"idle","diagnostic":{"url":"https://www.instagram.com/direct/inbox/","rows":1,"markers":0,"eligible":0,"skippedState":0,"skippedProcessed":0,"skippedReply":0},"conversation":null,"flowId":null}
2026-08-06T08:58:32.240Z cycle-start {}
2026-08-06T08:58:32.600Z cycle-result {"status":"idle","diagnostic":{"url":"https://www.instagram.com/direct/inbox/","rows":1,"markers":0,"eligible":0,"skippedState":0,"skippedProcessed":0,"skippedReply":0},"conversation":null,"flowId":null}
2026-08-06T08:58:34.245Z cycle-start {}
2026-08-06T08:58:34.603Z cycle-result {"status":"idle","diagnostic":{"url":"https://www.instagram.com/direct/inbox/","rows":1,"markers":0,"eligible":0,"skippedState":0,"skippedProcessed":0,"skippedReply":0},"conversation":null,"flowId":null}
2026-08-06T08:58:36.250Z cycle-start {}
2026-08-06T08:58:36.611Z cycle-result {"status":"idle","diagnostic":{"url":"https://www.instagram.com/direct/inbox/","rows":1,"markers":0,"eligible":0,"skippedState":0,"skippedProcessed":0,"skippedReply":0},"conversation":null,"flowId":null}
2026-08-06T08:58:38.261Z cycle-start {}
2026-08-06T08:58:38.613Z cycle-result {"status":"idle","diagnostic":{"url":"https://www.instagram.com/direct/inbox/","rows":1,"markers":0,"eligible":0,"skippedState":0,"skippedProcessed":0,"skippedReply":0},"conversation":null,"flowId":null}
2026-08-06T08:58:40.267Z cycle-start {}
2026-08-06T08:58:40.624Z cycle-result {"status":"idle","diagnostic":{"url":"https://www.instagram.com/direct/inbox/","rows":1,"markers":0,"eligible":0,"skippedState":0,"skippedProcessed":0,"skippedReply":0},"conversation":null,"flowId":null}
2026-08-06T08:58:42.278Z cycle-start {}
2026-08-06T08:58:42.631Z cycle-result {"status":"idle","diagnostic":{"url":"https://www.instagram.com/direct/inbox/","rows":1,"markers":0,"eligible":0,"skippedState":0,"skippedProcessed":0,"skippedReply":0},"conversation":null,"flowId":null}
2026-08-06T08:58:44.283Z cycle-start {}
2026-08-06T08:58:44.643Z cycle-result {"status":"idle","diagnostic":{"url":"https://www.instagram.com/direct/inbox/","rows":1,"markers":0,"eligible":0,"skippedState":0,"skippedProcessed":0,"skippedReply":0},"conversation":null,"flowId":null}
2026-08-06T08:58:46.296Z cycle-start {}
2026-08-06T08:58:46.657Z cycle-result {"status":"idle","diagnostic":{"url":"https://www.instagram.com/direct/inbox/","rows":1,"markers":0,"eligible":0,"skippedState":0,"skippedProcessed":0,"skippedReply":0},"conversation":null,"flowId":null}
2026-08-06T08:58:48.306Z cycle-start {}
2026-08-06T08:58:48.665Z cycle-result {"status":"idle","diagnostic":{"url":"https://www.instagram.com/direct/inbox/","rows":1,"markers":0,"eligible":0,"skippedState":0,"skippedProcessed":0,"skippedReply":0},"conversation":null,"flowId":null}
2026-08-06T08:58:50.310Z cycle-start {}
2026-08-06T08:58:50.666Z cycle-result {"status":"idle","diagnostic":{"url":"https://www.instagram.com/direct/inbox/","rows":1,"markers":0,"eligible":0,"skippedState":0,"skippedProcessed":0,"skippedReply":0},"conversation":null,"flowId":null}
2026-08-06T08:58:52.310Z cycle-start {}
2026-08-06T08:58:52.664Z cycle-result {"status":"idle","diagnostic":{"url":"https://www.instagram.com/direct/inbox/","rows":1,"markers":0,"eligible":0,"skippedState":0,"skippedProcessed":0,"skippedReply":0},"conversation":null,"flowId":null}
2026-08-06T08:58:54.314Z cycle-start {}
2026-08-06T08:58:54.670Z cycle-result {"status":"idle","diagnostic":{"url":"https://www.instagram.com/direct/inbox/","rows":1,"markers":0,"eligible":0,"skippedState":0,"skippedProcessed":0,"skippedReply":0},"conversation":null,"flowId":null}
2026-08-06T08:58:56.319Z cycle-start {}
2026-08-06T08:58:56.684Z cycle-result {"status":"idle","diagnostic":{"url":"https://www.instagram.com/direct/inbox/","rows":1,"markers":0,"eligible":0,"skippedState":0,"skippedProcessed":0,"skippedReply":0},"conversation":null,"flowId":null}
2026-08-06T08:58:58.321Z cycle-start {}
2026-08-06T08:58:58.779Z cycle-result {"status":"idle","diagnostic":{"url":"https://www.instagram.com/direct/inbox/","rows":1,"markers":0,"eligible":0,"skippedState":0,"skippedProcessed":0,"skippedReply":0},"conversation":null,"flowId":null}
2026-08-06T08:59:00.323Z cycle-start {}
2026-08-06T08:59:00.687Z cycle-result {"status":"idle","diagnostic":{"url":"https://www.instagram.com/direct/inbox/","rows":1,"markers":0,"eligible":0,"skippedState":0,"skippedProcessed":0,"skippedReply":0},"conversation":null,"flowId":null}
2026-08-06T08:59:02.328Z cycle-start {}
2026-08-06T08:59:02.683Z cycle-result {"status":"idle","diagnostic":{"url":"https://www.instagram.com/direct/inbox/","rows":1,"markers":0,"eligible":0,"skippedState":0,"skippedProcessed":0,"skippedReply":0},"conversation":null,"flowId":null}
2026-08-06T08:59:04.332Z cycle-start {}
2026-08-06T08:59:04.694Z cycle-result {"status":"idle","diagnostic":{"url":"https://www.instagram.com/direct/inbox/","rows":1,"markers":0,"eligible":0,"skippedState":0,"skippedProcessed":0,"skippedReply":0},"conversation":null,"flowId":null}
2026-08-06T08:59:06.338Z cycle-start {}
2026-08-06T08:59:06.699Z cycle-result {"status":"idle","diagnostic":{"url":"https://www.instagram.com/direct/inbox/","rows":1,"markers":0,"eligible":0,"skippedState":0,"skippedProcessed":0,"skippedReply":0},"conversation":null,"flowId":null}
2026-08-06T08:59:08.340Z cycle-start {}
2026-08-06T08:59:08.696Z cycle-result {"status":"idle","diagnostic":{"url":"https://www.instagram.com/direct/inbox/","rows":1,"markers":0,"eligible":0,"skippedState":0,"skippedProcessed":0,"skippedReply":0},"conversation":null,"flowId":null}
2026-08-06T08:59:10.345Z cycle-start {}
2026-08-06T08:59:10.709Z cycle-result {"status":"idle","diagnostic":{"url":"https://www.instagram.com/direct/inbox/","rows":1,"markers":0,"eligible":0,"skippedState":0,"skippedProcessed":0,"skippedReply":0},"conversation":null,"flowId":null}
2026-08-06T08:59:12.346Z cycle-start {}
2026-08-06T08:59:12.699Z cycle-result {"status":"idle","diagnostic":{"url":"https://www.instagram.com/direct/inbox/","rows":1,"markers":0,"eligible":0,"skippedState":0,"skippedProcessed":0,"skippedReply":0},"conversation":null,"flowId":null}
2026-08-06T08:59:14.356Z cycle-start {}
2026-08-06T08:59:14.721Z cycle-result {"status":"idle","diagnostic":{"url":"https://www.instagram.com/direct/inbox/","rows":1,"markers":0,"eligible":0,"skippedState":0,"skippedProcessed":0,"skippedReply":0},"conversation":null,"flowId":null}
2026-08-06T08:59:16.359Z cycle-start {}
2026-08-06T08:59:16.721Z cycle-result {"status":"idle","diagnostic":{"url":"https://www.instagram.com/direct/inbox/","rows":1,"markers":0,"eligible":0,"skippedState":0,"skippedProcessed":0,"skippedReply":0},"conversation":null,"flowId":null}
2026-08-06T08:59:18.363Z cycle-start {}
2026-08-06T08:59:18.729Z cycle-result {"status":"idle","diagnostic":{"url":"https://www.instagram.com/direct/inbox/","rows":1,"markers":0,"eligible":0,"skippedState":0,"skippedProcessed":0,"skippedReply":0},"conversation":null,"flowId":null}
2026-08-06T08:59:20.369Z cycle-start {}
2026-08-06T08:59:20.721Z cycle-result {"status":"idle","diagnostic":{"url":"https://www.instagram.com/direct/inbox/","rows":1,"markers":0,"eligible":0,"skippedState":0,"skippedProcessed":0,"skippedReply":0},"conversation":null,"flowId":null}
2026-08-06T08:59:22.376Z cycle-start {}
2026-08-06T08:59:22.740Z cycle-result {"status":"idle","diagnostic":{"url":"https://www.instagram.com/direct/inbox/","rows":1,"markers":0,"eligible":0,"skippedState":0,"skippedProcessed":0,"skippedReply":0},"conversation":null,"flowId":null}
2026-08-06T08:59:24.379Z cycle-start {}
2026-08-06T08:59:24.737Z cycle-result {"status":"idle","diagnostic":{"url":"https://www.instagram.com/direct/inbox/","rows":1,"markers":0,"eligible":0,"skippedState":0,"skippedProcessed":0,"skippedReply":0},"conversation":null,"flowId":null}
2026-08-06T08:59:26.380Z cycle-start {}
2026-08-06T08:59:26.743Z cycle-result {"status":"idle","diagnostic":{"url":"https://www.instagram.com/direct/inbox/","rows":1,"markers":0,"eligible":0,"skippedState":0,"skippedProcessed":0,"skippedReply":0},"conversation":null,"flowId":null}
2026-08-06T08:59:28.395Z cycle-start {}
2026-08-06T08:59:28.760Z cycle-result {"status":"idle","diagnostic":{"url":"https://www.instagram.com/direct/inbox/","rows":1,"markers":0,"eligible":0,"skippedState":0,"skippedProcessed":0,"skippedReply":0},"conversation":null,"flowId":null}
2026-08-06T08:59:30.398Z cycle-start {}
2026-08-06T08:59:30.753Z cycle-result {"status":"idle","diagnostic":{"url":"https://www.instagram.com/direct/inbox/","rows":1,"markers":0,"eligible":0,"skippedState":0,"skippedProcessed":0,"skippedReply":0},"conversation":null,"flowId":null}
2026-08-06T08:59:32.398Z cycle-start {}
2026-08-06T08:59:32.760Z cycle-result {"status":"idle","diagnostic":{"url":"https://www.instagram.com/direct/inbox/","rows":1,"markers":0,"eligible":0,"skippedState":0,"skippedProcessed":0,"skippedReply":0},"conversation":null,"flowId":null}
2026-08-06T08:59:34.401Z cycle-start {}
2026-08-06T08:59:34.758Z cycle-result {"status":"idle","diagnostic":{"url":"https://www.instagram.com/direct/inbox/","rows":1,"markers":0,"eligible":0,"skippedState":0,"skippedProcessed":0,"skippedReply":0},"conversation":null,"flowId":null}
2026-08-06T08:59:36.403Z cycle-start {}
2026-08-06T08:59:36.758Z cycle-result {"status":"idle","diagnostic":{"url":"https://www.instagram.com/direct/inbox/","rows":1,"markers":0,"eligible":0,"skippedState":0,"skippedProcessed":0,"skippedReply":0},"conversation":null,"flowId":null}
2026-08-06T08:59:38.407Z cycle-start {}
2026-08-06T08:59:38.762Z cycle-result {"status":"idle","diagnostic":{"url":"https://www.instagram.com/direct/inbox/","rows":1,"markers":0,"eligible":0,"skippedState":0,"skippedProcessed":0,"skippedReply":0},"conversation":null,"flowId":null}
2026-08-06T08:59:40.408Z cycle-start {}
2026-08-06T08:59:40.775Z cycle-result {"status":"idle","diagnostic":{"url":"https://www.instagram.com/direct/inbox/","rows":1,"markers":0,"eligible":0,"skippedState":0,"skippedProcessed":0,"skippedReply":0},"conversation":null,"flowId":null}
2026-08-06T08:59:42.412Z cycle-start {}
2026-08-06T08:59:42.771Z cycle-result {"status":"idle","diagnostic":{"url":"https://www.instagram.com/direct/inbox/","rows":1,"markers":0,"eligible":0,"skippedState":0,"skippedProcessed":0,"skippedReply":0},"conversation":null,"flowId":null}
2026-08-06T08:59:44.422Z cycle-start {}
2026-08-06T08:59:44.783Z cycle-result {"status":"idle","diagnostic":{"url":"https://www.instagram.com/direct/inbox/","rows":1,"markers":0,"eligible":0,"skippedState":0,"skippedProcessed":0,"skippedReply":0},"conversation":null,"flowId":null}
2026-08-06T08:59:46.429Z cycle-start {}
2026-08-06T08:59:46.789Z cycle-result {"status":"idle","diagnostic":{"url":"https://www.instagram.com/direct/inbox/","rows":1,"markers":0,"eligible":0,"skippedState":0,"skippedProcessed":0,"skippedReply":0},"conversation":null,"flowId":null}
2026-08-06T08:59:48.442Z cycle-start {}
2026-08-06T08:59:48.801Z cycle-result {"status":"idle","diagnostic":{"url":"https://www.instagram.com/direct/inbox/","rows":1,"markers":0,"eligible":0,"skippedState":0,"skippedProcessed":0,"skippedReply":0},"conversation":null,"flowId":null}
2026-08-06T08:59:50.448Z cycle-start {}
2026-08-06T08:59:50.808Z cycle-result {"status":"idle","diagnostic":{"url":"https://www.instagram.com/direct/inbox/","rows":1,"markers":0,"eligible":0,"skippedState":0,"skippedProcessed":0,"skippedReply":0},"conversation":null,"flowId":null}
2026-08-06T08:59:52.455Z cycle-start {}
2026-08-06T08:59:52.818Z cycle-result {"status":"idle","diagnostic":{"url":"https://www.instagram.com/direct/inbox/","rows":1,"markers":0,"eligible":0,"skippedState":0,"skippedProcessed":0,"skippedReply":0},"conversation":null,"flowId":null}
2026-08-06T08:59:54.467Z cycle-start {}
2026-08-06T08:59:54.829Z cycle-result {"status":"idle","diagnostic":{"url":"https://www.instagram.com/direct/inbox/","rows":1,"markers":0,"eligible":0,"skippedState":0,"skippedProcessed":0,"skippedReply":0},"conversation":null,"flowId":null}
2026-08-06T08:59:56.479Z cycle-start {}
2026-08-06T08:59:56.839Z cycle-result {"status":"idle","diagnostic":{"url":"https://www.instagram.com/direct/inbox/","rows":1,"markers":0,"eligible":0,"skippedState":0,"skippedProcessed":0,"skippedReply":0},"conversation":null,"flowId":null}
2026-08-06T08:59:58.490Z cycle-start {}
2026-08-06T08:59:58.857Z cycle-result {"status":"idle","diagnostic":{"url":"https://www.instagram.com/direct/inbox/","rows":1,"markers":0,"eligible":0,"skippedState":0,"skippedProcessed":0,"skippedReply":0},"conversation":null,"flowId":null}
2026-08-06T09:00:00.494Z cycle-start {}
2026-08-06T09:00:00.851Z cycle-result {"status":"idle","diagnostic":{"url":"https://www.instagram.com/direct/inbox/","rows":1,"markers":0,"eligible":0,"skippedState":0,"skippedProcessed":0,"skippedReply":0},"conversation":null,"flowId":null}
2026-08-06T09:00:02.505Z cycle-start {}
2026-08-06T09:00:02.867Z cycle-result {"status":"idle","diagnostic":{"url":"https://www.instagram.com/direct/inbox/","rows":1,"markers":0,"eligible":0,"skippedState":0,"skippedProcessed":0,"skippedReply":0},"conversation":null,"flowId":null}
2026-08-06T09:00:04.511Z cycle-start {}
2026-08-06T09:00:04.872Z cycle-result {"status":"idle","diagnostic":{"url":"https://www.instagram.com/direct/inbox/","rows":1,"markers":0,"eligible":0,"skippedState":0,"skippedProcessed":0,"skippedReply":0},"conversation":null,"flowId":null}
2026-08-06T09:00:06.523Z cycle-start {}
2026-08-06T09:00:06.884Z cycle-result {"status":"idle","diagnostic":{"url":"https://www.instagram.com/direct/inbox/","rows":1,"markers":0,"eligible":0,"skippedState":0,"skippedProcessed":0,"skippedReply":0},"conversation":null,"flowId":null}
2026-08-06T09:00:08.533Z cycle-start {}
2026-08-06T09:00:08.910Z cycle-result {"status":"idle","diagnostic":{"url":"https://www.instagram.com/direct/inbox/","rows":1,"markers":0,"eligible":0,"skippedState":0,"skippedProcessed":0,"skippedReply":0},"conversation":null,"flowId":null}
2026-08-06T09:00:10.546Z cycle-start {}
2026-08-06T09:00:10.905Z cycle-result {"status":"idle","diagnostic":{"url":"https://www.instagram.com/direct/inbox/","rows":1,"markers":0,"eligible":0,"skippedState":0,"skippedProcessed":0,"skippedReply":0},"conversation":null,"flowId":null}
2026-08-06T09:00:12.557Z cycle-start {}
2026-08-06T09:00:12.919Z cycle-result {"status":"idle","diagnostic":{"url":"https://www.instagram.com/direct/inbox/","rows":1,"markers":0,"eligible":0,"skippedState":0,"skippedProcessed":0,"skippedReply":0},"conversation":null,"flowId":null}
2026-08-06T09:00:14.566Z cycle-start {}
2026-08-06T09:00:14.929Z cycle-result {"status":"idle","diagnostic":{"url":"https://www.instagram.com/direct/inbox/","rows":1,"markers":0,"eligible":0,"skippedState":0,"skippedProcessed":0,"skippedReply":0},"conversation":null,"flowId":null}
2026-08-06T09:00:16.572Z cycle-start {}
2026-08-06T09:00:16.930Z cycle-result {"status":"idle","diagnostic":{"url":"https://www.instagram.com/direct/inbox/","rows":1,"markers":0,"eligible":0,"skippedState":0,"skippedProcessed":0,"skippedReply":0},"conversation":null,"flowId":null}
2026-08-06T09:00:18.575Z cycle-start {}
2026-08-06T09:00:18.938Z cycle-result {"status":"idle","diagnostic":{"url":"https://www.instagram.com/direct/inbox/","rows":1,"markers":0,"eligible":0,"skippedState":0,"skippedProcessed":0,"skippedReply":0},"conversation":null,"flowId":null}
2026-08-06T09:00:20.575Z cycle-start {}
2026-08-06T09:00:20.930Z cycle-result {"status":"idle","diagnostic":{"url":"https://www.instagram.com/direct/inbox/","rows":1,"markers":0,"eligible":0,"skippedState":0,"skippedProcessed":0,"skippedReply":0},"conversation":null,"flowId":null}
2026-08-06T09:00:22.579Z cycle-start {}
2026-08-06T09:00:22.934Z cycle-result {"status":"idle","diagnostic":{"url":"https://www.instagram.com/direct/inbox/","rows":1,"markers":0,"eligible":0,"skippedState":0,"skippedProcessed":0,"skippedReply":0},"conversation":null,"flowId":null}
2026-08-06T09:00:24.591Z cycle-start {}
2026-08-06T09:00:24.954Z cycle-result {"status":"idle","diagnostic":{"url":"https://www.instagram.com/direct/inbox/","rows":1,"markers":0,"eligible":0,"skippedState":0,"skippedProcessed":0,"skippedReply":0},"conversation":null,"flowId":null}
2026-08-06T09:00:26.594Z cycle-start {}
2026-08-06T09:00:26.953Z cycle-result {"status":"idle","diagnostic":{"url":"https://www.instagram.com/direct/inbox/","rows":1,"markers":0,"eligible":0,"skippedState":0,"skippedProcessed":0,"skippedReply":0},"conversation":null,"flowId":null}
2026-08-06T09:00:28.604Z cycle-start {}
2026-08-06T09:00:28.976Z cycle-result {"status":"idle","diagnostic":{"url":"https://www.instagram.com/direct/inbox/","rows":1,"markers":0,"eligible":0,"skippedState":0,"skippedProcessed":0,"skippedReply":0},"conversation":null,"flowId":null}
2026-08-06T09:00:30.611Z cycle-start {}
2026-08-06T09:00:30.969Z cycle-result {"status":"idle","diagnostic":{"url":"https://www.instagram.com/direct/inbox/","rows":1,"markers":0,"eligible":0,"skippedState":0,"skippedProcessed":0,"skippedReply":0},"conversation":null,"flowId":null}
2026-08-06T09:00:32.611Z cycle-start {}
2026-08-06T09:00:32.971Z cycle-result {"status":"idle","diagnostic":{"url":"https://www.instagram.com/direct/inbox/","rows":1,"markers":0,"eligible":0,"skippedState":0,"skippedProcessed":0,"skippedReply":0},"conversation":null,"flowId":null}
2026-08-06T09:00:34.625Z cycle-start {}
2026-08-06T09:00:34.984Z cycle-result {"status":"idle","diagnostic":{"url":"https://www.instagram.com/direct/inbox/","rows":1,"markers":0,"eligible":0,"skippedState":0,"skippedProcessed":0,"skippedReply":0},"conversation":null,"flowId":null}
2026-08-06T09:00:36.636Z cycle-start {}
2026-08-06T09:00:36.995Z cycle-result {"status":"idle","diagnostic":{"url":"https://www.instagram.com/direct/inbox/","rows":1,"markers":0,"eligible":0,"skippedState":0,"skippedProcessed":0,"skippedReply":0},"conversation":null,"flowId":null}
2026-08-06T09:00:38.646Z cycle-start {}
2026-08-06T09:00:39.007Z cycle-result {"status":"idle","diagnostic":{"url":"https://www.instagram.com/direct/inbox/","rows":1,"markers":0,"eligible":0,"skippedState":0,"skippedProcessed":0,"skippedReply":0},"conversation":null,"flowId":null}
2026-08-06T09:00:40.658Z cycle-start {}
2026-08-06T09:00:41.017Z cycle-result {"status":"idle","diagnostic":{"url":"https://www.instagram.com/direct/inbox/","rows":1,"markers":0,"eligible":0,"skippedState":0,"skippedProcessed":0,"skippedReply":0},"conversation":null,"flowId":null}
2026-08-06T09:00:42.667Z cycle-start {}
2026-08-06T09:00:43.026Z cycle-result {"status":"idle","diagnostic":{"url":"https://www.instagram.com/direct/inbox/","rows":1,"markers":0,"eligible":0,"skippedState":0,"skippedProcessed":0,"skippedReply":0},"conversation":null,"flowId":null}
2026-08-06T09:00:44.672Z cycle-start {}
2026-08-06T09:00:45.030Z cycle-result {"status":"idle","diagnostic":{"url":"https://www.instagram.com/direct/inbox/","rows":1,"markers":0,"eligible":0,"skippedState":0,"skippedProcessed":0,"skippedReply":0},"conversation":null,"flowId":null}
2026-08-06T09:00:46.680Z cycle-start {}
2026-08-06T09:00:47.040Z cycle-result {"status":"idle","diagnostic":{"url":"https://www.instagram.com/direct/inbox/","rows":1,"markers":0,"eligible":0,"skippedState":0,"skippedProcessed":0,"skippedReply":0},"conversation":null,"flowId":null}
2026-08-06T09:00:48.690Z cycle-start {}
2026-08-06T09:00:49.052Z cycle-result {"status":"idle","diagnostic":{"url":"https://www.instagram.com/direct/inbox/","rows":1,"markers":0,"eligible":0,"skippedState":0,"skippedProcessed":0,"skippedReply":0},"conversation":null,"flowId":null}
2026-08-06T09:00:50.702Z cycle-start {}
2026-08-06T09:00:51.060Z cycle-result {"status":"idle","diagnostic":{"url":"https://www.instagram.com/direct/inbox/","rows":1,"markers":0,"eligible":0,"skippedState":0,"skippedProcessed":0,"skippedReply":0},"conversation":null,"flowId":null}
2026-08-06T09:00:52.709Z cycle-start {}
2026-08-06T09:00:53.069Z cycle-result {"status":"idle","diagnostic":{"url":"https://www.instagram.com/direct/inbox/","rows":1,"markers":0,"eligible":0,"skippedState":0,"skippedProcessed":0,"skippedReply":0},"conversation":null,"flowId":null}
2026-08-06T09:00:54.720Z cycle-start {}
2026-08-06T09:00:55.084Z cycle-result {"status":"idle","diagnostic":{"url":"https://www.instagram.com/direct/inbox/","rows":1,"markers":0,"eligible":0,"skippedState":0,"skippedProcessed":0,"skippedReply":0},"conversation":null,"flowId":null}
2026-08-06T09:00:56.728Z cycle-start {}
2026-08-06T09:00:57.093Z cycle-result {"status":"idle","diagnostic":{"url":"https://www.instagram.com/direct/inbox/","rows":1,"markers":0,"eligible":0,"skippedState":0,"skippedProcessed":0,"skippedReply":0},"conversation":null,"flowId":null}
2026-08-06T09:00:58.730Z cycle-start {}
2026-08-06T09:00:59.091Z cycle-result {"status":"idle","diagnostic":{"url":"https://www.instagram.com/direct/inbox/","rows":1,"markers":0,"eligible":0,"skippedState":0,"skippedProcessed":0,"skippedReply":0},"conversation":null,"flowId":null}
2026-08-06T09:01:00.734Z cycle-start {}
2026-08-06T09:01:01.100Z cycle-result {"status":"idle","diagnostic":{"url":"https://www.instagram.com/direct/inbox/","rows":1,"markers":0,"eligible":0,"skippedState":0,"skippedProcessed":0,"skippedReply":0},"conversation":null,"flowId":null}
2026-08-06T09:01:02.737Z cycle-start {}
2026-08-06T09:01:03.094Z cycle-result {"status":"idle","diagnostic":{"url":"https://www.instagram.com/direct/inbox/","rows":1,"markers":0,"eligible":0,"skippedState":0,"skippedProcessed":0,"skippedReply":0},"conversation":null,"flowId":null}
2026-08-06T09:01:04.739Z cycle-start {}
2026-08-06T09:01:05.105Z cycle-result {"status":"idle","diagnostic":{"url":"https://www.instagram.com/direct/inbox/","rows":1,"markers":0,"eligible":0,"skippedState":0,"skippedProcessed":0,"skippedReply":0},"conversation":null,"flowId":null}
2026-08-06T09:01:06.739Z cycle-start {}
2026-08-06T09:01:07.099Z cycle-result {"status":"idle","diagnostic":{"url":"https://www.instagram.com/direct/inbox/","rows":1,"markers":0,"eligible":0,"skippedState":0,"skippedProcessed":0,"skippedReply":0},"conversation":null,"flowId":null}
2026-08-06T09:01:08.739Z cycle-start {}
2026-08-06T09:01:09.106Z cycle-result {"status":"idle","diagnostic":{"url":"https://www.instagram.com/direct/inbox/","rows":1,"markers":0,"eligible":0,"skippedState":0,"skippedProcessed":0,"skippedReply":0},"conversation":null,"flowId":null}
2026-08-06T09:01:10.747Z cycle-start {}
2026-08-06T09:01:11.099Z cycle-result {"status":"idle","diagnostic":{"url":"https://www.instagram.com/direct/inbox/","rows":1,"markers":0,"eligible":0,"skippedState":0,"skippedProcessed":0,"skippedReply":0},"conversation":null,"flowId":null}
2026-08-06T09:01:12.753Z cycle-start {}
2026-08-06T09:01:13.112Z cycle-result {"status":"idle","diagnostic":{"url":"https://www.instagram.com/direct/inbox/","rows":1,"markers":0,"eligible":0,"skippedState":0,"skippedProcessed":0,"skippedReply":0},"conversation":null,"flowId":null}
2026-08-06T09:01:14.755Z cycle-start {}
2026-08-06T09:01:15.111Z cycle-result {"status":"idle","diagnostic":{"url":"https://www.instagram.com/direct/inbox/","rows":1,"markers":0,"eligible":0,"skippedState":0,"skippedProcessed":0,"skippedReply":0},"conversation":null,"flowId":null}
2026-08-06T09:01:16.758Z cycle-start {}
2026-08-06T09:01:17.115Z cycle-result {"status":"idle","diagnostic":{"url":"https://www.instagram.com/direct/inbox/","rows":1,"markers":0,"eligible":0,"skippedState":0,"skippedProcessed":0,"skippedReply":0},"conversation":null,"flowId":null}
2026-08-06T09:01:18.351Z config {"enabled":true,"hasText":true}
2026-08-06T09:01:18.353Z config {"enabled":true,"hasText":true}
2026-08-06T09:01:18.378Z config {"enabled":true,"hasText":true}
2026-08-06T09:01:18.773Z cycle-start {}
2026-08-06T09:01:19.133Z cycle-result {"status":"idle","diagnostic":{"url":"https://www.instagram.com/direct/inbox/","rows":1,"markers":0,"eligible":0,"skippedState":0,"skippedProcessed":0,"skippedReply":0},"conversation":null,"flowId":null}
2026-08-06T09:01:20.774Z cycle-start {}
2026-08-06T09:01:21.132Z cycle-result {"status":"idle","diagnostic":{"url":"https://www.instagram.com/direct/inbox/","rows":1,"markers":0,"eligible":0,"skippedState":0,"skippedProcessed":0,"skippedReply":0},"conversation":null,"flowId":null}
2026-08-06T09:01:22.776Z cycle-start {}
2026-08-06T09:01:23.134Z cycle-result {"status":"idle","diagnostic":{"url":"https://www.instagram.com/direct/inbox/","rows":1,"markers":0,"eligible":0,"skippedState":0,"skippedProcessed":0,"skippedReply":0},"conversation":null,"flowId":null}
2026-08-06T09:01:24.776Z cycle-start {}
2026-08-06T09:01:25.143Z cycle-result {"status":"idle","diagnostic":{"url":"https://www.instagram.com/direct/inbox/","rows":1,"markers":0,"eligible":0,"skippedState":0,"skippedProcessed":0,"skippedReply":0},"conversation":null,"flowId":null}
2026-08-06T09:01:26.792Z cycle-start {}
2026-08-06T09:01:27.151Z cycle-result {"status":"idle","diagnostic":{"url":"https://www.instagram.com/direct/inbox/","rows":1,"markers":0,"eligible":0,"skippedState":0,"skippedProcessed":0,"skippedReply":0},"conversation":null,"flowId":null}
2026-08-06T09:01:28.798Z cycle-start {}
2026-08-06T09:01:29.157Z cycle-result {"status":"idle","diagnostic":{"url":"https://www.instagram.com/direct/inbox/","rows":1,"markers":0,"eligible":0,"skippedState":0,"skippedProcessed":0,"skippedReply":0},"conversation":null,"flowId":null}
2026-08-06T09:01:30.806Z cycle-start {}
2026-08-06T09:01:31.163Z cycle-result {"status":"idle","diagnostic":{"url":"https://www.instagram.com/direct/inbox/","rows":1,"markers":0,"eligible":0,"skippedState":0,"skippedProcessed":0,"skippedReply":0},"conversation":null,"flowId":null}
2026-08-06T09:01:32.810Z cycle-start {}
2026-08-06T09:01:33.168Z cycle-result {"status":"idle","diagnostic":{"url":"https://www.instagram.com/direct/inbox/","rows":1,"markers":0,"eligible":0,"skippedState":0,"skippedProcessed":0,"skippedReply":0},"conversation":null,"flowId":null}
2026-08-06T09:01:34.818Z cycle-start {}
2026-08-06T09:01:35.182Z cycle-result {"status":"idle","diagnostic":{"url":"https://www.instagram.com/direct/inbox/","rows":1,"markers":0,"eligible":0,"skippedState":0,"skippedProcessed":0,"skippedReply":0},"conversation":null,"flowId":null}
2026-08-06T09:01:36.822Z cycle-start {}
2026-08-06T09:01:37.181Z cycle-result {"status":"idle","diagnostic":{"url":"https://www.instagram.com/direct/inbox/","rows":1,"markers":0,"eligible":0,"skippedState":0,"skippedProcessed":0,"skippedReply":0},"conversation":null,"flowId":null}
2026-08-06T09:01:38.830Z cycle-start {}
2026-08-06T09:01:39.187Z cycle-result {"status":"idle","diagnostic":{"url":"https://www.instagram.com/direct/inbox/","rows":1,"markers":0,"eligible":0,"skippedState":0,"skippedProcessed":0,"skippedReply":0},"conversation":null,"flowId":null}
2026-08-06T09:01:40.835Z cycle-start {}
2026-08-06T09:01:41.193Z cycle-result {"status":"idle","diagnostic":{"url":"https://www.instagram.com/direct/inbox/","rows":1,"markers":0,"eligible":0,"skippedState":0,"skippedProcessed":0,"skippedReply":0},"conversation":null,"flowId":null}
2026-08-06T09:01:42.840Z cycle-start {}
2026-08-06T09:01:43.198Z cycle-result {"status":"idle","diagnostic":{"url":"https://www.instagram.com/direct/inbox/","rows":1,"markers":0,"eligible":0,"skippedState":0,"skippedProcessed":0,"skippedReply":0},"conversation":null,"flowId":null}
2026-08-06T09:01:44.852Z cycle-start {}
2026-08-06T09:01:45.214Z cycle-result {"status":"idle","diagnostic":{"url":"https://www.instagram.com/direct/inbox/","rows":1,"markers":0,"eligible":0,"skippedState":0,"skippedProcessed":0,"skippedReply":0},"conversation":null,"flowId":null}
2026-08-06T09:01:46.858Z cycle-start {}
2026-08-06T09:01:47.220Z cycle-result {"status":"idle","diagnostic":{"url":"https://www.instagram.com/direct/inbox/","rows":1,"markers":0,"eligible":0,"skippedState":0,"skippedProcessed":0,"skippedReply":0},"conversation":null,"flowId":null}
2026-08-06T09:01:48.869Z cycle-start {}
2026-08-06T09:01:49.231Z cycle-result {"status":"idle","diagnostic":{"url":"https://www.instagram.com/direct/inbox/","rows":1,"markers":0,"eligible":0,"skippedState":0,"skippedProcessed":0,"skippedReply":0},"conversation":null,"flowId":null}
2026-08-06T09:01:50.870Z cycle-start {}
2026-08-06T09:01:51.230Z cycle-result {"status":"idle","diagnostic":{"url":"https://www.instagram.com/direct/inbox/","rows":1,"markers":0,"eligible":0,"skippedState":0,"skippedProcessed":0,"skippedReply":0},"conversation":null,"flowId":null}
2026-08-06T09:01:52.145Z config {"enabled":true,"hasText":true}
2026-08-06T09:01:52.148Z config {"enabled":true,"hasText":true}
2026-08-06T09:01:52.177Z config {"enabled":true,"hasText":true}
2026-08-06T09:01:52.880Z cycle-start {}
2026-08-06T09:01:53.241Z cycle-result {"status":"idle","diagnostic":{"url":"https://www.instagram.com/direct/inbox/","rows":1,"markers":0,"eligible":0,"skippedState":0,"skippedProcessed":0,"skippedReply":0},"conversation":null,"flowId":null}
2026-08-06T09:01:54.896Z cycle-start {}
2026-08-06T09:01:55.257Z cycle-result {"status":"idle","diagnostic":{"url":"https://www.instagram.com/direct/inbox/","rows":1,"markers":0,"eligible":0,"skippedState":0,"skippedProcessed":0,"skippedReply":0},"conversation":null,"flowId":null}
2026-08-06T09:01:57.986Z config {"enabled":true,"hasText":true}
2026-08-06T09:01:57.988Z cycle-start {}
2026-08-06T09:01:57.991Z probe-load {"url":"https://www.instagram.com/direct/inbox/"}
2026-08-06T09:01:58.039Z config {"enabled":true,"hasText":true}
2026-08-06T09:01:59.979Z cycle-result {"status":"idle","diagnostic":{"url":"https://www.instagram.com/direct/inbox/","rows":1,"markers":0,"eligible":0,"skippedState":0,"skippedProcessed":0,"skippedReply":0},"conversation":null,"flowId":null}
2026-08-06T09:01:59.991Z cycle-start {}
2026-08-06T09:02:41.701Z config {"enabled":true,"hasText":true}
2026-08-06T09:02:41.704Z cycle-start {}
2026-08-06T09:02:41.708Z probe-load {"url":"https://www.instagram.com/direct/inbox/"}
2026-08-06T09:02:41.734Z config {"enabled":true,"hasText":true}
2026-08-06T09:02:43.394Z cycle-result {"status":"idle","diagnostic":{"url":"https://www.instagram.com/direct/inbox/","rows":1,"markers":0,"eligible":0,"skippedState":0,"skippedProcessed":0,"skippedReply":0},"conversation":null,"flowId":null}
2026-08-06T09:02:43.484Z config {"enabled":true,"hasText":true}
2026-08-06T09:02:43.706Z cycle-start {}
2026-08-06T09:02:44.073Z cycle-result {"status":"idle","diagnostic":{"url":"https://www.instagram.com/direct/inbox/","rows":1,"markers":0,"eligible":0,"skippedState":0,"skippedProcessed":0,"skippedReply":0},"conversation":null,"flowId":null}
2026-08-06T09:02:45.713Z cycle-start {}
2026-08-06T09:02:46.077Z cycle-result {"status":"idle","diagnostic":{"url":"https://www.instagram.com/direct/inbox/","rows":1,"markers":0,"eligible":0,"skippedState":0,"skippedProcessed":0,"skippedReply":0},"conversation":null,"flowId":null}
2026-08-06T09:02:47.719Z cycle-start {}
2026-08-06T09:02:48.082Z cycle-result {"status":"idle","diagnostic":{"url":"https://www.instagram.com/direct/inbox/","rows":1,"markers":0,"eligible":0,"skippedState":0,"skippedProcessed":0,"skippedReply":0},"conversation":null,"flowId":null}
2026-08-06T09:02:49.733Z cycle-start {}
2026-08-06T09:02:50.094Z cycle-result {"status":"idle","diagnostic":{"url":"https://www.instagram.com/direct/inbox/","rows":1,"markers":0,"eligible":0,"skippedState":0,"skippedProcessed":0,"skippedReply":0},"conversation":null,"flowId":null}
2026-08-06T09:02:51.745Z cycle-start {}
2026-08-06T09:02:52.103Z cycle-result {"status":"idle","diagnostic":{"url":"https://www.instagram.com/direct/inbox/","rows":1,"markers":0,"eligible":0,"skippedState":0,"skippedProcessed":0,"skippedReply":0},"conversation":null,"flowId":null}
2026-08-06T09:02:53.750Z cycle-start {}
2026-08-06T09:02:54.109Z cycle-result {"status":"idle","diagnostic":{"url":"https://www.instagram.com/direct/inbox/","rows":1,"markers":0,"eligible":0,"skippedState":0,"skippedProcessed":0,"skippedReply":0},"conversation":null,"flowId":null}
2026-08-06T09:02:55.756Z cycle-start {}
2026-08-06T09:02:56.114Z cycle-result {"status":"idle","diagnostic":{"url":"https://www.instagram.com/direct/inbox/","rows":1,"markers":0,"eligible":0,"skippedState":0,"skippedProcessed":0,"skippedReply":0},"conversation":null,"flowId":null}
2026-08-06T09:02:57.756Z cycle-start {}
2026-08-06T09:02:58.118Z cycle-result {"status":"idle","diagnostic":{"url":"https://www.instagram.com/direct/inbox/","rows":1,"markers":0,"eligible":0,"skippedState":0,"skippedProcessed":0,"skippedReply":0},"conversation":null,"flowId":null}
2026-08-06T09:02:59.762Z cycle-start {}
2026-08-06T09:03:00.123Z cycle-result {"status":"idle","diagnostic":{"url":"https://www.instagram.com/direct/inbox/","rows":1,"markers":0,"eligible":0,"skippedState":0,"skippedProcessed":0,"skippedReply":0},"conversation":null,"flowId":null}
2026-08-06T09:03:01.771Z cycle-start {}
2026-08-06T09:03:02.132Z cycle-result {"status":"idle","diagnostic":{"url":"https://www.instagram.com/direct/inbox/","rows":1,"markers":0,"eligible":0,"skippedState":0,"skippedProcessed":0,"skippedReply":0},"conversation":null,"flowId":null}
2026-08-06T09:03:03.784Z cycle-start {}
2026-08-06T09:03:04.143Z cycle-result {"status":"idle","diagnostic":{"url":"https://www.instagram.com/direct/inbox/","rows":1,"markers":0,"eligible":0,"skippedState":0,"skippedProcessed":0,"skippedReply":0},"conversation":null,"flowId":null}
2026-08-06T09:03:05.793Z cycle-start {}
2026-08-06T09:03:06.153Z cycle-result {"status":"idle","diagnostic":{"url":"https://www.instagram.com/direct/inbox/","rows":1,"markers":0,"eligible":0,"skippedState":0,"skippedProcessed":0,"skippedReply":0},"conversation":null,"flowId":null}
2026-08-06T09:03:07.801Z cycle-start {}
2026-08-06T09:03:08.156Z cycle-result {"status":"idle","diagnostic":{"url":"https://www.instagram.com/direct/inbox/","rows":1,"markers":0,"eligible":0,"skippedState":0,"skippedProcessed":0,"skippedReply":0},"conversation":null,"flowId":null}
2026-08-06T09:03:09.801Z cycle-start {}
2026-08-06T09:03:10.159Z cycle-result {"status":"idle","diagnostic":{"url":"https://www.instagram.com/direct/inbox/","rows":1,"markers":0,"eligible":0,"skippedState":0,"skippedProcessed":0,"skippedReply":0},"conversation":null,"flowId":null}
2026-08-06T09:03:11.804Z cycle-start {}
2026-08-06T09:03:12.163Z cycle-result {"status":"idle","diagnostic":{"url":"https://www.instagram.com/direct/inbox/","rows":1,"markers":0,"eligible":0,"skippedState":0,"skippedProcessed":0,"skippedReply":0},"conversation":null,"flowId":null}
2026-08-06T09:03:13.806Z cycle-start {}
2026-08-06T09:03:14.167Z cycle-result {"status":"idle","diagnostic":{"url":"https://www.instagram.com/direct/inbox/","rows":1,"markers":0,"eligible":0,"skippedState":0,"skippedProcessed":0,"skippedReply":0},"conversation":null,"flowId":null}
2026-08-06T09:03:15.815Z cycle-start {}
2026-08-06T09:03:16.173Z cycle-result {"status":"idle","diagnostic":{"url":"https://www.instagram.com/direct/inbox/","rows":1,"markers":0,"eligible":0,"skippedState":0,"skippedProcessed":0,"skippedReply":0},"conversation":null,"flowId":null}
2026-08-06T09:03:17.820Z cycle-start {}
2026-08-06T09:03:18.180Z cycle-result {"status":"idle","diagnostic":{"url":"https://www.instagram.com/direct/inbox/","rows":1,"markers":0,"eligible":0,"skippedState":0,"skippedProcessed":0,"skippedReply":0},"conversation":null,"flowId":null}
2026-08-06T09:03:19.831Z cycle-start {}
2026-08-06T09:03:20.191Z cycle-result {"status":"idle","diagnostic":{"url":"https://www.instagram.com/direct/inbox/","rows":1,"markers":0,"eligible":0,"skippedState":0,"skippedProcessed":0,"skippedReply":0},"conversation":null,"flowId":null}
2026-08-06T09:03:21.839Z cycle-start {}
2026-08-06T09:03:22.197Z cycle-result {"status":"idle","diagnostic":{"url":"https://www.instagram.com/direct/inbox/","rows":1,"markers":0,"eligible":0,"skippedState":0,"skippedProcessed":0,"skippedReply":0},"conversation":null,"flowId":null}
2026-08-06T09:03:23.845Z cycle-start {}
2026-08-06T09:03:24.203Z cycle-result {"status":"idle","diagnostic":{"url":"https://www.instagram.com/direct/inbox/","rows":1,"markers":0,"eligible":0,"skippedState":0,"skippedProcessed":0,"skippedReply":0},"conversation":null,"flowId":null}
2026-08-06T09:03:25.851Z cycle-start {}
2026-08-06T09:03:26.207Z cycle-result {"status":"idle","diagnostic":{"url":"https://www.instagram.com/direct/inbox/","rows":1,"markers":0,"eligible":0,"skippedState":0,"skippedProcessed":0,"skippedReply":0},"conversation":null,"flowId":null}
2026-08-06T09:03:27.858Z cycle-start {}
2026-08-06T09:03:28.217Z cycle-result {"status":"idle","diagnostic":{"url":"https://www.instagram.com/direct/inbox/","rows":1,"markers":0,"eligible":0,"skippedState":0,"skippedProcessed":0,"skippedReply":0},"conversation":null,"flowId":null}
2026-08-06T09:03:29.863Z cycle-start {}
2026-08-06T09:03:30.221Z cycle-result {"status":"idle","diagnostic":{"url":"https://www.instagram.com/direct/inbox/","rows":1,"markers":0,"eligible":0,"skippedState":0,"skippedProcessed":0,"skippedReply":0},"conversation":null,"flowId":null}
2026-08-06T09:03:31.868Z cycle-start {}
2026-08-06T09:03:32.227Z cycle-result {"status":"idle","diagnostic":{"url":"https://www.instagram.com/direct/inbox/","rows":1,"markers":0,"eligible":0,"skippedState":0,"skippedProcessed":0,"skippedReply":0},"conversation":null,"flowId":null}
2026-08-06T09:03:33.877Z cycle-start {}
2026-08-06T09:03:34.237Z cycle-result {"status":"idle","diagnostic":{"url":"https://www.instagram.com/direct/inbox/","rows":1,"markers":0,"eligible":0,"skippedState":0,"skippedProcessed":0,"skippedReply":0},"conversation":null,"flowId":null}
2026-08-06T09:03:35.877Z cycle-start {}
2026-08-06T09:03:36.238Z cycle-result {"status":"idle","diagnostic":{"url":"https://www.instagram.com/direct/inbox/","rows":1,"markers":0,"eligible":0,"skippedState":0,"skippedProcessed":0,"skippedReply":0},"conversation":null,"flowId":null}
2026-08-06T09:03:37.885Z cycle-start {}
2026-08-06T09:03:38.246Z cycle-result {"status":"idle","diagnostic":{"url":"https://www.instagram.com/direct/inbox/","rows":1,"markers":0,"eligible":0,"skippedState":0,"skippedProcessed":0,"skippedReply":0},"conversation":null,"flowId":null}
2026-08-06T09:03:39.888Z cycle-start {}
2026-08-06T09:03:40.246Z cycle-result {"status":"idle","diagnostic":{"url":"https://www.instagram.com/direct/inbox/","rows":1,"markers":0,"eligible":0,"skippedState":0,"skippedProcessed":0,"skippedReply":0},"conversation":null,"flowId":null}
2026-08-06T09:03:41.889Z cycle-start {}
2026-08-06T09:03:42.253Z cycle-result {"status":"idle","diagnostic":{"url":"https://www.instagram.com/direct/inbox/","rows":1,"markers":0,"eligible":0,"skippedState":0,"skippedProcessed":0,"skippedReply":0},"conversation":null,"flowId":null}
2026-08-06T09:03:43.898Z cycle-start {}
2026-08-06T09:03:44.256Z cycle-result {"status":"idle","diagnostic":{"url":"https://www.instagram.com/direct/inbox/","rows":1,"markers":0,"eligible":0,"skippedState":0,"skippedProcessed":0,"skippedReply":0},"conversation":null,"flowId":null}
2026-08-06T09:03:45.906Z cycle-start {}
2026-08-06T09:03:46.264Z cycle-result {"status":"idle","diagnostic":{"url":"https://www.instagram.com/direct/inbox/","rows":1,"markers":0,"eligible":0,"skippedState":0,"skippedProcessed":0,"skippedReply":0},"conversation":null,"flowId":null}
2026-08-06T09:03:47.916Z cycle-start {}
2026-08-06T09:03:48.277Z cycle-result {"status":"idle","diagnostic":{"url":"https://www.instagram.com/direct/inbox/","rows":1,"markers":0,"eligible":0,"skippedState":0,"skippedProcessed":0,"skippedReply":0},"conversation":null,"flowId":null}
2026-08-06T09:03:49.922Z cycle-start {}
2026-08-06T09:03:50.281Z cycle-result {"status":"idle","diagnostic":{"url":"https://www.instagram.com/direct/inbox/","rows":1,"markers":0,"eligible":0,"skippedState":0,"skippedProcessed":0,"skippedReply":0},"conversation":null,"flowId":null}
2026-08-06T09:03:51.928Z cycle-start {}
2026-08-06T09:03:52.286Z cycle-result {"status":"idle","diagnostic":{"url":"https://www.instagram.com/direct/inbox/","rows":1,"markers":0,"eligible":0,"skippedState":0,"skippedProcessed":0,"skippedReply":0},"conversation":null,"flowId":null}
2026-08-06T09:03:53.932Z cycle-start {}
2026-08-06T09:03:54.297Z cycle-result {"status":"idle","diagnostic":{"url":"https://www.instagram.com/direct/inbox/","rows":1,"markers":0,"eligible":0,"skippedState":0,"skippedProcessed":0,"skippedReply":0},"conversation":null,"flowId":null}
2026-08-06T09:03:55.945Z cycle-start {}
2026-08-06T09:03:56.303Z cycle-result {"status":"idle","diagnostic":{"url":"https://www.instagram.com/direct/inbox/","rows":1,"markers":0,"eligible":0,"skippedState":0,"skippedProcessed":0,"skippedReply":0},"conversation":null,"flowId":null}
2026-08-06T09:03:57.953Z cycle-start {}
2026-08-06T09:03:58.313Z cycle-result {"status":"idle","diagnostic":{"url":"https://www.instagram.com/direct/inbox/","rows":1,"markers":0,"eligible":0,"skippedState":0,"skippedProcessed":0,"skippedReply":0},"conversation":null,"flowId":null}
2026-08-06T09:03:59.959Z cycle-start {}
2026-08-06T09:04:00.318Z cycle-result {"status":"idle","diagnostic":{"url":"https://www.instagram.com/direct/inbox/","rows":1,"markers":0,"eligible":0,"skippedState":0,"skippedProcessed":0,"skippedReply":0},"conversation":null,"flowId":null}
2026-08-06T09:04:01.967Z cycle-start {}
2026-08-06T09:04:02.324Z cycle-result {"status":"idle","diagnostic":{"url":"https://www.instagram.com/direct/inbox/","rows":1,"markers":0,"eligible":0,"skippedState":0,"skippedProcessed":0,"skippedReply":0},"conversation":null,"flowId":null}
2026-08-06T09:04:03.975Z cycle-start {}
2026-08-06T09:04:04.334Z cycle-result {"status":"idle","diagnostic":{"url":"https://www.instagram.com/direct/inbox/","rows":1,"markers":0,"eligible":0,"skippedState":0,"skippedProcessed":0,"skippedReply":0},"conversation":null,"flowId":null}
2026-08-06T09:04:05.981Z cycle-start {}
2026-08-06T09:04:06.338Z cycle-result {"status":"idle","diagnostic":{"url":"https://www.instagram.com/direct/inbox/","rows":1,"markers":0,"eligible":0,"skippedState":0,"skippedProcessed":0,"skippedReply":0},"conversation":null,"flowId":null}
2026-08-06T09:04:07.989Z cycle-start {}
2026-08-06T09:04:08.345Z cycle-result {"status":"idle","diagnostic":{"url":"https://www.instagram.com/direct/inbox/","rows":1,"markers":0,"eligible":0,"skippedState":0,"skippedProcessed":0,"skippedReply":0},"conversation":null,"flowId":null}
2026-08-06T09:04:10.001Z cycle-start {}
2026-08-06T09:04:10.363Z cycle-result {"status":"idle","diagnostic":{"url":"https://www.instagram.com/direct/inbox/","rows":1,"markers":0,"eligible":0,"skippedState":0,"skippedProcessed":0,"skippedReply":0},"conversation":null,"flowId":null}
2026-08-06T09:04:12.013Z cycle-start {}
2026-08-06T09:04:12.372Z cycle-result {"status":"idle","diagnostic":{"url":"https://www.instagram.com/direct/inbox/","rows":1,"markers":0,"eligible":0,"skippedState":0,"skippedProcessed":0,"skippedReply":0},"conversation":null,"flowId":null}
2026-08-06T09:04:14.021Z cycle-start {}
2026-08-06T09:04:14.383Z cycle-result {"status":"idle","diagnostic":{"url":"https://www.instagram.com/direct/inbox/","rows":1,"markers":0,"eligible":0,"skippedState":0,"skippedProcessed":0,"skippedReply":0},"conversation":null,"flowId":null}
2026-08-06T09:04:16.028Z cycle-start {}
2026-08-06T09:04:16.387Z cycle-result {"status":"idle","diagnostic":{"url":"https://www.instagram.com/direct/inbox/","rows":1,"markers":0,"eligible":0,"skippedState":0,"skippedProcessed":0,"skippedReply":0},"conversation":null,"flowId":null}
2026-08-06T09:04:18.039Z cycle-start {}
2026-08-06T09:04:18.399Z cycle-result {"status":"idle","diagnostic":{"url":"https://www.instagram.com/direct/inbox/","rows":1,"markers":0,"eligible":0,"skippedState":0,"skippedProcessed":0,"skippedReply":0},"conversation":null,"flowId":null}
2026-08-06T09:04:20.050Z cycle-start {}
2026-08-06T09:04:20.409Z cycle-result {"status":"idle","diagnostic":{"url":"https://www.instagram.com/direct/inbox/","rows":1,"markers":0,"eligible":0,"skippedState":0,"skippedProcessed":0,"skippedReply":0},"conversation":null,"flowId":null}
2026-08-06T09:04:22.054Z cycle-start {}
2026-08-06T09:04:22.415Z cycle-result {"status":"idle","diagnostic":{"url":"https://www.instagram.com/direct/inbox/","rows":1,"markers":0,"eligible":0,"skippedState":0,"skippedProcessed":0,"skippedReply":0},"conversation":null,"flowId":null}
2026-08-06T09:04:24.061Z cycle-start {}
2026-08-06T09:04:24.422Z cycle-result {"status":"idle","diagnostic":{"url":"https://www.instagram.com/direct/inbox/","rows":1,"markers":0,"eligible":0,"skippedState":0,"skippedProcessed":0,"skippedReply":0},"conversation":null,"flowId":null}
2026-08-06T09:04:26.068Z cycle-start {}
2026-08-06T09:04:26.426Z cycle-result {"status":"idle","diagnostic":{"url":"https://www.instagram.com/direct/inbox/","rows":1,"markers":0,"eligible":0,"skippedState":0,"skippedProcessed":0,"skippedReply":0},"conversation":null,"flowId":null}
2026-08-06T09:04:28.074Z cycle-start {}
2026-08-06T09:04:28.432Z cycle-result {"status":"idle","diagnostic":{"url":"https://www.instagram.com/direct/inbox/","rows":1,"markers":0,"eligible":0,"skippedState":0,"skippedProcessed":0,"skippedReply":0},"conversation":null,"flowId":null}
2026-08-06T09:04:30.082Z cycle-start {}
2026-08-06T09:04:30.441Z cycle-result {"status":"idle","diagnostic":{"url":"https://www.instagram.com/direct/inbox/","rows":1,"markers":0,"eligible":0,"skippedState":0,"skippedProcessed":0,"skippedReply":0},"conversation":null,"flowId":null}
2026-08-06T09:04:32.088Z cycle-start {}
2026-08-06T09:04:32.451Z cycle-result {"status":"idle","diagnostic":{"url":"https://www.instagram.com/direct/inbox/","rows":1,"markers":0,"eligible":0,"skippedState":0,"skippedProcessed":0,"skippedReply":0},"conversation":null,"flowId":null}
2026-08-06T09:04:34.089Z cycle-start {}
2026-08-06T09:04:34.447Z cycle-result {"status":"idle","diagnostic":{"url":"https://www.instagram.com/direct/inbox/","rows":1,"markers":0,"eligible":0,"skippedState":0,"skippedProcessed":0,"skippedReply":0},"conversation":null,"flowId":null}
2026-08-06T09:04:36.098Z cycle-start {}
2026-08-06T09:04:36.457Z cycle-result {"status":"idle","diagnostic":{"url":"https://www.instagram.com/direct/inbox/","rows":1,"markers":0,"eligible":0,"skippedState":0,"skippedProcessed":0,"skippedReply":0},"conversation":null,"flowId":null}
2026-08-06T09:04:38.108Z cycle-start {}
2026-08-06T09:04:38.465Z cycle-result {"status":"idle","diagnostic":{"url":"https://www.instagram.com/direct/inbox/","rows":1,"markers":0,"eligible":0,"skippedState":0,"skippedProcessed":0,"skippedReply":0},"conversation":null,"flowId":null}
2026-08-06T09:04:40.119Z cycle-start {}
2026-08-06T09:04:40.476Z cycle-result {"status":"idle","diagnostic":{"url":"https://www.instagram.com/direct/inbox/","rows":1,"markers":0,"eligible":0,"skippedState":0,"skippedProcessed":0,"skippedReply":0},"conversation":null,"flowId":null}
2026-08-06T09:04:42.129Z cycle-start {}
2026-08-06T09:04:42.486Z cycle-result {"status":"idle","diagnostic":{"url":"https://www.instagram.com/direct/inbox/","rows":1,"markers":0,"eligible":0,"skippedState":0,"skippedProcessed":0,"skippedReply":0},"conversation":null,"flowId":null}
2026-08-06T09:04:44.131Z cycle-start {}
2026-08-06T09:04:44.496Z cycle-result {"status":"idle","diagnostic":{"url":"https://www.instagram.com/direct/inbox/","rows":1,"markers":0,"eligible":0,"skippedState":0,"skippedProcessed":0,"skippedReply":0},"conversation":null,"flowId":null}
2026-08-06T09:04:46.133Z cycle-start {}
2026-08-06T09:04:46.488Z cycle-result {"status":"idle","diagnostic":{"url":"https://www.instagram.com/direct/inbox/","rows":1,"markers":0,"eligible":0,"skippedState":0,"skippedProcessed":0,"skippedReply":0},"conversation":null,"flowId":null}
2026-08-06T09:04:48.133Z cycle-start {}
2026-08-06T09:04:48.492Z cycle-result {"status":"idle","diagnostic":{"url":"https://www.instagram.com/direct/inbox/","rows":1,"markers":0,"eligible":0,"skippedState":0,"skippedProcessed":0,"skippedReply":0},"conversation":null,"flowId":null}
2026-08-06T09:04:50.140Z cycle-start {}
2026-08-06T09:04:50.501Z cycle-result {"status":"idle","diagnostic":{"url":"https://www.instagram.com/direct/inbox/","rows":1,"markers":0,"eligible":0,"skippedState":0,"skippedProcessed":0,"skippedReply":0},"conversation":null,"flowId":null}
2026-08-06T09:04:52.155Z cycle-start {}
2026-08-06T09:04:52.513Z cycle-result {"status":"idle","diagnostic":{"url":"https://www.instagram.com/direct/inbox/","rows":1,"markers":0,"eligible":0,"skippedState":0,"skippedProcessed":0,"skippedReply":0},"conversation":null,"flowId":null}
2026-08-06T09:04:54.159Z cycle-start {}
2026-08-06T09:04:54.514Z cycle-result {"status":"idle","diagnostic":{"url":"https://www.instagram.com/direct/inbox/","rows":1,"markers":0,"eligible":0,"skippedState":0,"skippedProcessed":0,"skippedReply":0},"conversation":null,"flowId":null}
2026-08-06T09:04:56.159Z cycle-start {}
2026-08-06T09:04:56.515Z cycle-result {"status":"idle","diagnostic":{"url":"https://www.instagram.com/direct/inbox/","rows":1,"markers":0,"eligible":0,"skippedState":0,"skippedProcessed":0,"skippedReply":0},"conversation":null,"flowId":null}
2026-08-06T09:04:58.164Z cycle-start {}
2026-08-06T09:04:58.517Z cycle-result {"status":"idle","diagnostic":{"url":"https://www.instagram.com/direct/inbox/","rows":1,"markers":0,"eligible":0,"skippedState":0,"skippedProcessed":0,"skippedReply":0},"conversation":null,"flowId":null}
2026-08-06T09:05:00.171Z cycle-start {}
2026-08-06T09:05:00.527Z cycle-result {"status":"idle","diagnostic":{"url":"https://www.instagram.com/direct/inbox/","rows":1,"markers":0,"eligible":0,"skippedState":0,"skippedProcessed":0,"skippedReply":0},"conversation":null,"flowId":null}
2026-08-06T09:05:02.177Z cycle-start {}
2026-08-06T09:05:02.531Z cycle-result {"status":"idle","diagnostic":{"url":"https://www.instagram.com/direct/inbox/","rows":1,"markers":0,"eligible":0,"skippedState":0,"skippedProcessed":0,"skippedReply":0},"conversation":null,"flowId":null}
2026-08-06T09:05:04.177Z cycle-start {}
2026-08-06T09:05:04.532Z cycle-result {"status":"idle","diagnostic":{"url":"https://www.instagram.com/direct/inbox/","rows":1,"markers":0,"eligible":0,"skippedState":0,"skippedProcessed":0,"skippedReply":0},"conversation":null,"flowId":null}
2026-08-06T09:05:06.192Z cycle-start {}
2026-08-06T09:05:06.548Z cycle-result {"status":"idle","diagnostic":{"url":"https://www.instagram.com/direct/inbox/","rows":1,"markers":0,"eligible":0,"skippedState":0,"skippedProcessed":0,"skippedReply":0},"conversation":null,"flowId":null}
2026-08-06T09:05:08.194Z cycle-start {}
2026-08-06T09:05:08.549Z cycle-result {"status":"idle","diagnostic":{"url":"https://www.instagram.com/direct/inbox/","rows":1,"markers":0,"eligible":0,"skippedState":0,"skippedProcessed":0,"skippedReply":0},"conversation":null,"flowId":null}
2026-08-06T09:05:10.201Z cycle-start {}
2026-08-06T09:05:10.562Z cycle-result {"status":"idle","diagnostic":{"url":"https://www.instagram.com/direct/inbox/","rows":1,"markers":0,"eligible":0,"skippedState":0,"skippedProcessed":0,"skippedReply":0},"conversation":null,"flowId":null}
2026-08-06T09:05:12.206Z cycle-start {}
2026-08-06T09:05:12.565Z cycle-result {"status":"idle","diagnostic":{"url":"https://www.instagram.com/direct/inbox/","rows":1,"markers":0,"eligible":0,"skippedState":0,"skippedProcessed":0,"skippedReply":0},"conversation":null,"flowId":null}
2026-08-06T09:05:14.219Z cycle-start {}
2026-08-06T09:05:14.578Z cycle-result {"status":"idle","diagnostic":{"url":"https://www.instagram.com/direct/inbox/","rows":1,"markers":0,"eligible":0,"skippedState":0,"skippedProcessed":0,"skippedReply":0},"conversation":null,"flowId":null}
2026-08-06T09:05:16.227Z cycle-start {}
2026-08-06T09:05:16.589Z cycle-result {"status":"idle","diagnostic":{"url":"https://www.instagram.com/direct/inbox/","rows":1,"markers":0,"eligible":0,"skippedState":0,"skippedProcessed":0,"skippedReply":0},"conversation":null,"flowId":null}
2026-08-06T09:05:18.236Z cycle-start {}
2026-08-06T09:05:18.595Z cycle-result {"status":"idle","diagnostic":{"url":"https://www.instagram.com/direct/inbox/","rows":1,"markers":0,"eligible":0,"skippedState":0,"skippedProcessed":0,"skippedReply":0},"conversation":null,"flowId":null}
2026-08-06T09:05:20.241Z cycle-start {}
2026-08-06T09:05:20.602Z cycle-result {"status":"idle","diagnostic":{"url":"https://www.instagram.com/direct/inbox/","rows":1,"markers":0,"eligible":0,"skippedState":0,"skippedProcessed":0,"skippedReply":0},"conversation":null,"flowId":null}
2026-08-06T09:05:22.255Z cycle-start {}
2026-08-06T09:05:22.612Z cycle-result {"status":"idle","diagnostic":{"url":"https://www.instagram.com/direct/inbox/","rows":1,"markers":0,"eligible":0,"skippedState":0,"skippedProcessed":0,"skippedReply":0},"conversation":null,"flowId":null}
2026-08-06T09:05:24.260Z cycle-start {}
2026-08-06T09:05:24.619Z cycle-result {"status":"idle","diagnostic":{"url":"https://www.instagram.com/direct/inbox/","rows":1,"markers":0,"eligible":0,"skippedState":0,"skippedProcessed":0,"skippedReply":0},"conversation":null,"flowId":null}
2026-08-06T09:05:26.275Z cycle-start {}
2026-08-06T09:05:26.633Z cycle-result {"status":"idle","diagnostic":{"url":"https://www.instagram.com/direct/inbox/","rows":1,"markers":0,"eligible":0,"skippedState":0,"skippedProcessed":0,"skippedReply":0},"conversation":null,"flowId":null}
2026-08-06T09:05:28.284Z cycle-start {}
2026-08-06T09:05:28.649Z cycle-result {"status":"idle","diagnostic":{"url":"https://www.instagram.com/direct/inbox/","rows":1,"markers":0,"eligible":0,"skippedState":0,"skippedProcessed":0,"skippedReply":0},"conversation":null,"flowId":null}
2026-08-06T09:05:30.289Z cycle-start {}
2026-08-06T09:05:30.648Z cycle-result {"status":"idle","diagnostic":{"url":"https://www.instagram.com/direct/inbox/","rows":1,"markers":0,"eligible":0,"skippedState":0,"skippedProcessed":0,"skippedReply":0},"conversation":null,"flowId":null}
2026-08-06T09:05:32.296Z cycle-start {}
2026-08-06T09:05:32.655Z cycle-result {"status":"idle","diagnostic":{"url":"https://www.instagram.com/direct/inbox/","rows":1,"markers":0,"eligible":0,"skippedState":0,"skippedProcessed":0,"skippedReply":0},"conversation":null,"flowId":null}
2026-08-06T09:05:34.309Z cycle-start {}
2026-08-06T09:05:34.669Z cycle-result {"status":"idle","diagnostic":{"url":"https://www.instagram.com/direct/inbox/","rows":1,"markers":0,"eligible":0,"skippedState":0,"skippedProcessed":0,"skippedReply":0},"conversation":null,"flowId":null}
2026-08-06T09:05:36.324Z cycle-start {}
2026-08-06T09:05:36.682Z cycle-result {"status":"idle","diagnostic":{"url":"https://www.instagram.com/direct/inbox/","rows":1,"markers":0,"eligible":0,"skippedState":0,"skippedProcessed":0,"skippedReply":0},"conversation":null,"flowId":null}
2026-08-06T09:05:38.338Z cycle-start {}
2026-08-06T09:05:38.697Z cycle-result {"status":"idle","diagnostic":{"url":"https://www.instagram.com/direct/inbox/","rows":1,"markers":0,"eligible":0,"skippedState":0,"skippedProcessed":0,"skippedReply":0},"conversation":null,"flowId":null}
2026-08-06T09:05:40.338Z cycle-start {}
2026-08-06T09:05:40.700Z cycle-result {"status":"idle","diagnostic":{"url":"https://www.instagram.com/direct/inbox/","rows":1,"markers":0,"eligible":0,"skippedState":0,"skippedProcessed":0,"skippedReply":0},"conversation":null,"flowId":null}
2026-08-06T09:05:42.349Z cycle-start {}
2026-08-06T09:05:42.709Z cycle-result {"status":"idle","diagnostic":{"url":"https://www.instagram.com/direct/inbox/","rows":1,"markers":0,"eligible":0,"skippedState":0,"skippedProcessed":0,"skippedReply":0},"conversation":null,"flowId":null}
2026-08-06T09:05:44.362Z cycle-start {}
2026-08-06T09:05:44.721Z cycle-result {"status":"idle","diagnostic":{"url":"https://www.instagram.com/direct/inbox/","rows":1,"markers":0,"eligible":0,"skippedState":0,"skippedProcessed":0,"skippedReply":0},"conversation":null,"flowId":null}
2026-08-06T09:05:46.373Z cycle-start {}
2026-08-06T09:05:46.730Z cycle-result {"status":"idle","diagnostic":{"url":"https://www.instagram.com/direct/inbox/","rows":1,"markers":0,"eligible":0,"skippedState":0,"skippedProcessed":0,"skippedReply":0},"conversation":null,"flowId":null}
2026-08-06T09:05:48.378Z cycle-start {}
2026-08-06T09:05:48.738Z cycle-result {"status":"idle","diagnostic":{"url":"https://www.instagram.com/direct/inbox/","rows":1,"markers":0,"eligible":0,"skippedState":0,"skippedProcessed":0,"skippedReply":0},"conversation":null,"flowId":null}
2026-08-06T09:05:50.386Z cycle-start {}
2026-08-06T09:05:50.749Z cycle-result {"status":"idle","diagnostic":{"url":"https://www.instagram.com/direct/inbox/","rows":1,"markers":0,"eligible":0,"skippedState":0,"skippedProcessed":0,"skippedReply":0},"conversation":null,"flowId":null}
2026-08-06T09:05:52.399Z cycle-start {}
2026-08-06T09:05:52.757Z cycle-result {"status":"idle","diagnostic":{"url":"https://www.instagram.com/direct/inbox/","rows":1,"markers":0,"eligible":0,"skippedState":0,"skippedProcessed":0,"skippedReply":0},"conversation":null,"flowId":null}
2026-08-06T09:05:54.405Z cycle-start {}
2026-08-06T09:05:54.767Z cycle-result {"status":"idle","diagnostic":{"url":"https://www.instagram.com/direct/inbox/","rows":1,"markers":0,"eligible":0,"skippedState":0,"skippedProcessed":0,"skippedReply":0},"conversation":null,"flowId":null}
2026-08-06T09:05:56.407Z cycle-start {}
2026-08-06T09:05:56.766Z cycle-result {"status":"idle","diagnostic":{"url":"https://www.instagram.com/direct/inbox/","rows":1,"markers":0,"eligible":0,"skippedState":0,"skippedProcessed":0,"skippedReply":0},"conversation":null,"flowId":null}
2026-08-06T09:05:58.418Z cycle-start {}
2026-08-06T09:05:58.778Z cycle-result {"status":"idle","diagnostic":{"url":"https://www.instagram.com/direct/inbox/","rows":1,"markers":0,"eligible":0,"skippedState":0,"skippedProcessed":0,"skippedReply":0},"conversation":null,"flowId":null}
2026-08-06T09:06:00.432Z cycle-start {}
2026-08-06T09:06:00.792Z cycle-result {"status":"idle","diagnostic":{"url":"https://www.instagram.com/direct/inbox/","rows":1,"markers":0,"eligible":0,"skippedState":0,"skippedProcessed":0,"skippedReply":0},"conversation":null,"flowId":null}
2026-08-06T09:06:02.435Z cycle-start {}
2026-08-06T09:06:02.795Z cycle-result {"status":"idle","diagnostic":{"url":"https://www.instagram.com/direct/inbox/","rows":1,"markers":0,"eligible":0,"skippedState":0,"skippedProcessed":0,"skippedReply":0},"conversation":null,"flowId":null}
2026-08-06T09:06:04.450Z cycle-start {}
2026-08-06T09:06:04.810Z cycle-result {"status":"idle","diagnostic":{"url":"https://www.instagram.com/direct/inbox/","rows":1,"markers":0,"eligible":0,"skippedState":0,"skippedProcessed":0,"skippedReply":0},"conversation":null,"flowId":null}
2026-08-06T09:06:06.454Z cycle-start {}
2026-08-06T09:06:06.815Z cycle-result {"status":"idle","diagnostic":{"url":"https://www.instagram.com/direct/inbox/","rows":1,"markers":0,"eligible":0,"skippedState":0,"skippedProcessed":0,"skippedReply":0},"conversation":null,"flowId":null}
2026-08-06T09:06:08.465Z cycle-start {}
2026-08-06T09:06:08.824Z cycle-result {"status":"idle","diagnostic":{"url":"https://www.instagram.com/direct/inbox/","rows":1,"markers":0,"eligible":0,"skippedState":0,"skippedProcessed":0,"skippedReply":0},"conversation":null,"flowId":null}
2026-08-06T09:06:10.470Z cycle-start {}
2026-08-06T09:06:10.828Z cycle-result {"status":"idle","diagnostic":{"url":"https://www.instagram.com/direct/inbox/","rows":1,"markers":0,"eligible":0,"skippedState":0,"skippedProcessed":0,"skippedReply":0},"conversation":null,"flowId":null}
2026-08-06T09:06:12.480Z cycle-start {}
2026-08-06T09:06:12.839Z cycle-result {"status":"idle","diagnostic":{"url":"https://www.instagram.com/direct/inbox/","rows":1,"markers":0,"eligible":0,"skippedState":0,"skippedProcessed":0,"skippedReply":0},"conversation":null,"flowId":null}
2026-08-06T09:06:14.485Z cycle-start {}
2026-08-06T09:06:14.844Z cycle-result {"status":"idle","diagnostic":{"url":"https://www.instagram.com/direct/inbox/","rows":1,"markers":0,"eligible":0,"skippedState":0,"skippedProcessed":0,"skippedReply":0},"conversation":null,"flowId":null}
2026-08-06T09:06:16.492Z cycle-start {}
2026-08-06T09:06:16.851Z cycle-result {"status":"idle","diagnostic":{"url":"https://www.instagram.com/direct/inbox/","rows":1,"markers":0,"eligible":0,"skippedState":0,"skippedProcessed":0,"skippedReply":0},"conversation":null,"flowId":null}
2026-08-06T09:06:18.495Z cycle-start {}
2026-08-06T09:06:18.854Z cycle-result {"status":"idle","diagnostic":{"url":"https://www.instagram.com/direct/inbox/","rows":1,"markers":0,"eligible":0,"skippedState":0,"skippedProcessed":0,"skippedReply":0},"conversation":null,"flowId":null}
2026-08-06T09:06:20.211Z config {"enabled":true,"hasText":true}
2026-08-06T09:06:20.219Z config {"enabled":true,"hasText":true}
2026-08-06T09:06:20.234Z config {"enabled":true,"hasText":true}
2026-08-06T09:06:20.502Z cycle-start {}
2026-08-06T09:06:20.860Z cycle-result {"status":"idle","diagnostic":{"url":"https://www.instagram.com/direct/inbox/","rows":1,"markers":0,"eligible":0,"skippedState":0,"skippedProcessed":0,"skippedReply":0},"conversation":null,"flowId":null}
2026-08-06T09:06:22.509Z cycle-start {}
2026-08-06T09:06:22.870Z cycle-result {"status":"idle","diagnostic":{"url":"https://www.instagram.com/direct/inbox/","rows":1,"markers":0,"eligible":0,"skippedState":0,"skippedProcessed":0,"skippedReply":0},"conversation":null,"flowId":null}
2026-08-06T09:06:24.514Z cycle-start {}
2026-08-06T09:06:24.874Z cycle-result {"status":"idle","diagnostic":{"url":"https://www.instagram.com/direct/inbox/","rows":1,"markers":0,"eligible":0,"skippedState":0,"skippedProcessed":0,"skippedReply":0},"conversation":null,"flowId":null}
2026-08-06T09:06:26.514Z cycle-start {}
2026-08-06T09:06:26.867Z cycle-result {"status":"idle","diagnostic":{"url":"https://www.instagram.com/direct/inbox/","rows":1,"markers":0,"eligible":0,"skippedState":0,"skippedProcessed":0,"skippedReply":0},"conversation":null,"flowId":null}
2026-08-06T09:06:27.290Z config {"enabled":true,"hasText":true}
2026-08-06T09:06:27.317Z config {"enabled":true,"hasText":true}
2026-08-06T09:06:27.319Z config {"enabled":true,"hasText":true}
2026-08-06T09:06:28.516Z cycle-start {}
2026-08-06T09:06:28.880Z cycle-result {"status":"idle","diagnostic":{"url":"https://www.instagram.com/direct/inbox/","rows":1,"markers":0,"eligible":0,"skippedState":0,"skippedProcessed":0,"skippedReply":0},"conversation":null,"flowId":null}
2026-08-06T09:06:30.518Z cycle-start {}
2026-08-06T09:06:30.876Z cycle-result {"status":"idle","diagnostic":{"url":"https://www.instagram.com/direct/inbox/","rows":1,"markers":0,"eligible":0,"skippedState":0,"skippedProcessed":0,"skippedReply":0},"conversation":null,"flowId":null}
2026-08-06T09:06:32.529Z cycle-start {}
2026-08-06T09:06:32.888Z cycle-result {"status":"idle","diagnostic":{"url":"https://www.instagram.com/direct/inbox/","rows":1,"markers":0,"eligible":0,"skippedState":0,"skippedProcessed":0,"skippedReply":0},"conversation":null,"flowId":null}
2026-08-06T09:06:34.534Z cycle-start {}
2026-08-06T09:06:34.895Z cycle-result {"status":"idle","diagnostic":{"url":"https://www.instagram.com/direct/inbox/","rows":1,"markers":0,"eligible":0,"skippedState":0,"skippedProcessed":0,"skippedReply":0},"conversation":null,"flowId":null}
2026-08-06T09:06:36.545Z cycle-start {}
2026-08-06T09:06:36.902Z cycle-result {"status":"idle","diagnostic":{"url":"https://www.instagram.com/direct/inbox/","rows":1,"markers":0,"eligible":0,"skippedState":0,"skippedProcessed":0,"skippedReply":0},"conversation":null,"flowId":null}
2026-08-06T09:06:38.551Z cycle-start {}
2026-08-06T09:06:38.911Z cycle-result {"status":"idle","diagnostic":{"url":"https://www.instagram.com/direct/inbox/","rows":1,"markers":0,"eligible":0,"skippedState":0,"skippedProcessed":0,"skippedReply":0},"conversation":null,"flowId":null}
2026-08-06T09:06:40.563Z cycle-start {}
2026-08-06T09:06:40.919Z cycle-result {"status":"idle","diagnostic":{"url":"https://www.instagram.com/direct/inbox/","rows":1,"markers":0,"eligible":0,"skippedState":0,"skippedProcessed":0,"skippedReply":0},"conversation":null,"flowId":null}
2026-08-06T09:06:42.572Z cycle-start {}
2026-08-06T09:06:42.935Z cycle-result {"status":"idle","diagnostic":{"url":"https://www.instagram.com/direct/inbox/","rows":1,"markers":0,"eligible":0,"skippedState":0,"skippedProcessed":0,"skippedReply":0},"conversation":null,"flowId":null}
2026-08-06T09:06:44.575Z cycle-start {}
2026-08-06T09:06:44.931Z cycle-result {"status":"idle","diagnostic":{"url":"https://www.instagram.com/direct/inbox/","rows":1,"markers":0,"eligible":0,"skippedState":0,"skippedProcessed":0,"skippedReply":0},"conversation":null,"flowId":null}
2026-08-06T09:06:46.584Z cycle-start {}
2026-08-06T09:06:46.952Z cycle-result {"status":"idle","diagnostic":{"url":"https://www.instagram.com/direct/inbox/","rows":1,"markers":0,"eligible":0,"skippedState":0,"skippedProcessed":0,"skippedReply":0},"conversation":null,"flowId":null}
2026-08-06T09:06:48.584Z cycle-start {}
2026-08-06T09:06:48.940Z cycle-result {"status":"idle","diagnostic":{"url":"https://www.instagram.com/direct/inbox/","rows":1,"markers":0,"eligible":0,"skippedState":0,"skippedProcessed":0,"skippedReply":0},"conversation":null,"flowId":null}
2026-08-06T09:06:50.585Z cycle-start {}
2026-08-06T09:06:50.949Z cycle-result {"status":"idle","diagnostic":{"url":"https://www.instagram.com/direct/inbox/","rows":1,"markers":0,"eligible":0,"skippedState":0,"skippedProcessed":0,"skippedReply":0},"conversation":null,"flowId":null}
2026-08-06T09:06:52.588Z cycle-start {}
2026-08-06T09:06:52.954Z cycle-result {"status":"idle","diagnostic":{"url":"https://www.instagram.com/direct/inbox/","rows":1,"markers":0,"eligible":0,"skippedState":0,"skippedProcessed":0,"skippedReply":0},"conversation":null,"flowId":null}
2026-08-06T09:06:54.588Z cycle-start {}
2026-08-06T09:06:54.941Z cycle-result {"status":"idle","diagnostic":{"url":"https://www.instagram.com/direct/inbox/","rows":1,"markers":0,"eligible":0,"skippedState":0,"skippedProcessed":0,"skippedReply":0},"conversation":null,"flowId":null}
2026-08-06T09:06:56.596Z cycle-start {}
2026-08-06T09:06:56.957Z cycle-result {"status":"idle","diagnostic":{"url":"https://www.instagram.com/direct/inbox/","rows":1,"markers":0,"eligible":0,"skippedState":0,"skippedProcessed":0,"skippedReply":0},"conversation":null,"flowId":null}
2026-08-06T09:06:58.599Z cycle-start {}
2026-08-06T09:06:58.958Z cycle-result {"status":"idle","diagnostic":{"url":"https://www.instagram.com/direct/inbox/","rows":1,"markers":0,"eligible":0,"skippedState":0,"skippedProcessed":0,"skippedReply":0},"conversation":null,"flowId":null}
2026-08-06T09:07:00.607Z cycle-start {}
2026-08-06T09:07:00.960Z cycle-result {"status":"idle","diagnostic":{"url":"https://www.instagram.com/direct/inbox/","rows":1,"markers":0,"eligible":0,"skippedState":0,"skippedProcessed":0,"skippedReply":0},"conversation":null,"flowId":null}
2026-08-06T09:07:02.614Z cycle-start {}
2026-08-06T09:07:02.972Z cycle-result {"status":"idle","diagnostic":{"url":"https://www.instagram.com/direct/inbox/","rows":1,"markers":0,"eligible":0,"skippedState":0,"skippedProcessed":0,"skippedReply":0},"conversation":null,"flowId":null}
2026-08-06T09:07:04.619Z cycle-start {}
2026-08-06T09:07:04.980Z cycle-result {"status":"idle","diagnostic":{"url":"https://www.instagram.com/direct/inbox/","rows":1,"markers":0,"eligible":0,"skippedState":0,"skippedProcessed":0,"skippedReply":0},"conversation":null,"flowId":null}
2026-08-06T09:07:06.620Z cycle-start {}
2026-08-06T09:07:06.983Z cycle-result {"status":"idle","diagnostic":{"url":"https://www.instagram.com/direct/inbox/","rows":1,"markers":0,"eligible":0,"skippedState":0,"skippedProcessed":0,"skippedReply":0},"conversation":null,"flowId":null}
2026-08-06T09:07:08.620Z cycle-start {}
2026-08-06T09:07:08.989Z cycle-result {"status":"idle","diagnostic":{"url":"https://www.instagram.com/direct/inbox/","rows":1,"markers":0,"eligible":0,"skippedState":0,"skippedProcessed":0,"skippedReply":0},"conversation":null,"flowId":null}
2026-08-06T09:07:12.923Z config {"enabled":true,"hasText":true}
2026-08-06T09:07:12.925Z cycle-start {}
2026-08-06T09:07:12.929Z probe-load {"url":"https://www.instagram.com/direct/inbox/"}
2026-08-06T09:07:12.953Z config {"enabled":true,"hasText":true}
2026-08-06T09:07:14.292Z config {"enabled":true,"hasText":true}
2026-08-06T09:07:14.697Z cycle-result {"status":"idle","diagnostic":{"url":"https://www.instagram.com/direct/inbox/","rows":1,"markers":0,"eligible":0,"skippedState":0,"skippedProcessed":0,"skippedReply":0},"conversation":null,"flowId":null}
2026-08-06T09:07:14.927Z cycle-start {}
2026-08-06T09:07:15.292Z cycle-result {"status":"idle","diagnostic":{"url":"https://www.instagram.com/direct/inbox/","rows":1,"markers":0,"eligible":0,"skippedState":0,"skippedProcessed":0,"skippedReply":0},"conversation":null,"flowId":null}
2026-08-06T09:07:16.940Z cycle-start {}
2026-08-06T09:07:17.297Z cycle-result {"status":"idle","diagnostic":{"url":"https://www.instagram.com/direct/inbox/","rows":1,"markers":0,"eligible":0,"skippedState":0,"skippedProcessed":0,"skippedReply":0},"conversation":null,"flowId":null}
2026-08-06T09:07:18.942Z cycle-start {}
2026-08-06T09:07:19.302Z cycle-result {"status":"idle","diagnostic":{"url":"https://www.instagram.com/direct/inbox/","rows":1,"markers":0,"eligible":0,"skippedState":0,"skippedProcessed":0,"skippedReply":0},"conversation":null,"flowId":null}
2026-08-06T09:07:20.947Z cycle-start {}
2026-08-06T09:07:21.311Z cycle-result {"status":"idle","diagnostic":{"url":"https://www.instagram.com/direct/inbox/","rows":1,"markers":0,"eligible":0,"skippedState":0,"skippedProcessed":0,"skippedReply":0},"conversation":null,"flowId":null}
2026-08-06T09:07:22.948Z cycle-start {}
2026-08-06T09:07:23.311Z cycle-result {"status":"idle","diagnostic":{"url":"https://www.instagram.com/direct/inbox/","rows":1,"markers":0,"eligible":0,"skippedState":0,"skippedProcessed":0,"skippedReply":0},"conversation":null,"flowId":null}
2026-08-06T09:07:24.952Z cycle-start {}
2026-08-06T09:07:25.317Z cycle-result {"status":"idle","diagnostic":{"url":"https://www.instagram.com/direct/inbox/","rows":1,"markers":0,"eligible":0,"skippedState":0,"skippedProcessed":0,"skippedReply":0},"conversation":null,"flowId":null}
2026-08-06T09:07:26.952Z cycle-start {}
2026-08-06T09:07:27.304Z cycle-result {"status":"idle","diagnostic":{"url":"https://www.instagram.com/direct/inbox/","rows":1,"markers":0,"eligible":0,"skippedState":0,"skippedProcessed":0,"skippedReply":0},"conversation":null,"flowId":null}
2026-08-06T09:07:28.960Z cycle-start {}
2026-08-06T09:07:29.320Z cycle-result {"status":"idle","diagnostic":{"url":"https://www.instagram.com/direct/inbox/","rows":1,"markers":0,"eligible":0,"skippedState":0,"skippedProcessed":0,"skippedReply":0},"conversation":null,"flowId":null}
2026-08-06T09:07:30.964Z cycle-start {}
2026-08-06T09:07:31.331Z cycle-result {"status":"idle","diagnostic":{"url":"https://www.instagram.com/direct/inbox/","rows":1,"markers":0,"eligible":0,"skippedState":0,"skippedProcessed":0,"skippedReply":0},"conversation":null,"flowId":null}
2026-08-06T09:07:32.979Z cycle-start {}
2026-08-06T09:07:33.335Z cycle-result {"status":"idle","diagnostic":{"url":"https://www.instagram.com/direct/inbox/","rows":1,"markers":0,"eligible":0,"skippedState":0,"skippedProcessed":0,"skippedReply":0},"conversation":null,"flowId":null}
2026-08-06T09:07:34.995Z cycle-start {}
2026-08-06T09:07:35.360Z cycle-result {"status":"idle","diagnostic":{"url":"https://www.instagram.com/direct/inbox/","rows":1,"markers":0,"eligible":0,"skippedState":0,"skippedProcessed":0,"skippedReply":0},"conversation":null,"flowId":null}
2026-08-06T09:07:37.000Z cycle-start {}
2026-08-06T09:07:37.354Z cycle-result {"status":"idle","diagnostic":{"url":"https://www.instagram.com/direct/inbox/","rows":1,"markers":0,"eligible":0,"skippedState":0,"skippedProcessed":0,"skippedReply":0},"conversation":null,"flowId":null}
2026-08-06T09:07:39.004Z cycle-start {}
2026-08-06T09:07:39.359Z cycle-result {"status":"idle","diagnostic":{"url":"https://www.instagram.com/direct/inbox/","rows":1,"markers":0,"eligible":0,"skippedState":0,"skippedProcessed":0,"skippedReply":0},"conversation":null,"flowId":null}
2026-08-06T09:07:41.008Z cycle-start {}
2026-08-06T09:07:41.363Z cycle-result {"status":"idle","diagnostic":{"url":"https://www.instagram.com/direct/inbox/","rows":1,"markers":0,"eligible":0,"skippedState":0,"skippedProcessed":0,"skippedReply":0},"conversation":null,"flowId":null}
2026-08-06T09:07:43.016Z cycle-start {}
2026-08-06T09:07:43.377Z cycle-result {"status":"idle","diagnostic":{"url":"https://www.instagram.com/direct/inbox/","rows":1,"markers":0,"eligible":0,"skippedState":0,"skippedProcessed":0,"skippedReply":0},"conversation":null,"flowId":null}
2026-08-06T09:07:45.027Z cycle-start {}
2026-08-06T09:07:45.386Z cycle-result {"status":"idle","diagnostic":{"url":"https://www.instagram.com/direct/inbox/","rows":1,"markers":0,"eligible":0,"skippedState":0,"skippedProcessed":0,"skippedReply":0},"conversation":null,"flowId":null}
2026-08-06T09:07:47.036Z cycle-start {}
2026-08-06T09:07:47.395Z cycle-result {"status":"idle","diagnostic":{"url":"https://www.instagram.com/direct/inbox/","rows":1,"markers":0,"eligible":0,"skippedState":0,"skippedProcessed":0,"skippedReply":0},"conversation":null,"flowId":null}
2026-08-06T09:07:49.043Z cycle-start {}
2026-08-06T09:07:49.401Z cycle-result {"status":"idle","diagnostic":{"url":"https://www.instagram.com/direct/inbox/","rows":1,"markers":0,"eligible":0,"skippedState":0,"skippedProcessed":0,"skippedReply":0},"conversation":null,"flowId":null}
2026-08-06T09:07:51.048Z cycle-start {}
2026-08-06T09:07:51.407Z cycle-result {"status":"idle","diagnostic":{"url":"https://www.instagram.com/direct/inbox/","rows":1,"markers":0,"eligible":0,"skippedState":0,"skippedProcessed":0,"skippedReply":0},"conversation":null,"flowId":null}
2026-08-06T09:07:53.057Z cycle-start {}
2026-08-06T09:07:53.416Z cycle-result {"status":"idle","diagnostic":{"url":"https://www.instagram.com/direct/inbox/","rows":1,"markers":0,"eligible":0,"skippedState":0,"skippedProcessed":0,"skippedReply":0},"conversation":null,"flowId":null}
2026-08-06T09:07:55.061Z cycle-start {}
2026-08-06T09:07:55.421Z cycle-result {"status":"idle","diagnostic":{"url":"https://www.instagram.com/direct/inbox/","rows":1,"markers":0,"eligible":0,"skippedState":0,"skippedProcessed":0,"skippedReply":0},"conversation":null,"flowId":null}
2026-08-06T09:07:57.071Z cycle-start {}
2026-08-06T09:07:57.430Z cycle-result {"status":"idle","diagnostic":{"url":"https://www.instagram.com/direct/inbox/","rows":1,"markers":0,"eligible":0,"skippedState":0,"skippedProcessed":0,"skippedReply":0},"conversation":null,"flowId":null}
2026-08-06T09:07:59.076Z cycle-start {}
2026-08-06T09:07:59.435Z cycle-result {"status":"idle","diagnostic":{"url":"https://www.instagram.com/direct/inbox/","rows":1,"markers":0,"eligible":0,"skippedState":0,"skippedProcessed":0,"skippedReply":0},"conversation":null,"flowId":null}
2026-08-06T09:08:01.078Z cycle-start {}
2026-08-06T09:08:01.440Z cycle-result {"status":"idle","diagnostic":{"url":"https://www.instagram.com/direct/inbox/","rows":1,"markers":0,"eligible":0,"skippedState":0,"skippedProcessed":0,"skippedReply":0},"conversation":null,"flowId":null}
2026-08-06T09:08:03.084Z cycle-start {}
2026-08-06T09:08:03.444Z cycle-result {"status":"idle","diagnostic":{"url":"https://www.instagram.com/direct/inbox/","rows":1,"markers":0,"eligible":0,"skippedState":0,"skippedProcessed":0,"skippedReply":0},"conversation":null,"flowId":null}
2026-08-06T09:08:05.089Z cycle-start {}
2026-08-06T09:08:05.447Z cycle-result {"status":"idle","diagnostic":{"url":"https://www.instagram.com/direct/inbox/","rows":1,"markers":0,"eligible":0,"skippedState":0,"skippedProcessed":0,"skippedReply":0},"conversation":null,"flowId":null}
2026-08-06T09:08:07.100Z cycle-start {}
2026-08-06T09:08:07.458Z cycle-result {"status":"idle","diagnostic":{"url":"https://www.instagram.com/direct/inbox/","rows":1,"markers":0,"eligible":0,"skippedState":0,"skippedProcessed":0,"skippedReply":0},"conversation":null,"flowId":null}
2026-08-06T09:08:09.108Z cycle-start {}
2026-08-06T09:08:09.467Z cycle-result {"status":"idle","diagnostic":{"url":"https://www.instagram.com/direct/inbox/","rows":1,"markers":0,"eligible":0,"skippedState":0,"skippedProcessed":0,"skippedReply":0},"conversation":null,"flowId":null}
2026-08-06T09:08:11.109Z cycle-start {}
2026-08-06T09:08:11.470Z cycle-result {"status":"idle","diagnostic":{"url":"https://www.instagram.com/direct/inbox/","rows":1,"markers":0,"eligible":0,"skippedState":0,"skippedProcessed":0,"skippedReply":0},"conversation":null,"flowId":null}
2026-08-06T09:08:13.116Z cycle-start {}
2026-08-06T09:08:13.476Z cycle-result {"status":"idle","diagnostic":{"url":"https://www.instagram.com/direct/inbox/","rows":1,"markers":0,"eligible":0,"skippedState":0,"skippedProcessed":0,"skippedReply":0},"conversation":null,"flowId":null}
2026-08-06T09:08:15.124Z cycle-start {}
2026-08-06T09:08:15.501Z cycle-result {"status":"idle","diagnostic":{"url":"https://www.instagram.com/direct/inbox/","rows":1,"markers":0,"eligible":0,"skippedState":0,"skippedProcessed":0,"skippedReply":0},"conversation":null,"flowId":null}
2026-08-06T09:08:17.136Z cycle-start {}
2026-08-06T09:08:17.495Z cycle-result {"status":"idle","diagnostic":{"url":"https://www.instagram.com/direct/inbox/","rows":1,"markers":0,"eligible":0,"skippedState":0,"skippedProcessed":0,"skippedReply":0},"conversation":null,"flowId":null}
2026-08-06T09:08:19.144Z cycle-start {}
2026-08-06T09:08:19.502Z cycle-result {"status":"idle","diagnostic":{"url":"https://www.instagram.com/direct/inbox/","rows":1,"markers":0,"eligible":0,"skippedState":0,"skippedProcessed":0,"skippedReply":0},"conversation":null,"flowId":null}
2026-08-06T09:08:21.151Z cycle-start {}
2026-08-06T09:08:21.509Z cycle-result {"status":"idle","diagnostic":{"url":"https://www.instagram.com/direct/inbox/","rows":1,"markers":0,"eligible":0,"skippedState":0,"skippedProcessed":0,"skippedReply":0},"conversation":null,"flowId":null}
2026-08-06T09:08:23.158Z cycle-start {}
2026-08-06T09:08:23.519Z cycle-result {"status":"idle","diagnostic":{"url":"https://www.instagram.com/direct/inbox/","rows":1,"markers":0,"eligible":0,"skippedState":0,"skippedProcessed":0,"skippedReply":0},"conversation":null,"flowId":null}
2026-08-06T09:08:25.169Z cycle-start {}
2026-08-06T09:08:25.528Z cycle-result {"status":"idle","diagnostic":{"url":"https://www.instagram.com/direct/inbox/","rows":1,"markers":0,"eligible":0,"skippedState":0,"skippedProcessed":0,"skippedReply":0},"conversation":null,"flowId":null}
2026-08-06T09:08:27.177Z cycle-start {}
2026-08-06T09:08:27.536Z cycle-result {"status":"idle","diagnostic":{"url":"https://www.instagram.com/direct/inbox/","rows":1,"markers":0,"eligible":0,"skippedState":0,"skippedProcessed":0,"skippedReply":0},"conversation":null,"flowId":null}
2026-08-06T09:08:29.177Z cycle-start {}
2026-08-06T09:08:29.537Z cycle-result {"status":"idle","diagnostic":{"url":"https://www.instagram.com/direct/inbox/","rows":1,"markers":0,"eligible":0,"skippedState":0,"skippedProcessed":0,"skippedReply":0},"conversation":null,"flowId":null}
2026-08-06T09:08:31.180Z cycle-start {}
2026-08-06T09:08:31.546Z cycle-result {"status":"idle","diagnostic":{"url":"https://www.instagram.com/direct/inbox/","rows":1,"markers":0,"eligible":0,"skippedState":0,"skippedProcessed":0,"skippedReply":0},"conversation":null,"flowId":null}
2026-08-06T09:08:33.193Z cycle-start {}
2026-08-06T09:08:33.552Z cycle-result {"status":"idle","diagnostic":{"url":"https://www.instagram.com/direct/inbox/","rows":1,"markers":0,"eligible":0,"skippedState":0,"skippedProcessed":0,"skippedReply":0},"conversation":null,"flowId":null}
2026-08-06T09:08:35.199Z cycle-start {}
2026-08-06T09:08:35.560Z cycle-result {"status":"idle","diagnostic":{"url":"https://www.instagram.com/direct/inbox/","rows":1,"markers":0,"eligible":0,"skippedState":0,"skippedProcessed":0,"skippedReply":0},"conversation":null,"flowId":null}
2026-08-06T09:08:37.212Z cycle-start {}
2026-08-06T09:08:37.571Z cycle-result {"status":"idle","diagnostic":{"url":"https://www.instagram.com/direct/inbox/","rows":1,"markers":0,"eligible":0,"skippedState":0,"skippedProcessed":0,"skippedReply":0},"conversation":null,"flowId":null}
2026-08-06T09:08:39.222Z cycle-start {}
2026-08-06T09:08:39.582Z cycle-result {"status":"idle","diagnostic":{"url":"https://www.instagram.com/direct/inbox/","rows":1,"markers":0,"eligible":0,"skippedState":0,"skippedProcessed":0,"skippedReply":0},"conversation":null,"flowId":null}
2026-08-06T09:08:41.230Z cycle-start {}
2026-08-06T09:08:41.593Z cycle-result {"status":"idle","diagnostic":{"url":"https://www.instagram.com/direct/inbox/","rows":1,"markers":0,"eligible":0,"skippedState":0,"skippedProcessed":0,"skippedReply":0},"conversation":null,"flowId":null}
2026-08-06T09:08:43.244Z cycle-start {}
2026-08-06T09:08:43.603Z cycle-result {"status":"idle","diagnostic":{"url":"https://www.instagram.com/direct/inbox/","rows":1,"markers":0,"eligible":0,"skippedState":0,"skippedProcessed":0,"skippedReply":0},"conversation":null,"flowId":null}
2026-08-06T09:08:45.244Z cycle-start {}
2026-08-06T09:08:45.605Z cycle-result {"status":"idle","diagnostic":{"url":"https://www.instagram.com/direct/inbox/","rows":1,"markers":0,"eligible":0,"skippedState":0,"skippedProcessed":0,"skippedReply":0},"conversation":null,"flowId":null}
2026-08-06T09:08:47.245Z cycle-start {}
2026-08-06T09:08:47.604Z cycle-result {"status":"idle","diagnostic":{"url":"https://www.instagram.com/direct/inbox/","rows":1,"markers":0,"eligible":0,"skippedState":0,"skippedProcessed":0,"skippedReply":0},"conversation":null,"flowId":null}
2026-08-06T09:08:49.247Z cycle-start {}
2026-08-06T09:08:49.608Z cycle-result {"status":"idle","diagnostic":{"url":"https://www.instagram.com/direct/inbox/","rows":1,"markers":0,"eligible":0,"skippedState":0,"skippedProcessed":0,"skippedReply":0},"conversation":null,"flowId":null}
2026-08-06T09:08:51.252Z cycle-start {}
2026-08-06T09:08:51.609Z cycle-result {"status":"idle","diagnostic":{"url":"https://www.instagram.com/direct/inbox/","rows":1,"markers":0,"eligible":0,"skippedState":0,"skippedProcessed":0,"skippedReply":0},"conversation":null,"flowId":null}
2026-08-06T09:08:53.259Z cycle-start {}
2026-08-06T09:08:53.622Z cycle-result {"status":"idle","diagnostic":{"url":"https://www.instagram.com/direct/inbox/","rows":1,"markers":0,"eligible":0,"skippedState":0,"skippedProcessed":0,"skippedReply":0},"conversation":null,"flowId":null}
2026-08-06T09:08:55.267Z cycle-start {}
2026-08-06T09:08:55.626Z cycle-result {"status":"idle","diagnostic":{"url":"https://www.instagram.com/direct/inbox/","rows":1,"markers":0,"eligible":0,"skippedState":0,"skippedProcessed":0,"skippedReply":0},"conversation":null,"flowId":null}
2026-08-06T09:08:57.276Z cycle-start {}
2026-08-06T09:08:57.638Z cycle-result {"status":"idle","diagnostic":{"url":"https://www.instagram.com/direct/inbox/","rows":1,"markers":0,"eligible":0,"skippedState":0,"skippedProcessed":0,"skippedReply":0},"conversation":null,"flowId":null}
2026-08-06T09:08:59.281Z cycle-start {}
2026-08-06T09:08:59.641Z cycle-result {"status":"idle","diagnostic":{"url":"https://www.instagram.com/direct/inbox/","rows":1,"markers":0,"eligible":0,"skippedState":0,"skippedProcessed":0,"skippedReply":0},"conversation":null,"flowId":null}
2026-08-06T09:09:01.289Z cycle-start {}
2026-08-06T09:09:01.648Z cycle-result {"status":"idle","diagnostic":{"url":"https://www.instagram.com/direct/inbox/","rows":1,"markers":0,"eligible":0,"skippedState":0,"skippedProcessed":0,"skippedReply":0},"conversation":null,"flowId":null}
2026-08-06T09:09:03.297Z cycle-start {}
2026-08-06T09:09:03.654Z cycle-result {"status":"idle","diagnostic":{"url":"https://www.instagram.com/direct/inbox/","rows":1,"markers":0,"eligible":0,"skippedState":0,"skippedProcessed":0,"skippedReply":0},"conversation":null,"flowId":null}
2026-08-06T09:09:05.302Z cycle-start {}
2026-08-06T09:09:05.664Z cycle-result {"status":"idle","diagnostic":{"url":"https://www.instagram.com/direct/inbox/","rows":1,"markers":0,"eligible":0,"skippedState":0,"skippedProcessed":0,"skippedReply":0},"conversation":null,"flowId":null}
2026-08-06T09:09:07.310Z cycle-start {}
2026-08-06T09:09:07.667Z cycle-result {"status":"idle","diagnostic":{"url":"https://www.instagram.com/direct/inbox/","rows":1,"markers":0,"eligible":0,"skippedState":0,"skippedProcessed":0,"skippedReply":0},"conversation":null,"flowId":null}
2026-08-06T09:09:09.315Z cycle-start {}
2026-08-06T09:09:09.677Z cycle-result {"status":"idle","diagnostic":{"url":"https://www.instagram.com/direct/inbox/","rows":1,"markers":0,"eligible":0,"skippedState":0,"skippedProcessed":0,"skippedReply":0},"conversation":null,"flowId":null}
2026-08-06T09:09:11.321Z cycle-start {}
2026-08-06T09:09:11.680Z cycle-result {"status":"idle","diagnostic":{"url":"https://www.instagram.com/direct/inbox/","rows":1,"markers":0,"eligible":0,"skippedState":0,"skippedProcessed":0,"skippedReply":0},"conversation":null,"flowId":null}
2026-08-06T09:09:13.330Z cycle-start {}
2026-08-06T09:09:13.691Z cycle-result {"status":"idle","diagnostic":{"url":"https://www.instagram.com/direct/inbox/","rows":1,"markers":0,"eligible":0,"skippedState":0,"skippedProcessed":0,"skippedReply":0},"conversation":null,"flowId":null}
2026-08-06T09:09:15.338Z cycle-start {}
2026-08-06T09:09:15.699Z cycle-result {"status":"idle","diagnostic":{"url":"https://www.instagram.com/direct/inbox/","rows":1,"markers":0,"eligible":0,"skippedState":0,"skippedProcessed":0,"skippedReply":0},"conversation":null,"flowId":null}
2026-08-06T09:09:17.344Z cycle-start {}
2026-08-06T09:09:17.704Z cycle-result {"status":"idle","diagnostic":{"url":"https://www.instagram.com/direct/inbox/","rows":1,"markers":0,"eligible":0,"skippedState":0,"skippedProcessed":0,"skippedReply":0},"conversation":null,"flowId":null}
2026-08-06T09:09:19.354Z cycle-start {}
2026-08-06T09:09:19.710Z cycle-result {"status":"idle","diagnostic":{"url":"https://www.instagram.com/direct/inbox/","rows":1,"markers":0,"eligible":0,"skippedState":0,"skippedProcessed":0,"skippedReply":0},"conversation":null,"flowId":null}
2026-08-06T09:09:21.362Z cycle-start {}
2026-08-06T09:09:21.719Z cycle-result {"status":"idle","diagnostic":{"url":"https://www.instagram.com/direct/inbox/","rows":1,"markers":0,"eligible":0,"skippedState":0,"skippedProcessed":0,"skippedReply":0},"conversation":null,"flowId":null}
2026-08-06T09:09:23.370Z cycle-start {}
2026-08-06T09:09:23.730Z cycle-result {"status":"idle","diagnostic":{"url":"https://www.instagram.com/direct/inbox/","rows":1,"markers":0,"eligible":0,"skippedState":0,"skippedProcessed":0,"skippedReply":0},"conversation":null,"flowId":null}
2026-08-06T09:09:25.376Z cycle-start {}
2026-08-06T09:09:25.735Z cycle-result {"status":"idle","diagnostic":{"url":"https://www.instagram.com/direct/inbox/","rows":1,"markers":0,"eligible":0,"skippedState":0,"skippedProcessed":0,"skippedReply":0},"conversation":null,"flowId":null}
2026-08-06T09:09:27.387Z cycle-start {}
2026-08-06T09:09:27.746Z cycle-result {"status":"idle","diagnostic":{"url":"https://www.instagram.com/direct/inbox/","rows":1,"markers":0,"eligible":0,"skippedState":0,"skippedProcessed":0,"skippedReply":0},"conversation":null,"flowId":null}
2026-08-06T09:09:29.392Z cycle-start {}
2026-08-06T09:09:29.752Z cycle-result {"status":"idle","diagnostic":{"url":"https://www.instagram.com/direct/inbox/","rows":1,"markers":0,"eligible":0,"skippedState":0,"skippedProcessed":0,"skippedReply":0},"conversation":null,"flowId":null}
2026-08-06T09:09:31.395Z cycle-start {}
2026-08-06T09:09:31.754Z cycle-result {"status":"idle","diagnostic":{"url":"https://www.instagram.com/direct/inbox/","rows":1,"markers":0,"eligible":0,"skippedState":0,"skippedProcessed":0,"skippedReply":0},"conversation":null,"flowId":null}
2026-08-06T09:09:33.406Z cycle-start {}
2026-08-06T09:09:33.769Z cycle-result {"status":"idle","diagnostic":{"url":"https://www.instagram.com/direct/inbox/","rows":1,"markers":0,"eligible":0,"skippedState":0,"skippedProcessed":0,"skippedReply":0},"conversation":null,"flowId":null}
2026-08-06T09:09:35.421Z cycle-start {}
2026-08-06T09:09:35.785Z cycle-result {"status":"idle","diagnostic":{"url":"https://www.instagram.com/direct/inbox/","rows":1,"markers":0,"eligible":0,"skippedState":0,"skippedProcessed":0,"skippedReply":0},"conversation":null,"flowId":null}
2026-08-06T09:09:37.426Z cycle-start {}
2026-08-06T09:09:37.785Z cycle-result {"status":"idle","diagnostic":{"url":"https://www.instagram.com/direct/inbox/","rows":1,"markers":0,"eligible":0,"skippedState":0,"skippedProcessed":0,"skippedReply":0},"conversation":null,"flowId":null}
2026-08-06T09:09:39.437Z cycle-start {}
2026-08-06T09:09:39.795Z cycle-result {"status":"idle","diagnostic":{"url":"https://www.instagram.com/direct/inbox/","rows":1,"markers":0,"eligible":0,"skippedState":0,"skippedProcessed":0,"skippedReply":0},"conversation":null,"flowId":null}
2026-08-06T09:09:41.439Z cycle-start {}
2026-08-06T09:09:41.799Z cycle-result {"status":"idle","diagnostic":{"url":"https://www.instagram.com/direct/inbox/","rows":1,"markers":0,"eligible":0,"skippedState":0,"skippedProcessed":0,"skippedReply":0},"conversation":null,"flowId":null}
2026-08-06T09:09:43.452Z cycle-start {}
2026-08-06T09:09:43.811Z cycle-result {"status":"idle","diagnostic":{"url":"https://www.instagram.com/direct/inbox/","rows":1,"markers":0,"eligible":0,"skippedState":0,"skippedProcessed":0,"skippedReply":0},"conversation":null,"flowId":null}
2026-08-06T09:09:45.459Z cycle-start {}
2026-08-06T09:09:45.821Z cycle-result {"status":"idle","diagnostic":{"url":"https://www.instagram.com/direct/inbox/","rows":1,"markers":0,"eligible":0,"skippedState":0,"skippedProcessed":0,"skippedReply":0},"conversation":null,"flowId":null}
2026-08-06T09:09:47.466Z cycle-start {}
2026-08-06T09:09:47.824Z cycle-result {"status":"idle","diagnostic":{"url":"https://www.instagram.com/direct/inbox/","rows":1,"markers":0,"eligible":0,"skippedState":0,"skippedProcessed":0,"skippedReply":0},"conversation":null,"flowId":null}
2026-08-06T09:09:49.469Z cycle-start {}
2026-08-06T09:09:49.827Z cycle-result {"status":"idle","diagnostic":{"url":"https://www.instagram.com/direct/inbox/","rows":1,"markers":0,"eligible":0,"skippedState":0,"skippedProcessed":0,"skippedReply":0},"conversation":null,"flowId":null}
2026-08-06T09:09:51.480Z cycle-start {}
2026-08-06T09:09:51.840Z cycle-result {"status":"idle","diagnostic":{"url":"https://www.instagram.com/direct/inbox/","rows":1,"markers":0,"eligible":0,"skippedState":0,"skippedProcessed":0,"skippedReply":0},"conversation":null,"flowId":null}
2026-08-06T09:09:53.483Z cycle-start {}
2026-08-06T09:09:53.841Z cycle-result {"status":"idle","diagnostic":{"url":"https://www.instagram.com/direct/inbox/","rows":1,"markers":0,"eligible":0,"skippedState":0,"skippedProcessed":0,"skippedReply":0},"conversation":null,"flowId":null}
2026-08-06T09:09:55.489Z cycle-start {}
2026-08-06T09:09:55.849Z cycle-result {"status":"idle","diagnostic":{"url":"https://www.instagram.com/direct/inbox/","rows":1,"markers":0,"eligible":0,"skippedState":0,"skippedProcessed":0,"skippedReply":0},"conversation":null,"flowId":null}
2026-08-06T09:09:57.495Z cycle-start {}
2026-08-06T09:09:57.853Z cycle-result {"status":"idle","diagnostic":{"url":"https://www.instagram.com/direct/inbox/","rows":1,"markers":0,"eligible":0,"skippedState":0,"skippedProcessed":0,"skippedReply":0},"conversation":null,"flowId":null}
2026-08-06T09:09:59.500Z cycle-start {}
2026-08-06T09:09:59.861Z cycle-result {"status":"idle","diagnostic":{"url":"https://www.instagram.com/direct/inbox/","rows":1,"markers":0,"eligible":0,"skippedState":0,"skippedProcessed":0,"skippedReply":0},"conversation":null,"flowId":null}
2026-08-06T09:10:01.514Z cycle-start {}
2026-08-06T09:10:01.872Z cycle-result {"status":"idle","diagnostic":{"url":"https://www.instagram.com/direct/inbox/","rows":1,"markers":0,"eligible":0,"skippedState":0,"skippedProcessed":0,"skippedReply":0},"conversation":null,"flowId":null}
2026-08-06T09:10:03.520Z cycle-start {}
2026-08-06T09:10:03.879Z cycle-result {"status":"idle","diagnostic":{"url":"https://www.instagram.com/direct/inbox/","rows":1,"markers":0,"eligible":0,"skippedState":0,"skippedProcessed":0,"skippedReply":0},"conversation":null,"flowId":null}
2026-08-06T09:10:05.522Z cycle-start {}
2026-08-06T09:10:05.883Z cycle-result {"status":"idle","diagnostic":{"url":"https://www.instagram.com/direct/inbox/","rows":1,"markers":0,"eligible":0,"skippedState":0,"skippedProcessed":0,"skippedReply":0},"conversation":null,"flowId":null}
2026-08-06T09:10:07.530Z cycle-start {}
2026-08-06T09:10:07.890Z cycle-result {"status":"idle","diagnostic":{"url":"https://www.instagram.com/direct/inbox/","rows":1,"markers":0,"eligible":0,"skippedState":0,"skippedProcessed":0,"skippedReply":0},"conversation":null,"flowId":null}
2026-08-06T09:10:09.535Z cycle-start {}
2026-08-06T09:10:09.895Z cycle-result {"status":"idle","diagnostic":{"url":"https://www.instagram.com/direct/inbox/","rows":1,"markers":0,"eligible":0,"skippedState":0,"skippedProcessed":0,"skippedReply":0},"conversation":null,"flowId":null}
2026-08-06T09:10:11.545Z cycle-start {}
2026-08-06T09:10:11.907Z cycle-result {"status":"idle","diagnostic":{"url":"https://www.instagram.com/direct/inbox/","rows":1,"markers":0,"eligible":0,"skippedState":0,"skippedProcessed":0,"skippedReply":0},"conversation":null,"flowId":null}
2026-08-06T09:10:13.554Z cycle-start {}
2026-08-06T09:10:13.912Z cycle-result {"status":"idle","diagnostic":{"url":"https://www.instagram.com/direct/inbox/","rows":1,"markers":0,"eligible":0,"skippedState":0,"skippedProcessed":0,"skippedReply":0},"conversation":null,"flowId":null}
2026-08-06T09:10:15.554Z cycle-start {}
2026-08-06T09:10:15.912Z cycle-result {"status":"idle","diagnostic":{"url":"https://www.instagram.com/direct/inbox/","rows":1,"markers":0,"eligible":0,"skippedState":0,"skippedProcessed":0,"skippedReply":0},"conversation":null,"flowId":null}
2026-08-06T09:10:17.556Z cycle-start {}
2026-08-06T09:10:17.909Z cycle-result {"status":"idle","diagnostic":{"url":"https://www.instagram.com/direct/inbox/","rows":1,"markers":0,"eligible":0,"skippedState":0,"skippedProcessed":0,"skippedReply":0},"conversation":null,"flowId":null}
2026-08-06T09:10:19.570Z cycle-start {}
2026-08-06T09:10:19.928Z cycle-result {"status":"idle","diagnostic":{"url":"https://www.instagram.com/direct/inbox/","rows":1,"markers":0,"eligible":0,"skippedState":0,"skippedProcessed":0,"skippedReply":0},"conversation":null,"flowId":null}
2026-08-06T09:10:21.575Z cycle-start {}
2026-08-06T09:10:21.936Z cycle-result {"status":"idle","diagnostic":{"url":"https://www.instagram.com/direct/inbox/","rows":1,"markers":0,"eligible":0,"skippedState":0,"skippedProcessed":0,"skippedReply":0},"conversation":null,"flowId":null}
2026-08-06T09:10:23.580Z cycle-start {}
2026-08-06T09:10:23.938Z cycle-result {"status":"idle","diagnostic":{"url":"https://www.instagram.com/direct/inbox/","rows":1,"markers":0,"eligible":0,"skippedState":0,"skippedProcessed":0,"skippedReply":0},"conversation":null,"flowId":null}
2026-08-06T09:10:25.580Z cycle-start {}
2026-08-06T09:10:25.943Z cycle-result {"status":"idle","diagnostic":{"url":"https://www.instagram.com/direct/inbox/","rows":1,"markers":0,"eligible":0,"skippedState":0,"skippedProcessed":0,"skippedReply":0},"conversation":null,"flowId":null}
2026-08-06T09:10:27.585Z cycle-start {}
2026-08-06T09:10:27.943Z cycle-result {"status":"idle","diagnostic":{"url":"https://www.instagram.com/direct/inbox/","rows":1,"markers":0,"eligible":0,"skippedState":0,"skippedProcessed":0,"skippedReply":0},"conversation":null,"flowId":null}
2026-08-06T09:10:29.589Z cycle-start {}
2026-08-06T09:10:29.947Z cycle-result {"status":"idle","diagnostic":{"url":"https://www.instagram.com/direct/inbox/","rows":1,"markers":0,"eligible":0,"skippedState":0,"skippedProcessed":0,"skippedReply":0},"conversation":null,"flowId":null}
2026-08-06T09:10:31.597Z cycle-start {}
2026-08-06T09:10:31.956Z cycle-result {"status":"idle","diagnostic":{"url":"https://www.instagram.com/direct/inbox/","rows":1,"markers":0,"eligible":0,"skippedState":0,"skippedProcessed":0,"skippedReply":0},"conversation":null,"flowId":null}
2026-08-06T09:10:33.601Z cycle-start {}
2026-08-06T09:10:33.963Z cycle-result {"status":"idle","diagnostic":{"url":"https://www.instagram.com/direct/inbox/","rows":1,"markers":0,"eligible":0,"skippedState":0,"skippedProcessed":0,"skippedReply":0},"conversation":null,"flowId":null}
2026-08-06T09:10:35.605Z cycle-start {}
2026-08-06T09:10:35.965Z cycle-result {"status":"idle","diagnostic":{"url":"https://www.instagram.com/direct/inbox/","rows":1,"markers":0,"eligible":0,"skippedState":0,"skippedProcessed":0,"skippedReply":0},"conversation":null,"flowId":null}
2026-08-06T09:10:37.608Z cycle-start {}
2026-08-06T09:10:37.968Z cycle-result {"status":"idle","diagnostic":{"url":"https://www.instagram.com/direct/inbox/","rows":1,"markers":0,"eligible":0,"skippedState":0,"skippedProcessed":0,"skippedReply":0},"conversation":null,"flowId":null}
2026-08-06T09:10:39.617Z cycle-start {}
2026-08-06T09:10:39.978Z cycle-result {"status":"idle","diagnostic":{"url":"https://www.instagram.com/direct/inbox/","rows":1,"markers":0,"eligible":0,"skippedState":0,"skippedProcessed":0,"skippedReply":0},"conversation":null,"flowId":null}
2026-08-06T09:10:41.619Z cycle-start {}
2026-08-06T09:10:41.978Z cycle-result {"status":"idle","diagnostic":{"url":"https://www.instagram.com/direct/inbox/","rows":1,"markers":0,"eligible":0,"skippedState":0,"skippedProcessed":0,"skippedReply":0},"conversation":null,"flowId":null}
2026-08-06T09:10:43.621Z cycle-start {}
2026-08-06T09:10:43.984Z cycle-result {"status":"idle","diagnostic":{"url":"https://www.instagram.com/direct/inbox/","rows":1,"markers":0,"eligible":0,"skippedState":0,"skippedProcessed":0,"skippedReply":0},"conversation":null,"flowId":null}
2026-08-06T09:10:45.628Z cycle-start {}
2026-08-06T09:10:45.987Z cycle-result {"status":"idle","diagnostic":{"url":"https://www.instagram.com/direct/inbox/","rows":1,"markers":0,"eligible":0,"skippedState":0,"skippedProcessed":0,"skippedReply":0},"conversation":null,"flowId":null}
2026-08-06T09:10:47.640Z cycle-start {}
2026-08-06T09:10:47.997Z cycle-result {"status":"idle","diagnostic":{"url":"https://www.instagram.com/direct/inbox/","rows":1,"markers":0,"eligible":0,"skippedState":0,"skippedProcessed":0,"skippedReply":0},"conversation":null,"flowId":null}
2026-08-06T09:10:49.642Z cycle-start {}
2026-08-06T09:10:50.000Z cycle-result {"status":"idle","diagnostic":{"url":"https://www.instagram.com/direct/inbox/","rows":1,"markers":0,"eligible":0,"skippedState":0,"skippedProcessed":0,"skippedReply":0},"conversation":null,"flowId":null}
2026-08-06T09:10:51.642Z cycle-start {}
2026-08-06T09:10:52.002Z cycle-result {"status":"idle","diagnostic":{"url":"https://www.instagram.com/direct/inbox/","rows":1,"markers":0,"eligible":0,"skippedState":0,"skippedProcessed":0,"skippedReply":0},"conversation":null,"flowId":null}
2026-08-06T09:10:53.651Z cycle-start {}
2026-08-06T09:10:54.010Z cycle-result {"status":"idle","diagnostic":{"url":"https://www.instagram.com/direct/inbox/","rows":1,"markers":0,"eligible":0,"skippedState":0,"skippedProcessed":0,"skippedReply":0},"conversation":null,"flowId":null}
2026-08-06T09:10:55.654Z cycle-start {}
2026-08-06T09:10:56.009Z cycle-result {"status":"idle","diagnostic":{"url":"https://www.instagram.com/direct/inbox/","rows":1,"markers":0,"eligible":0,"skippedState":0,"skippedProcessed":0,"skippedReply":0},"conversation":null,"flowId":null}
2026-08-06T09:10:57.654Z cycle-start {}
2026-08-06T09:10:58.008Z cycle-result {"status":"idle","diagnostic":{"url":"https://www.instagram.com/direct/inbox/","rows":1,"markers":0,"eligible":0,"skippedState":0,"skippedProcessed":0,"skippedReply":0},"conversation":null,"flowId":null}
2026-08-06T09:10:59.654Z cycle-start {}
2026-08-06T09:11:00.014Z cycle-result {"status":"idle","diagnostic":{"url":"https://www.instagram.com/direct/inbox/","rows":1,"markers":0,"eligible":0,"skippedState":0,"skippedProcessed":0,"skippedReply":0},"conversation":null,"flowId":null}
2026-08-06T09:11:01.654Z cycle-start {}
2026-08-06T09:11:02.009Z cycle-result {"status":"idle","diagnostic":{"url":"https://www.instagram.com/direct/inbox/","rows":1,"markers":0,"eligible":0,"skippedState":0,"skippedProcessed":0,"skippedReply":0},"conversation":null,"flowId":null}
2026-08-06T09:11:03.659Z cycle-start {}
2026-08-06T09:11:04.014Z cycle-result {"status":"idle","diagnostic":{"url":"https://www.instagram.com/direct/inbox/","rows":1,"markers":0,"eligible":0,"skippedState":0,"skippedProcessed":0,"skippedReply":0},"conversation":null,"flowId":null}
2026-08-06T09:11:05.663Z cycle-start {}
2026-08-06T09:11:06.029Z cycle-result {"status":"idle","diagnostic":{"url":"https://www.instagram.com/direct/inbox/","rows":1,"markers":0,"eligible":0,"skippedState":0,"skippedProcessed":0,"skippedReply":0},"conversation":null,"flowId":null}
2026-08-06T09:11:07.663Z cycle-start {}
2026-08-06T09:11:08.018Z cycle-result {"status":"idle","diagnostic":{"url":"https://www.instagram.com/direct/inbox/","rows":1,"markers":0,"eligible":0,"skippedState":0,"skippedProcessed":0,"skippedReply":0},"conversation":null,"flowId":null}
2026-08-06T09:11:09.672Z cycle-start {}
2026-08-06T09:11:10.031Z cycle-result {"status":"idle","diagnostic":{"url":"https://www.instagram.com/direct/inbox/","rows":1,"markers":0,"eligible":0,"skippedState":0,"skippedProcessed":0,"skippedReply":0},"conversation":null,"flowId":null}
2026-08-06T09:11:11.672Z cycle-start {}
2026-08-06T09:11:12.026Z cycle-result {"status":"idle","diagnostic":{"url":"https://www.instagram.com/direct/inbox/","rows":1,"markers":0,"eligible":0,"skippedState":0,"skippedProcessed":0,"skippedReply":0},"conversation":null,"flowId":null}
2026-08-06T09:11:13.677Z cycle-start {}
2026-08-06T09:11:14.034Z cycle-result {"status":"idle","diagnostic":{"url":"https://www.instagram.com/direct/inbox/","rows":1,"markers":0,"eligible":0,"skippedState":0,"skippedProcessed":0,"skippedReply":0},"conversation":null,"flowId":null}
2026-08-06T09:11:15.681Z cycle-start {}
2026-08-06T09:11:16.040Z cycle-result {"status":"idle","diagnostic":{"url":"https://www.instagram.com/direct/inbox/","rows":1,"markers":0,"eligible":0,"skippedState":0,"skippedProcessed":0,"skippedReply":0},"conversation":null,"flowId":null}
2026-08-06T09:11:17.681Z cycle-start {}
2026-08-06T09:11:18.034Z cycle-result {"status":"idle","diagnostic":{"url":"https://www.instagram.com/direct/inbox/","rows":1,"markers":0,"eligible":0,"skippedState":0,"skippedProcessed":0,"skippedReply":0},"conversation":null,"flowId":null}
2026-08-06T09:11:19.686Z cycle-start {}
2026-08-06T09:11:20.045Z cycle-result {"status":"idle","diagnostic":{"url":"https://www.instagram.com/direct/inbox/","rows":1,"markers":0,"eligible":0,"skippedState":0,"skippedProcessed":0,"skippedReply":0},"conversation":null,"flowId":null}
2026-08-06T09:11:21.690Z cycle-start {}
2026-08-06T09:11:22.050Z cycle-result {"status":"idle","diagnostic":{"url":"https://www.instagram.com/direct/inbox/","rows":1,"markers":0,"eligible":0,"skippedState":0,"skippedProcessed":0,"skippedReply":0},"conversation":null,"flowId":null}
2026-08-06T09:11:23.690Z cycle-start {}
2026-08-06T09:11:24.048Z cycle-result {"status":"idle","diagnostic":{"url":"https://www.instagram.com/direct/inbox/","rows":1,"markers":0,"eligible":0,"skippedState":0,"skippedProcessed":0,"skippedReply":0},"conversation":null,"flowId":null}
2026-08-06T09:11:25.691Z cycle-start {}
2026-08-06T09:11:26.046Z cycle-result {"status":"idle","diagnostic":{"url":"https://www.instagram.com/direct/inbox/","rows":1,"markers":0,"eligible":0,"skippedState":0,"skippedProcessed":0,"skippedReply":0},"conversation":null,"flowId":null}
2026-08-06T09:11:27.691Z cycle-start {}
2026-08-06T09:11:28.046Z cycle-result {"status":"idle","diagnostic":{"url":"https://www.instagram.com/direct/inbox/","rows":1,"markers":0,"eligible":0,"skippedState":0,"skippedProcessed":0,"skippedReply":0},"conversation":null,"flowId":null}
2026-08-06T09:11:29.695Z cycle-start {}
2026-08-06T09:11:30.059Z cycle-result {"status":"idle","diagnostic":{"url":"https://www.instagram.com/direct/inbox/","rows":1,"markers":0,"eligible":0,"skippedState":0,"skippedProcessed":0,"skippedReply":0},"conversation":null,"flowId":null}
2026-08-06T09:11:31.700Z cycle-start {}
2026-08-06T09:11:32.062Z cycle-result {"status":"idle","diagnostic":{"url":"https://www.instagram.com/direct/inbox/","rows":1,"markers":0,"eligible":0,"skippedState":0,"skippedProcessed":0,"skippedReply":0},"conversation":null,"flowId":null}
2026-08-06T09:11:33.700Z cycle-start {}
2026-08-06T09:11:34.056Z cycle-result {"status":"idle","diagnostic":{"url":"https://www.instagram.com/direct/inbox/","rows":1,"markers":0,"eligible":0,"skippedState":0,"skippedProcessed":0,"skippedReply":0},"conversation":null,"flowId":null}
2026-08-06T09:11:35.702Z cycle-start {}
2026-08-06T09:11:36.064Z cycle-result {"status":"idle","diagnostic":{"url":"https://www.instagram.com/direct/inbox/","rows":1,"markers":0,"eligible":0,"skippedState":0,"skippedProcessed":0,"skippedReply":0},"conversation":null,"flowId":null}
2026-08-06T09:11:37.712Z cycle-start {}
2026-08-06T09:11:38.073Z cycle-result {"status":"idle","diagnostic":{"url":"https://www.instagram.com/direct/inbox/","rows":1,"markers":0,"eligible":0,"skippedState":0,"skippedProcessed":0,"skippedReply":0},"conversation":null,"flowId":null}
2026-08-06T09:11:39.717Z cycle-start {}
2026-08-06T09:11:40.079Z cycle-result {"status":"idle","diagnostic":{"url":"https://www.instagram.com/direct/inbox/","rows":1,"markers":0,"eligible":0,"skippedState":0,"skippedProcessed":0,"skippedReply":0},"conversation":null,"flowId":null}
2026-08-06T09:11:41.718Z cycle-start {}
2026-08-06T09:11:42.077Z cycle-result {"status":"idle","diagnostic":{"url":"https://www.instagram.com/direct/inbox/","rows":1,"markers":0,"eligible":0,"skippedState":0,"skippedProcessed":0,"skippedReply":0},"conversation":null,"flowId":null}
2026-08-06T09:11:43.718Z cycle-start {}
2026-08-06T09:11:44.085Z cycle-result {"status":"idle","diagnostic":{"url":"https://www.instagram.com/direct/inbox/","rows":1,"markers":0,"eligible":0,"skippedState":0,"skippedProcessed":0,"skippedReply":0},"conversation":null,"flowId":null}
2026-08-06T09:11:45.729Z cycle-start {}
2026-08-06T09:11:46.082Z cycle-result {"status":"idle","diagnostic":{"url":"https://www.instagram.com/direct/inbox/","rows":1,"markers":0,"eligible":0,"skippedState":0,"skippedProcessed":0,"skippedReply":0},"conversation":null,"flowId":null}
2026-08-06T09:11:47.732Z cycle-start {}
2026-08-06T09:11:48.098Z cycle-result {"status":"idle","diagnostic":{"url":"https://www.instagram.com/direct/inbox/","rows":1,"markers":0,"eligible":0,"skippedState":0,"skippedProcessed":0,"skippedReply":0},"conversation":null,"flowId":null}
2026-08-06T09:11:49.738Z cycle-start {}
2026-08-06T09:11:50.095Z cycle-result {"status":"idle","diagnostic":{"url":"https://www.instagram.com/direct/inbox/","rows":1,"markers":0,"eligible":0,"skippedState":0,"skippedProcessed":0,"skippedReply":0},"conversation":null,"flowId":null}
2026-08-06T09:11:51.751Z cycle-start {}
2026-08-06T09:11:52.116Z cycle-result {"status":"idle","diagnostic":{"url":"https://www.instagram.com/direct/inbox/","rows":1,"markers":0,"eligible":0,"skippedState":0,"skippedProcessed":0,"skippedReply":0},"conversation":null,"flowId":null}
2026-08-06T09:11:53.753Z cycle-start {}
2026-08-06T09:11:54.113Z cycle-result {"status":"idle","diagnostic":{"url":"https://www.instagram.com/direct/inbox/","rows":1,"markers":0,"eligible":0,"skippedState":0,"skippedProcessed":0,"skippedReply":0},"conversation":null,"flowId":null}
2026-08-06T09:11:55.764Z cycle-start {}
2026-08-06T09:11:56.125Z cycle-result {"status":"idle","diagnostic":{"url":"https://www.instagram.com/direct/inbox/","rows":1,"markers":0,"eligible":0,"skippedState":0,"skippedProcessed":0,"skippedReply":0},"conversation":null,"flowId":null}
2026-08-06T09:11:57.778Z cycle-start {}
2026-08-06T09:11:58.136Z cycle-result {"status":"idle","diagnostic":{"url":"https://www.instagram.com/direct/inbox/","rows":1,"markers":0,"eligible":0,"skippedState":0,"skippedProcessed":0,"skippedReply":0},"conversation":null,"flowId":null}
2026-08-06T09:11:59.790Z cycle-start {}
2026-08-06T09:12:00.149Z cycle-result {"status":"idle","diagnostic":{"url":"https://www.instagram.com/direct/inbox/","rows":1,"markers":0,"eligible":0,"skippedState":0,"skippedProcessed":0,"skippedReply":0},"conversation":null,"flowId":null}
2026-08-06T09:12:01.801Z cycle-start {}
2026-08-06T09:12:02.162Z cycle-result {"status":"idle","diagnostic":{"url":"https://www.instagram.com/direct/inbox/","rows":1,"markers":0,"eligible":0,"skippedState":0,"skippedProcessed":0,"skippedReply":0},"conversation":null,"flowId":null}
2026-08-06T09:12:03.810Z cycle-start {}
2026-08-06T09:12:04.172Z cycle-result {"status":"idle","diagnostic":{"url":"https://www.instagram.com/direct/inbox/","rows":1,"markers":0,"eligible":0,"skippedState":0,"skippedProcessed":0,"skippedReply":0},"conversation":null,"flowId":null}
2026-08-06T09:12:05.822Z cycle-start {}
2026-08-06T09:12:06.180Z cycle-result {"status":"idle","diagnostic":{"url":"https://www.instagram.com/direct/inbox/","rows":1,"markers":0,"eligible":0,"skippedState":0,"skippedProcessed":0,"skippedReply":0},"conversation":null,"flowId":null}
2026-08-06T09:12:07.829Z cycle-start {}
2026-08-06T09:12:08.185Z cycle-result {"status":"idle","diagnostic":{"url":"https://www.instagram.com/direct/inbox/","rows":1,"markers":0,"eligible":0,"skippedState":0,"skippedProcessed":0,"skippedReply":0},"conversation":null,"flowId":null}
2026-08-06T09:12:09.835Z cycle-start {}
2026-08-06T09:12:10.194Z cycle-result {"status":"idle","diagnostic":{"url":"https://www.instagram.com/direct/inbox/","rows":1,"markers":0,"eligible":0,"skippedState":0,"skippedProcessed":0,"skippedReply":0},"conversation":null,"flowId":null}
2026-08-06T09:12:11.843Z cycle-start {}
2026-08-06T09:12:12.202Z cycle-result {"status":"idle","diagnostic":{"url":"https://www.instagram.com/direct/inbox/","rows":1,"markers":0,"eligible":0,"skippedState":0,"skippedProcessed":0,"skippedReply":0},"conversation":null,"flowId":null}
2026-08-06T09:12:13.846Z cycle-start {}
2026-08-06T09:12:14.205Z cycle-result {"status":"idle","diagnostic":{"url":"https://www.instagram.com/direct/inbox/","rows":1,"markers":0,"eligible":0,"skippedState":0,"skippedProcessed":0,"skippedReply":0},"conversation":null,"flowId":null}
2026-08-06T09:12:15.851Z cycle-start {}
2026-08-06T09:12:16.207Z cycle-result {"status":"idle","diagnostic":{"url":"https://www.instagram.com/direct/inbox/","rows":1,"markers":0,"eligible":0,"skippedState":0,"skippedProcessed":0,"skippedReply":0},"conversation":null,"flowId":null}
2026-08-06T09:12:17.850Z cycle-start {}
2026-08-06T09:12:18.208Z cycle-result {"status":"idle","diagnostic":{"url":"https://www.instagram.com/direct/inbox/","rows":1,"markers":0,"eligible":0,"skippedState":0,"skippedProcessed":0,"skippedReply":0},"conversation":null,"flowId":null}
2026-08-06T09:12:19.852Z cycle-start {}
2026-08-06T09:12:20.210Z cycle-result {"status":"idle","diagnostic":{"url":"https://www.instagram.com/direct/inbox/","rows":1,"markers":0,"eligible":0,"skippedState":0,"skippedProcessed":0,"skippedReply":0},"conversation":null,"flowId":null}
2026-08-06T09:12:21.857Z cycle-start {}
2026-08-06T09:12:22.216Z cycle-result {"status":"idle","diagnostic":{"url":"https://www.instagram.com/direct/inbox/","rows":1,"markers":0,"eligible":0,"skippedState":0,"skippedProcessed":0,"skippedReply":0},"conversation":null,"flowId":null}
2026-08-06T09:12:23.861Z cycle-start {}
2026-08-06T09:12:24.219Z cycle-result {"status":"idle","diagnostic":{"url":"https://www.instagram.com/direct/inbox/","rows":1,"markers":0,"eligible":0,"skippedState":0,"skippedProcessed":0,"skippedReply":0},"conversation":null,"flowId":null}
2026-08-06T09:12:25.868Z cycle-start {}
2026-08-06T09:12:26.228Z cycle-result {"status":"idle","diagnostic":{"url":"https://www.instagram.com/direct/inbox/","rows":1,"markers":0,"eligible":0,"skippedState":0,"skippedProcessed":0,"skippedReply":0},"conversation":null,"flowId":null}
2026-08-06T09:12:27.873Z cycle-start {}
2026-08-06T09:12:28.232Z cycle-result {"status":"idle","diagnostic":{"url":"https://www.instagram.com/direct/inbox/","rows":1,"markers":0,"eligible":0,"skippedState":0,"skippedProcessed":0,"skippedReply":0},"conversation":null,"flowId":null}
2026-08-06T09:12:29.875Z cycle-start {}
2026-08-06T09:12:30.233Z cycle-result {"status":"idle","diagnostic":{"url":"https://www.instagram.com/direct/inbox/","rows":1,"markers":0,"eligible":0,"skippedState":0,"skippedProcessed":0,"skippedReply":0},"conversation":null,"flowId":null}
2026-08-06T09:12:31.879Z cycle-start {}
2026-08-06T09:12:32.143Z config {"enabled":true,"hasText":true}
2026-08-06T09:12:32.146Z config {"enabled":true,"hasText":true}
2026-08-06T09:12:32.161Z config {"enabled":true,"hasText":true}
2026-08-06T09:12:32.243Z cycle-result {"status":"idle","diagnostic":{"url":"https://www.instagram.com/direct/inbox/","rows":1,"markers":0,"eligible":0,"skippedState":0,"skippedProcessed":0,"skippedReply":0},"conversation":null,"flowId":null}
2026-08-06T09:12:33.888Z cycle-start {}
2026-08-06T09:12:34.250Z cycle-result {"status":"idle","diagnostic":{"url":"https://www.instagram.com/direct/inbox/","rows":1,"markers":0,"eligible":0,"skippedState":0,"skippedProcessed":0,"skippedReply":0},"conversation":null,"flowId":null}
2026-08-06T09:12:35.899Z cycle-start {}
2026-08-06T09:12:36.266Z cycle-result {"status":"idle","diagnostic":{"url":"https://www.instagram.com/direct/inbox/","rows":1,"markers":0,"eligible":0,"skippedState":0,"skippedProcessed":0,"skippedReply":0},"conversation":null,"flowId":null}
2026-08-06T09:12:37.905Z cycle-start {}
2026-08-06T09:12:38.270Z cycle-result {"status":"idle","diagnostic":{"url":"https://www.instagram.com/direct/inbox/","rows":1,"markers":0,"eligible":0,"skippedState":0,"skippedProcessed":0,"skippedReply":0},"conversation":null,"flowId":null}
2026-08-06T09:12:39.918Z cycle-start {}
2026-08-06T09:12:40.282Z cycle-result {"status":"idle","diagnostic":{"url":"https://www.instagram.com/direct/inbox/","rows":1,"markers":0,"eligible":0,"skippedState":0,"skippedProcessed":0,"skippedReply":0},"conversation":null,"flowId":null}
2026-08-06T09:12:41.924Z cycle-start {}
2026-08-06T09:12:42.289Z cycle-result {"status":"idle","diagnostic":{"url":"https://www.instagram.com/direct/inbox/","rows":1,"markers":0,"eligible":0,"skippedState":0,"skippedProcessed":0,"skippedReply":0},"conversation":null,"flowId":null}
2026-08-06T09:12:43.930Z cycle-start {}
2026-08-06T09:12:44.293Z cycle-result {"status":"idle","diagnostic":{"url":"https://www.instagram.com/direct/inbox/","rows":1,"markers":0,"eligible":0,"skippedState":0,"skippedProcessed":0,"skippedReply":0},"conversation":null,"flowId":null}
2026-08-06T09:12:45.933Z cycle-start {}
2026-08-06T09:12:46.294Z cycle-result {"status":"idle","diagnostic":{"url":"https://www.instagram.com/direct/inbox/","rows":1,"markers":0,"eligible":0,"skippedState":0,"skippedProcessed":0,"skippedReply":0},"conversation":null,"flowId":null}
2026-08-06T09:12:47.940Z cycle-start {}
2026-08-06T09:12:48.300Z cycle-result {"status":"idle","diagnostic":{"url":"https://www.instagram.com/direct/inbox/","rows":1,"markers":0,"eligible":0,"skippedState":0,"skippedProcessed":0,"skippedReply":0},"conversation":null,"flowId":null}
2026-08-06T09:12:49.950Z cycle-start {}
2026-08-06T09:12:50.314Z cycle-result {"status":"idle","diagnostic":{"url":"https://www.instagram.com/direct/inbox/","rows":1,"markers":0,"eligible":0,"skippedState":0,"skippedProcessed":0,"skippedReply":0},"conversation":null,"flowId":null}
2026-08-06T09:12:51.950Z cycle-start {}
2026-08-06T09:12:52.316Z cycle-result {"status":"idle","diagnostic":{"url":"https://www.instagram.com/direct/inbox/","rows":1,"markers":0,"eligible":0,"skippedState":0,"skippedProcessed":0,"skippedReply":0},"conversation":null,"flowId":null}
2026-08-06T09:12:53.957Z cycle-start {}
2026-08-06T09:12:54.316Z cycle-result {"status":"idle","diagnostic":{"url":"https://www.instagram.com/direct/inbox/","rows":1,"markers":0,"eligible":0,"skippedState":0,"skippedProcessed":0,"skippedReply":0},"conversation":null,"flowId":null}
2026-08-06T09:12:55.963Z cycle-start {}
2026-08-06T09:12:56.320Z cycle-result {"status":"idle","diagnostic":{"url":"https://www.instagram.com/direct/inbox/","rows":1,"markers":0,"eligible":0,"skippedState":0,"skippedProcessed":0,"skippedReply":0},"conversation":null,"flowId":null}
2026-08-06T09:12:57.965Z cycle-start {}
2026-08-06T09:12:58.318Z cycle-result {"status":"idle","diagnostic":{"url":"https://www.instagram.com/direct/inbox/","rows":1,"markers":0,"eligible":0,"skippedState":0,"skippedProcessed":0,"skippedReply":0},"conversation":null,"flowId":null}
2026-08-06T09:12:59.973Z cycle-start {}
2026-08-06T09:13:00.328Z cycle-result {"status":"idle","diagnostic":{"url":"https://www.instagram.com/direct/inbox/","rows":1,"markers":0,"eligible":0,"skippedState":0,"skippedProcessed":0,"skippedReply":0},"conversation":null,"flowId":null}
2026-08-06T09:13:01.974Z cycle-start {}
2026-08-06T09:13:02.337Z cycle-result {"status":"idle","diagnostic":{"url":"https://www.instagram.com/direct/inbox/","rows":1,"markers":0,"eligible":0,"skippedState":0,"skippedProcessed":0,"skippedReply":0},"conversation":null,"flowId":null}
2026-08-06T09:13:03.980Z cycle-start {}
2026-08-06T09:13:04.336Z cycle-result {"status":"idle","diagnostic":{"url":"https://www.instagram.com/direct/inbox/","rows":1,"markers":0,"eligible":0,"skippedState":0,"skippedProcessed":0,"skippedReply":0},"conversation":null,"flowId":null}
2026-08-06T09:13:05.983Z cycle-start {}
2026-08-06T09:13:06.337Z cycle-result {"status":"idle","diagnostic":{"url":"https://www.instagram.com/direct/inbox/","rows":1,"markers":0,"eligible":0,"skippedState":0,"skippedProcessed":0,"skippedReply":0},"conversation":null,"flowId":null}
2026-08-06T09:13:07.986Z cycle-start {}
2026-08-06T09:13:08.344Z cycle-result {"status":"idle","diagnostic":{"url":"https://www.instagram.com/direct/inbox/","rows":1,"markers":0,"eligible":0,"skippedState":0,"skippedProcessed":0,"skippedReply":0},"conversation":null,"flowId":null}
2026-08-06T09:13:09.991Z cycle-start {}
2026-08-06T09:13:10.348Z cycle-result {"status":"idle","diagnostic":{"url":"https://www.instagram.com/direct/inbox/","rows":1,"markers":0,"eligible":0,"skippedState":0,"skippedProcessed":0,"skippedReply":0},"conversation":null,"flowId":null}
2026-08-06T09:13:11.998Z cycle-start {}
2026-08-06T09:13:12.354Z cycle-result {"status":"idle","diagnostic":{"url":"https://www.instagram.com/direct/inbox/","rows":1,"markers":0,"eligible":0,"skippedState":0,"skippedProcessed":0,"skippedReply":0},"conversation":null,"flowId":null}
2026-08-06T09:13:14.005Z cycle-start {}
2026-08-06T09:13:14.367Z cycle-result {"status":"idle","diagnostic":{"url":"https://www.instagram.com/direct/inbox/","rows":1,"markers":0,"eligible":0,"skippedState":0,"skippedProcessed":0,"skippedReply":0},"conversation":null,"flowId":null}
2026-08-06T09:13:16.012Z cycle-start {}
2026-08-06T09:13:16.365Z cycle-result {"status":"idle","diagnostic":{"url":"https://www.instagram.com/direct/inbox/","rows":1,"markers":0,"eligible":0,"skippedState":0,"skippedProcessed":0,"skippedReply":0},"conversation":null,"flowId":null}
2026-08-06T09:13:18.029Z cycle-start {}
2026-08-06T09:13:18.389Z cycle-result {"status":"idle","diagnostic":{"url":"https://www.instagram.com/direct/inbox/","rows":1,"markers":0,"eligible":0,"skippedState":0,"skippedProcessed":0,"skippedReply":0},"conversation":null,"flowId":null}
2026-08-06T09:13:20.043Z cycle-start {}
2026-08-06T09:13:20.397Z cycle-result {"status":"idle","diagnostic":{"url":"https://www.instagram.com/direct/inbox/","rows":1,"markers":0,"eligible":0,"skippedState":0,"skippedProcessed":0,"skippedReply":0},"conversation":null,"flowId":null}
2026-08-06T09:13:22.044Z cycle-start {}
2026-08-06T09:13:22.408Z cycle-result {"status":"idle","diagnostic":{"url":"https://www.instagram.com/direct/inbox/","rows":1,"markers":0,"eligible":0,"skippedState":0,"skippedProcessed":0,"skippedReply":0},"conversation":null,"flowId":null}
2026-08-06T09:13:24.054Z cycle-start {}
2026-08-06T09:13:24.415Z cycle-result {"status":"idle","diagnostic":{"url":"https://www.instagram.com/direct/inbox/","rows":1,"markers":0,"eligible":0,"skippedState":0,"skippedProcessed":0,"skippedReply":0},"conversation":null,"flowId":null}
2026-08-06T09:13:26.059Z cycle-start {}
2026-08-06T09:13:26.418Z cycle-result {"status":"idle","diagnostic":{"url":"https://www.instagram.com/direct/inbox/","rows":1,"markers":0,"eligible":0,"skippedState":0,"skippedProcessed":0,"skippedReply":0},"conversation":null,"flowId":null}
2026-08-06T09:13:28.067Z cycle-start {}
2026-08-06T09:13:28.425Z cycle-result {"status":"idle","diagnostic":{"url":"https://www.instagram.com/direct/inbox/","rows":1,"markers":0,"eligible":0,"skippedState":0,"skippedProcessed":0,"skippedReply":0},"conversation":null,"flowId":null}
2026-08-06T09:13:30.076Z cycle-start {}
2026-08-06T09:13:30.431Z cycle-result {"status":"idle","diagnostic":{"url":"https://www.instagram.com/direct/inbox/","rows":1,"markers":0,"eligible":0,"skippedState":0,"skippedProcessed":0,"skippedReply":0},"conversation":null,"flowId":null}
2026-08-06T09:13:32.077Z cycle-start {}
2026-08-06T09:13:32.432Z cycle-result {"status":"idle","diagnostic":{"url":"https://www.instagram.com/direct/inbox/","rows":1,"markers":0,"eligible":0,"skippedState":0,"skippedProcessed":0,"skippedReply":0},"conversation":null,"flowId":null}
2026-08-06T09:13:34.086Z cycle-start {}
2026-08-06T09:13:34.439Z cycle-result {"status":"idle","diagnostic":{"url":"https://www.instagram.com/direct/inbox/","rows":1,"markers":0,"eligible":0,"skippedState":0,"skippedProcessed":0,"skippedReply":0},"conversation":null,"flowId":null}
2026-08-06T09:13:36.099Z cycle-start {}
2026-08-06T09:13:36.461Z cycle-result {"status":"idle","diagnostic":{"url":"https://www.instagram.com/direct/inbox/","rows":1,"markers":0,"eligible":0,"skippedState":0,"skippedProcessed":0,"skippedReply":0},"conversation":null,"flowId":null}
2026-08-06T09:13:38.100Z cycle-start {}
2026-08-06T09:13:38.461Z cycle-result {"status":"idle","diagnostic":{"url":"https://www.instagram.com/direct/inbox/","rows":1,"markers":0,"eligible":0,"skippedState":0,"skippedProcessed":0,"skippedReply":0},"conversation":null,"flowId":null}
2026-08-06T09:13:40.100Z cycle-start {}
2026-08-06T09:13:40.458Z cycle-result {"status":"idle","diagnostic":{"url":"https://www.instagram.com/direct/inbox/","rows":1,"markers":0,"eligible":0,"skippedState":0,"skippedProcessed":0,"skippedReply":0},"conversation":null,"flowId":null}
2026-08-06T09:13:42.108Z cycle-start {}
2026-08-06T09:13:42.467Z cycle-result {"status":"idle","diagnostic":{"url":"https://www.instagram.com/direct/inbox/","rows":1,"markers":0,"eligible":0,"skippedState":0,"skippedProcessed":0,"skippedReply":0},"conversation":null,"flowId":null}
2026-08-06T09:13:44.110Z cycle-start {}
2026-08-06T09:13:44.465Z cycle-result {"status":"idle","diagnostic":{"url":"https://www.instagram.com/direct/inbox/","rows":1,"markers":0,"eligible":0,"skippedState":0,"skippedProcessed":0,"skippedReply":0},"conversation":null,"flowId":null}
2026-08-06T09:13:46.112Z cycle-start {}
2026-08-06T09:13:46.473Z cycle-result {"status":"idle","diagnostic":{"url":"https://www.instagram.com/direct/inbox/","rows":1,"markers":0,"eligible":0,"skippedState":0,"skippedProcessed":0,"skippedReply":0},"conversation":null,"flowId":null}
2026-08-06T09:13:48.119Z cycle-start {}
2026-08-06T09:13:48.480Z cycle-result {"status":"idle","diagnostic":{"url":"https://www.instagram.com/direct/inbox/","rows":1,"markers":0,"eligible":0,"skippedState":0,"skippedProcessed":0,"skippedReply":0},"conversation":null,"flowId":null}
2026-08-06T09:13:50.127Z cycle-start {}
2026-08-06T09:13:50.483Z cycle-result {"status":"idle","diagnostic":{"url":"https://www.instagram.com/direct/inbox/","rows":1,"markers":0,"eligible":0,"skippedState":0,"skippedProcessed":0,"skippedReply":0},"conversation":null,"flowId":null}
2026-08-06T09:13:52.130Z cycle-start {}
2026-08-06T09:13:52.487Z cycle-result {"status":"idle","diagnostic":{"url":"https://www.instagram.com/direct/inbox/","rows":1,"markers":0,"eligible":0,"skippedState":0,"skippedProcessed":0,"skippedReply":0},"conversation":null,"flowId":null}
2026-08-06T09:13:54.136Z cycle-start {}
2026-08-06T09:13:54.496Z cycle-result {"status":"idle","diagnostic":{"url":"https://www.instagram.com/direct/inbox/","rows":1,"markers":0,"eligible":0,"skippedState":0,"skippedProcessed":0,"skippedReply":0},"conversation":null,"flowId":null}
2026-08-06T09:13:56.141Z cycle-start {}
2026-08-06T09:13:56.500Z cycle-result {"status":"idle","diagnostic":{"url":"https://www.instagram.com/direct/inbox/","rows":1,"markers":0,"eligible":0,"skippedState":0,"skippedProcessed":0,"skippedReply":0},"conversation":null,"flowId":null}
2026-08-06T09:13:58.155Z cycle-start {}
2026-08-06T09:13:58.511Z cycle-result {"status":"idle","diagnostic":{"url":"https://www.instagram.com/direct/inbox/","rows":1,"markers":0,"eligible":0,"skippedState":0,"skippedProcessed":0,"skippedReply":0},"conversation":null,"flowId":null}
2026-08-06T09:13:59.179Z global-toggle {"enabled":false}
2026-08-06T09:14:08.208Z config {"enabled":true,"hasText":true}
2026-08-06T09:14:08.224Z config {"enabled":true,"hasText":true}
2026-08-06T09:16:26.632Z config {"enabled":true,"hasText":true}
2026-08-06T09:16:26.690Z config {"enabled":true,"hasText":true}
2026-08-06T09:16:28.870Z config {"enabled":true,"hasText":true}
2026-08-06T09:23:53.064Z config {"enabled":true,"hasText":true}
2026-08-06T09:23:53.083Z config {"enabled":true,"hasText":true}
2026-08-06T09:24:05.171Z config {"enabled":true,"hasText":true}
2026-08-06T09:28:31.524Z config {"enabled":true,"hasText":true}
2026-08-06T09:28:31.537Z config {"enabled":true,"hasText":true}
2026-08-06T09:28:31.541Z config {"enabled":true,"hasText":true}
2026-08-06T09:29:04.284Z config {"enabled":true,"hasText":true}
2026-08-06T09:29:04.300Z config {"enabled":true,"hasText":true}
2026-08-06T09:29:05.623Z config {"enabled":true,"hasText":true}
2026-08-06T09:32:07.820Z config {"enabled":true,"hasText":true}
2026-08-06T09:32:07.835Z config {"enabled":true,"hasText":true}
2026-08-06T09:32:07.851Z config {"enabled":true,"hasText":true}
2026-08-06T09:32:19.180Z config {"enabled":true,"hasText":true}
2026-08-06T09:32:19.202Z config {"enabled":true,"hasText":true}
2026-08-06T09:32:19.205Z config {"enabled":true,"hasText":true}
2026-08-06T09:32:22.984Z config {"enabled":true,"hasText":true}
2026-08-06T09:32:22.986Z config {"enabled":true,"hasText":true}
2026-08-06T09:32:23.000Z config {"enabled":true,"hasText":true}
2026-08-06T09:32:36.275Z config {"enabled":true,"hasText":true}
2026-08-06T09:32:36.296Z config {"enabled":true,"hasText":true}
2026-08-06T09:32:36.307Z config {"enabled":true,"hasText":true}
2026-08-06T09:33:04.801Z config {"enabled":true,"hasText":true}
2026-08-06T09:33:04.816Z config {"enabled":true,"hasText":true}
2026-08-06T09:33:06.102Z config {"enabled":true,"hasText":true}
2026-08-06T09:36:18.664Z config {"enabled":true,"hasText":true}
2026-08-06T09:36:18.681Z config {"enabled":true,"hasText":true}
2026-08-06T09:36:18.699Z config {"enabled":true,"hasText":true}
2026-08-06T09:36:37.454Z config {"enabled":true,"hasText":true}
2026-08-06T09:36:37.470Z config {"enabled":true,"hasText":true}
2026-08-06T09:36:40.285Z config {"enabled":true,"hasText":true}
2026-08-06T09:40:25.673Z config {"enabled":true,"hasText":true}
2026-08-06T09:40:25.706Z config {"enabled":true,"hasText":true}
2026-08-06T09:40:25.715Z config {"enabled":true,"hasText":true}
2026-08-06T09:40:33.277Z config {"enabled":true,"hasText":true}
2026-08-06T09:40:33.279Z config {"enabled":true,"hasText":true}
2026-08-06T09:40:33.294Z config {"enabled":true,"hasText":true}
2026-08-06T09:40:43.758Z config {"enabled":true,"hasText":true}
2026-08-06T09:40:43.761Z config {"enabled":true,"hasText":true}
2026-08-06T09:40:43.775Z config {"enabled":true,"hasText":true}
2026-08-06T09:41:15.921Z config {"enabled":true,"hasText":true}
2026-08-06T09:41:15.937Z config {"enabled":true,"hasText":true}
2026-08-06T09:41:17.295Z config {"enabled":true,"hasText":true}
2026-08-06T09:43:50.238Z config {"enabled":true,"hasText":true}
2026-08-06T09:43:50.258Z config {"enabled":true,"hasText":true}
2026-08-06T09:43:50.271Z config {"enabled":true,"hasText":true}
2026-08-06T09:44:00.934Z config {"enabled":true,"hasText":true}
2026-08-06T09:44:00.966Z config {"enabled":true,"hasText":true}
2026-08-06T09:44:00.990Z config {"enabled":true,"hasText":true}
2026-08-06T09:44:19.803Z config {"enabled":true,"hasText":true}
2026-08-06T09:44:19.824Z config {"enabled":true,"hasText":true}
2026-08-06T09:44:21.845Z config {"enabled":true,"hasText":true}
2026-08-06T09:44:59.264Z config {"enabled":true,"hasText":true}
2026-08-06T09:44:59.278Z config {"enabled":true,"hasText":true}
2026-08-06T09:44:59.294Z config {"enabled":true,"hasText":true}
2026-08-06T09:45:16.454Z config {"enabled":true,"hasText":true}
2026-08-06T09:45:16.471Z config {"enabled":true,"hasText":true}
2026-08-06T09:45:18.960Z config {"enabled":true,"hasText":true}
2026-08-06T09:46:57.543Z config {"enabled":true,"hasText":true}
2026-08-06T09:46:57.578Z config {"enabled":true,"hasText":true}
2026-08-06T09:46:57.620Z config {"enabled":true,"hasText":true}
2026-08-06T09:47:11.915Z config {"enabled":true,"hasText":true}
2026-08-06T09:47:11.937Z config {"enabled":true,"hasText":true}
2026-08-06T09:47:13.066Z config {"enabled":true,"hasText":true}
2026-08-06T09:48:28.080Z config {"enabled":true,"hasText":true}
2026-08-06T09:48:28.095Z config {"enabled":true,"hasText":true}
2026-08-06T09:48:28.096Z config {"enabled":true,"hasText":true}
2026-08-06T09:48:46.202Z config {"enabled":true,"hasText":true}
2026-08-06T09:48:46.218Z config {"enabled":true,"hasText":true}
2026-08-06T09:48:49.378Z config {"enabled":true,"hasText":true}
2026-08-06T09:51:09.752Z config {"enabled":true,"hasText":true}
2026-08-06T09:51:09.755Z config {"enabled":true,"hasText":true}
2026-08-06T09:51:09.770Z config {"enabled":true,"hasText":true}
2026-08-06T09:52:52.796Z config {"enabled":true,"hasText":true}
2026-08-06T09:52:52.812Z config {"enabled":true,"hasText":true}
2026-08-06T09:52:52.834Z config {"enabled":true,"hasText":true}
2026-08-06T09:55:04.526Z config {"enabled":true,"hasText":true}
2026-08-06T09:55:04.555Z config {"enabled":true,"hasText":true}
2026-08-06T09:55:04.561Z config {"enabled":true,"hasText":true}
2026-08-06T09:55:58.531Z config {"enabled":true,"hasText":true}
2026-08-06T09:55:58.544Z config {"enabled":true,"hasText":true}
2026-08-06T09:55:58.546Z config {"enabled":true,"hasText":true}
2026-08-06T09:57:30.023Z config {"enabled":true,"hasText":true}
2026-08-06T09:57:30.038Z config {"enabled":true,"hasText":true}
2026-08-06T09:57:30.040Z config {"enabled":true,"hasText":true}
2026-08-06T09:58:35.896Z config {"enabled":true,"hasText":true}
2026-08-06T09:58:35.921Z config {"enabled":true,"hasText":true}
2026-08-06T09:58:35.947Z config {"enabled":true,"hasText":true}
2026-08-06T10:00:04.999Z config {"enabled":true,"hasText":true}
2026-08-06T10:00:05.016Z config {"enabled":true,"hasText":true}
2026-08-06T10:00:05.018Z config {"enabled":true,"hasText":true}
2026-08-06T10:00:13.335Z config {"enabled":true,"hasText":true}
2026-08-06T10:00:13.338Z config {"enabled":true,"hasText":true}
2026-08-06T10:00:13.340Z config {"enabled":true,"hasText":true}
2026-08-06T10:01:49.802Z config {"enabled":true,"hasText":true}
2026-08-06T10:01:49.817Z config {"enabled":true,"hasText":true}
2026-08-06T10:01:49.831Z config {"enabled":true,"hasText":true}
2026-08-06T10:08:09.754Z global-toggle {"enabled":true}
2026-08-06T10:08:10.046Z cycle-start {}
2026-08-06T10:08:10.049Z probe-load {"url":"https://www.instagram.com/direct/inbox/"}
2026-08-06T10:08:11.476Z cycle-result {"status":"idle","diagnostic":{"url":"https://www.instagram.com/direct/inbox/","rows":1,"markers":0,"eligible":0,"skippedState":0,"skippedProcessed":0,"skippedReply":0},"conversation":null,"flowId":null}
2026-08-06T10:08:12.047Z cycle-start {}
2026-08-06T10:08:12.409Z cycle-result {"status":"idle","diagnostic":{"url":"https://www.instagram.com/direct/inbox/","rows":1,"markers":0,"eligible":0,"skippedState":0,"skippedProcessed":0,"skippedReply":0},"conversation":null,"flowId":null}
2026-08-06T10:08:14.059Z cycle-start {}
2026-08-06T10:08:14.415Z cycle-result {"status":"idle","diagnostic":{"url":"https://www.instagram.com/direct/inbox/","rows":1,"markers":0,"eligible":0,"skippedState":0,"skippedProcessed":0,"skippedReply":0},"conversation":null,"flowId":null}
2026-08-06T10:08:16.059Z cycle-start {}
2026-08-06T10:08:16.425Z cycle-result {"status":"idle","diagnostic":{"url":"https://www.instagram.com/direct/inbox/","rows":1,"markers":1,"eligible":1,"skippedState":0,"skippedProcessed":0,"skippedReply":1},"conversation":null,"flowId":null}
2026-08-06T10:08:18.074Z cycle-start {}
2026-08-06T10:08:18.445Z cycle-result {"status":"idle","diagnostic":{"url":"https://www.instagram.com/direct/inbox/","rows":1,"markers":1,"eligible":1,"skippedState":0,"skippedProcessed":0,"skippedReply":1},"conversation":null,"flowId":null}
2026-08-06T10:08:20.074Z cycle-start {}
2026-08-06T10:08:20.437Z cycle-result {"status":"idle","diagnostic":{"url":"https://www.instagram.com/direct/inbox/","rows":1,"markers":1,"eligible":1,"skippedState":0,"skippedProcessed":0,"skippedReply":1},"conversation":null,"flowId":null}
2026-08-06T10:08:22.088Z cycle-start {}
2026-08-06T10:08:22.462Z cycle-result {"status":"idle","diagnostic":{"url":"https://www.instagram.com/direct/inbox/","rows":1,"markers":1,"eligible":1,"skippedState":0,"skippedProcessed":0,"skippedReply":1},"conversation":null,"flowId":null}
2026-08-06T10:08:24.099Z cycle-start {}
2026-08-06T10:08:24.457Z cycle-result {"status":"idle","diagnostic":{"url":"https://www.instagram.com/direct/inbox/","rows":1,"markers":1,"eligible":1,"skippedState":0,"skippedProcessed":0,"skippedReply":1},"conversation":null,"flowId":null}
2026-08-06T10:08:26.104Z cycle-start {}
2026-08-06T10:08:26.461Z cycle-result {"status":"idle","diagnostic":{"url":"https://www.instagram.com/direct/inbox/","rows":1,"markers":1,"eligible":1,"skippedState":0,"skippedProcessed":0,"skippedReply":1},"conversation":null,"flowId":null}
2026-08-06T10:08:28.113Z cycle-start {}
2026-08-06T10:08:28.472Z cycle-result {"status":"idle","diagnostic":{"url":"https://www.instagram.com/direct/inbox/","rows":1,"markers":1,"eligible":1,"skippedState":0,"skippedProcessed":0,"skippedReply":1},"conversation":null,"flowId":null}
2026-08-06T10:08:30.120Z cycle-start {}
2026-08-06T10:08:30.482Z cycle-result {"status":"idle","diagnostic":{"url":"https://www.instagram.com/direct/inbox/","rows":1,"markers":1,"eligible":1,"skippedState":0,"skippedProcessed":0,"skippedReply":1},"conversation":null,"flowId":null}
2026-08-06T10:08:32.133Z cycle-start {}
2026-08-06T10:08:32.507Z cycle-result {"status":"idle","diagnostic":{"url":"https://www.instagram.com/direct/inbox/","rows":1,"markers":1,"eligible":1,"skippedState":0,"skippedProcessed":0,"skippedReply":1},"conversation":null,"flowId":null}
2026-08-06T10:08:34.136Z cycle-start {}
2026-08-06T10:08:34.496Z cycle-result {"status":"idle","diagnostic":{"url":"https://www.instagram.com/direct/inbox/","rows":1,"markers":1,"eligible":1,"skippedState":0,"skippedProcessed":0,"skippedReply":1},"conversation":null,"flowId":null}
2026-08-06T10:08:36.142Z cycle-start {}
2026-08-06T10:08:36.504Z cycle-result {"status":"idle","diagnostic":{"url":"https://www.instagram.com/direct/inbox/","rows":1,"markers":1,"eligible":1,"skippedState":0,"skippedProcessed":0,"skippedReply":1},"conversation":null,"flowId":null}
2026-08-06T10:08:38.153Z cycle-start {}
2026-08-06T10:08:38.513Z cycle-result {"status":"idle","diagnostic":{"url":"https://www.instagram.com/direct/inbox/","rows":1,"markers":0,"eligible":0,"skippedState":0,"skippedProcessed":0,"skippedReply":0},"conversation":null,"flowId":null}
2026-08-06T10:09:17.903Z global-toggle {"enabled":false}
2026-08-06T10:09:19.687Z global-toggle {"enabled":true}
2026-08-06T10:09:19.747Z cycle-start {}
2026-08-06T10:09:19.750Z probe-load {"url":"https://www.instagram.com/direct/inbox/"}
2026-08-06T10:09:21.262Z cycle-result {"status":"idle","diagnostic":{"url":"https://www.instagram.com/direct/inbox/","rows":1,"markers":1,"eligible":1,"skippedState":0,"skippedProcessed":0,"skippedReply":1},"conversation":null,"flowId":null}
2026-08-06T10:09:21.755Z cycle-start {}
2026-08-06T10:09:22.118Z cycle-result {"status":"idle","diagnostic":{"url":"https://www.instagram.com/direct/inbox/","rows":1,"markers":1,"eligible":1,"skippedState":0,"skippedProcessed":0,"skippedReply":1},"conversation":null,"flowId":null}
2026-08-06T10:09:23.755Z cycle-start {}
2026-08-06T10:09:24.116Z cycle-result {"status":"idle","diagnostic":{"url":"https://www.instagram.com/direct/inbox/","rows":1,"markers":1,"eligible":1,"skippedState":0,"skippedProcessed":0,"skippedReply":1},"conversation":null,"flowId":null}
2026-08-06T10:09:25.764Z cycle-start {}
2026-08-06T10:09:26.122Z cycle-result {"status":"idle","diagnostic":{"url":"https://www.instagram.com/direct/inbox/","rows":1,"markers":1,"eligible":1,"skippedState":0,"skippedProcessed":0,"skippedReply":1},"conversation":null,"flowId":null}
2026-08-06T10:09:27.770Z cycle-start {}
2026-08-06T10:09:28.128Z cycle-result {"status":"idle","diagnostic":{"url":"https://www.instagram.com/direct/inbox/","rows":1,"markers":1,"eligible":1,"skippedState":0,"skippedProcessed":0,"skippedReply":1},"conversation":null,"flowId":null}
2026-08-06T10:09:29.770Z cycle-start {}
2026-08-06T10:09:30.128Z cycle-result {"status":"idle","diagnostic":{"url":"https://www.instagram.com/direct/inbox/","rows":1,"markers":1,"eligible":1,"skippedState":0,"skippedProcessed":0,"skippedReply":1},"conversation":null,"flowId":null}
2026-08-06T10:09:31.782Z cycle-start {}
2026-08-06T10:09:32.141Z cycle-result {"status":"idle","diagnostic":{"url":"https://www.instagram.com/direct/inbox/","rows":1,"markers":1,"eligible":1,"skippedState":0,"skippedProcessed":0,"skippedReply":1},"conversation":null,"flowId":null}
2026-08-06T10:09:33.797Z cycle-start {}
2026-08-06T10:09:34.158Z cycle-result {"status":"idle","diagnostic":{"url":"https://www.instagram.com/direct/inbox/","rows":1,"markers":1,"eligible":1,"skippedState":0,"skippedProcessed":0,"skippedReply":1},"conversation":null,"flowId":null}
2026-08-06T10:09:35.810Z cycle-start {}
2026-08-06T10:09:36.171Z cycle-result {"status":"idle","diagnostic":{"url":"https://www.instagram.com/direct/inbox/","rows":1,"markers":1,"eligible":1,"skippedState":0,"skippedProcessed":0,"skippedReply":1},"conversation":null,"flowId":null}
2026-08-06T10:09:37.821Z cycle-start {}
2026-08-06T10:09:38.182Z cycle-result {"status":"idle","diagnostic":{"url":"https://www.instagram.com/direct/inbox/","rows":1,"markers":1,"eligible":1,"skippedState":0,"skippedProcessed":0,"skippedReply":1},"conversation":null,"flowId":null}
2026-08-06T10:09:39.824Z cycle-start {}
2026-08-06T10:09:40.188Z cycle-result {"status":"idle","diagnostic":{"url":"https://www.instagram.com/direct/inbox/","rows":1,"markers":1,"eligible":1,"skippedState":0,"skippedProcessed":0,"skippedReply":1},"conversation":null,"flowId":null}
2026-08-06T10:09:41.824Z cycle-start {}
2026-08-06T10:09:42.180Z cycle-result {"status":"idle","diagnostic":{"url":"https://www.instagram.com/direct/inbox/","rows":1,"markers":1,"eligible":1,"skippedState":0,"skippedProcessed":0,"skippedReply":1},"conversation":null,"flowId":null}
2026-08-06T10:09:43.835Z cycle-start {}
2026-08-06T10:09:44.197Z cycle-result {"status":"idle","diagnostic":{"url":"https://www.instagram.com/direct/inbox/","rows":1,"markers":1,"eligible":1,"skippedState":0,"skippedProcessed":0,"skippedReply":1},"conversation":null,"flowId":null}
2026-08-06T10:09:45.838Z cycle-start {}
2026-08-06T10:09:46.197Z cycle-result {"status":"idle","diagnostic":{"url":"https://www.instagram.com/direct/inbox/","rows":1,"markers":1,"eligible":1,"skippedState":0,"skippedProcessed":0,"skippedReply":1},"conversation":null,"flowId":null}
2026-08-06T10:09:47.841Z cycle-start {}
2026-08-06T10:09:48.209Z cycle-result {"status":"idle","diagnostic":{"url":"https://www.instagram.com/direct/inbox/","rows":1,"markers":1,"eligible":1,"skippedState":0,"skippedProcessed":0,"skippedReply":1},"conversation":null,"flowId":null}
2026-08-06T10:09:49.845Z cycle-start {}
2026-08-06T10:09:50.203Z cycle-result {"status":"idle","diagnostic":{"url":"https://www.instagram.com/direct/inbox/","rows":1,"markers":1,"eligible":1,"skippedState":0,"skippedProcessed":0,"skippedReply":1},"conversation":null,"flowId":null}
2026-08-06T10:09:51.853Z cycle-start {}
2026-08-06T10:09:52.212Z cycle-result {"status":"idle","diagnostic":{"url":"https://www.instagram.com/direct/inbox/","rows":1,"markers":1,"eligible":1,"skippedState":0,"skippedProcessed":0,"skippedReply":1},"conversation":null,"flowId":null}
2026-08-06T10:09:53.864Z cycle-start {}
2026-08-06T10:09:54.235Z cycle-result {"status":"idle","diagnostic":{"url":"https://www.instagram.com/direct/inbox/","rows":1,"markers":1,"eligible":1,"skippedState":0,"skippedProcessed":0,"skippedReply":1},"conversation":null,"flowId":null}
2026-08-06T10:09:55.870Z cycle-start {}
2026-08-06T10:09:56.242Z cycle-result {"status":"idle","diagnostic":{"url":"https://www.instagram.com/direct/inbox/","rows":1,"markers":1,"eligible":1,"skippedState":0,"skippedProcessed":0,"skippedReply":1},"conversation":null,"flowId":null}
2026-08-06T10:09:57.880Z cycle-start {}
2026-08-06T10:09:58.237Z cycle-result {"status":"idle","diagnostic":{"url":"https://www.instagram.com/direct/inbox/","rows":1,"markers":1,"eligible":1,"skippedState":0,"skippedProcessed":0,"skippedReply":1},"conversation":null,"flowId":null}
2026-08-06T10:09:59.895Z cycle-start {}
2026-08-06T10:10:00.261Z cycle-result {"status":"idle","diagnostic":{"url":"https://www.instagram.com/direct/inbox/","rows":1,"markers":1,"eligible":1,"skippedState":0,"skippedProcessed":0,"skippedReply":1},"conversation":null,"flowId":null}
2026-08-06T10:10:01.909Z cycle-start {}
2026-08-06T10:10:02.267Z cycle-result {"status":"idle","diagnostic":{"url":"https://www.instagram.com/direct/inbox/","rows":1,"markers":1,"eligible":1,"skippedState":0,"skippedProcessed":0,"skippedReply":1},"conversation":null,"flowId":null}
2026-08-06T10:10:03.911Z cycle-start {}
2026-08-06T10:10:04.269Z cycle-result {"status":"idle","diagnostic":{"url":"https://www.instagram.com/direct/inbox/","rows":1,"markers":1,"eligible":1,"skippedState":0,"skippedProcessed":0,"skippedReply":1},"conversation":null,"flowId":null}
2026-08-06T10:10:05.924Z cycle-start {}
2026-08-06T10:10:06.285Z cycle-result {"status":"idle","diagnostic":{"url":"https://www.instagram.com/direct/inbox/","rows":1,"markers":1,"eligible":1,"skippedState":0,"skippedProcessed":0,"skippedReply":1},"conversation":null,"flowId":null}
2026-08-06T10:10:07.929Z cycle-start {}
2026-08-06T10:10:08.290Z cycle-result {"status":"idle","diagnostic":{"url":"https://www.instagram.com/direct/inbox/","rows":1,"markers":1,"eligible":1,"skippedState":0,"skippedProcessed":0,"skippedReply":1},"conversation":null,"flowId":null}
2026-08-06T10:10:09.937Z cycle-start {}
2026-08-06T10:10:10.296Z cycle-result {"status":"idle","diagnostic":{"url":"https://www.instagram.com/direct/inbox/","rows":1,"markers":1,"eligible":1,"skippedState":0,"skippedProcessed":0,"skippedReply":1},"conversation":null,"flowId":null}
2026-08-06T10:10:11.943Z cycle-start {}
2026-08-06T10:10:12.301Z cycle-result {"status":"idle","diagnostic":{"url":"https://www.instagram.com/direct/inbox/","rows":1,"markers":1,"eligible":1,"skippedState":0,"skippedProcessed":0,"skippedReply":1},"conversation":null,"flowId":null}
2026-08-06T10:10:13.953Z cycle-start {}
2026-08-06T10:10:14.313Z cycle-result {"status":"idle","diagnostic":{"url":"https://www.instagram.com/direct/inbox/","rows":1,"markers":1,"eligible":1,"skippedState":0,"skippedProcessed":0,"skippedReply":1},"conversation":null,"flowId":null}
2026-08-06T10:10:15.959Z cycle-start {}
2026-08-06T10:10:16.321Z cycle-result {"status":"idle","diagnostic":{"url":"https://www.instagram.com/direct/inbox/","rows":1,"markers":1,"eligible":1,"skippedState":0,"skippedProcessed":0,"skippedReply":1},"conversation":null,"flowId":null}
2026-08-06T10:10:17.967Z cycle-start {}
2026-08-06T10:10:18.339Z cycle-result {"status":"idle","diagnostic":{"url":"https://www.instagram.com/direct/inbox/","rows":1,"markers":1,"eligible":1,"skippedState":0,"skippedProcessed":0,"skippedReply":1},"conversation":null,"flowId":null}
2026-08-06T10:10:19.969Z cycle-start {}
2026-08-06T10:10:20.330Z cycle-result {"status":"idle","diagnostic":{"url":"https://www.instagram.com/direct/inbox/","rows":1,"markers":1,"eligible":1,"skippedState":0,"skippedProcessed":0,"skippedReply":1},"conversation":null,"flowId":null}
2026-08-06T10:10:21.973Z cycle-start {}
2026-08-06T10:10:22.331Z cycle-result {"status":"idle","diagnostic":{"url":"https://www.instagram.com/direct/inbox/","rows":1,"markers":1,"eligible":1,"skippedState":0,"skippedProcessed":0,"skippedReply":1},"conversation":null,"flowId":null}
2026-08-06T10:10:23.984Z cycle-start {}
2026-08-06T10:10:24.346Z cycle-result {"status":"idle","diagnostic":{"url":"https://www.instagram.com/direct/inbox/","rows":1,"markers":1,"eligible":1,"skippedState":0,"skippedProcessed":0,"skippedReply":1},"conversation":null,"flowId":null}
2026-08-06T10:10:25.998Z cycle-start {}
2026-08-06T10:10:26.357Z cycle-result {"status":"idle","diagnostic":{"url":"https://www.instagram.com/direct/inbox/","rows":1,"markers":1,"eligible":1,"skippedState":0,"skippedProcessed":0,"skippedReply":1},"conversation":null,"flowId":null}
2026-08-06T10:10:28.008Z cycle-start {}
2026-08-06T10:10:28.381Z cycle-result {"status":"idle","diagnostic":{"url":"https://www.instagram.com/direct/inbox/","rows":1,"markers":1,"eligible":1,"skippedState":0,"skippedProcessed":0,"skippedReply":1},"conversation":null,"flowId":null}
2026-08-06T10:10:30.022Z cycle-start {}
2026-08-06T10:10:30.394Z cycle-result {"status":"idle","diagnostic":{"url":"https://www.instagram.com/direct/inbox/","rows":1,"markers":1,"eligible":1,"skippedState":0,"skippedProcessed":0,"skippedReply":1},"conversation":null,"flowId":null}
2026-08-06T10:10:32.027Z cycle-start {}
2026-08-06T10:10:32.388Z cycle-result {"status":"idle","diagnostic":{"url":"https://www.instagram.com/direct/inbox/","rows":1,"markers":1,"eligible":1,"skippedState":0,"skippedProcessed":0,"skippedReply":1},"conversation":null,"flowId":null}
2026-08-06T10:10:34.032Z cycle-start {}
2026-08-06T10:10:34.391Z cycle-result {"status":"idle","diagnostic":{"url":"https://www.instagram.com/direct/inbox/","rows":1,"markers":1,"eligible":1,"skippedState":0,"skippedProcessed":0,"skippedReply":1},"conversation":null,"flowId":null}
2026-08-06T10:10:36.039Z cycle-start {}
2026-08-06T10:10:36.399Z cycle-result {"status":"idle","diagnostic":{"url":"https://www.instagram.com/direct/inbox/","rows":1,"markers":1,"eligible":1,"skippedState":0,"skippedProcessed":0,"skippedReply":1},"conversation":null,"flowId":null}
2026-08-06T10:10:38.047Z cycle-start {}
2026-08-06T10:10:38.405Z cycle-result {"status":"idle","diagnostic":{"url":"https://www.instagram.com/direct/inbox/","rows":1,"markers":1,"eligible":1,"skippedState":0,"skippedProcessed":0,"skippedReply":1},"conversation":null,"flowId":null}
2026-08-06T10:10:40.057Z cycle-start {}
2026-08-06T10:10:40.416Z cycle-result {"status":"idle","diagnostic":{"url":"https://www.instagram.com/direct/inbox/","rows":1,"markers":1,"eligible":1,"skippedState":0,"skippedProcessed":0,"skippedReply":1},"conversation":null,"flowId":null}
2026-08-06T10:10:42.061Z cycle-start {}
2026-08-06T10:10:42.422Z cycle-result {"status":"idle","diagnostic":{"url":"https://www.instagram.com/direct/inbox/","rows":1,"markers":1,"eligible":1,"skippedState":0,"skippedProcessed":0,"skippedReply":1},"conversation":null,"flowId":null}
2026-08-06T10:10:44.070Z cycle-start {}
2026-08-06T10:10:44.428Z cycle-result {"status":"idle","diagnostic":{"url":"https://www.instagram.com/direct/inbox/","rows":1,"markers":1,"eligible":1,"skippedState":0,"skippedProcessed":0,"skippedReply":1},"conversation":null,"flowId":null}
2026-08-06T10:10:46.075Z cycle-start {}
2026-08-06T10:10:46.435Z cycle-result {"status":"idle","diagnostic":{"url":"https://www.instagram.com/direct/inbox/","rows":1,"markers":1,"eligible":1,"skippedState":0,"skippedProcessed":0,"skippedReply":1},"conversation":null,"flowId":null}
2026-08-06T10:10:48.086Z cycle-start {}
2026-08-06T10:10:48.443Z cycle-result {"status":"idle","diagnostic":{"url":"https://www.instagram.com/direct/inbox/","rows":1,"markers":1,"eligible":1,"skippedState":0,"skippedProcessed":0,"skippedReply":1},"conversation":null,"flowId":null}
2026-08-06T10:10:50.091Z cycle-start {}
2026-08-06T10:10:50.447Z cycle-result {"status":"idle","diagnostic":{"url":"https://www.instagram.com/direct/inbox/","rows":1,"markers":1,"eligible":1,"skippedState":0,"skippedProcessed":0,"skippedReply":1},"conversation":null,"flowId":null}
2026-08-06T10:10:52.091Z cycle-start {}
2026-08-06T10:10:52.451Z cycle-result {"status":"idle","diagnostic":{"url":"https://www.instagram.com/direct/inbox/","rows":1,"markers":1,"eligible":1,"skippedState":0,"skippedProcessed":0,"skippedReply":1},"conversation":null,"flowId":null}
2026-08-06T10:10:54.095Z cycle-start {}
2026-08-06T10:10:54.458Z cycle-result {"status":"idle","diagnostic":{"url":"https://www.instagram.com/direct/inbox/","rows":1,"markers":1,"eligible":1,"skippedState":0,"skippedProcessed":0,"skippedReply":1},"conversation":null,"flowId":null}
2026-08-06T10:10:56.103Z cycle-start {}
2026-08-06T10:10:56.459Z cycle-result {"status":"idle","diagnostic":{"url":"https://www.instagram.com/direct/inbox/","rows":1,"markers":1,"eligible":1,"skippedState":0,"skippedProcessed":0,"skippedReply":1},"conversation":null,"flowId":null}
2026-08-06T10:10:58.113Z cycle-start {}
2026-08-06T10:10:58.471Z cycle-result {"status":"idle","diagnostic":{"url":"https://www.instagram.com/direct/inbox/","rows":1,"markers":1,"eligible":1,"skippedState":0,"skippedProcessed":0,"skippedReply":1},"conversation":null,"flowId":null}
2026-08-06T10:11:00.116Z cycle-start {}
2026-08-06T10:11:00.485Z cycle-result {"status":"idle","diagnostic":{"url":"https://www.instagram.com/direct/inbox/","rows":1,"markers":1,"eligible":1,"skippedState":0,"skippedProcessed":0,"skippedReply":1},"conversation":null,"flowId":null}
2026-08-06T10:11:02.123Z cycle-start {}
2026-08-06T10:11:02.490Z cycle-result {"status":"idle","diagnostic":{"url":"https://www.instagram.com/direct/inbox/","rows":1,"markers":1,"eligible":1,"skippedState":0,"skippedProcessed":0,"skippedReply":1},"conversation":null,"flowId":null}
2026-08-06T10:11:04.123Z cycle-start {}
2026-08-06T10:11:04.491Z cycle-result {"status":"idle","diagnostic":{"url":"https://www.instagram.com/direct/inbox/","rows":1,"markers":1,"eligible":1,"skippedState":0,"skippedProcessed":0,"skippedReply":1},"conversation":null,"flowId":null}
2026-08-06T10:11:06.137Z cycle-start {}
2026-08-06T10:11:06.496Z cycle-result {"status":"idle","diagnostic":{"url":"https://www.instagram.com/direct/inbox/","rows":1,"markers":1,"eligible":1,"skippedState":0,"skippedProcessed":0,"skippedReply":1},"conversation":null,"flowId":null}
2026-08-06T10:11:08.146Z cycle-start {}
2026-08-06T10:11:08.504Z cycle-result {"status":"idle","diagnostic":{"url":"https://www.instagram.com/direct/inbox/","rows":1,"markers":1,"eligible":1,"skippedState":0,"skippedProcessed":0,"skippedReply":1},"conversation":null,"flowId":null}
2026-08-06T10:11:10.153Z cycle-start {}
2026-08-06T10:11:10.514Z cycle-result {"status":"idle","diagnostic":{"url":"https://www.instagram.com/direct/inbox/","rows":1,"markers":1,"eligible":1,"skippedState":0,"skippedProcessed":0,"skippedReply":1},"conversation":null,"flowId":null}
2026-08-06T10:11:12.164Z cycle-start {}
2026-08-06T10:11:12.523Z cycle-result {"status":"idle","diagnostic":{"url":"https://www.instagram.com/direct/inbox/","rows":1,"markers":1,"eligible":1,"skippedState":0,"skippedProcessed":0,"skippedReply":1},"conversation":null,"flowId":null}
2026-08-06T10:11:14.173Z cycle-start {}
2026-08-06T10:11:14.531Z cycle-result {"status":"idle","diagnostic":{"url":"https://www.instagram.com/direct/inbox/","rows":1,"markers":1,"eligible":1,"skippedState":0,"skippedProcessed":0,"skippedReply":1},"conversation":null,"flowId":null}
2026-08-06T10:11:16.176Z cycle-start {}
2026-08-06T10:11:16.531Z cycle-result {"status":"idle","diagnostic":{"url":"https://www.instagram.com/direct/inbox/","rows":1,"markers":1,"eligible":1,"skippedState":0,"skippedProcessed":0,"skippedReply":1},"conversation":null,"flowId":null}
2026-08-06T10:11:18.177Z cycle-start {}
2026-08-06T10:11:18.539Z cycle-result {"status":"idle","diagnostic":{"url":"https://www.instagram.com/direct/inbox/","rows":1,"markers":1,"eligible":1,"skippedState":0,"skippedProcessed":0,"skippedReply":1},"conversation":null,"flowId":null}
2026-08-06T10:11:20.189Z cycle-start {}
2026-08-06T10:11:20.549Z cycle-result {"status":"idle","diagnostic":{"url":"https://www.instagram.com/direct/inbox/","rows":1,"markers":1,"eligible":1,"skippedState":0,"skippedProcessed":0,"skippedReply":1},"conversation":null,"flowId":null}
2026-08-06T10:11:22.198Z cycle-start {}
2026-08-06T10:11:22.561Z cycle-result {"status":"idle","diagnostic":{"url":"https://www.instagram.com/direct/inbox/","rows":1,"markers":1,"eligible":1,"skippedState":0,"skippedProcessed":0,"skippedReply":1},"conversation":null,"flowId":null}
2026-08-06T10:11:24.200Z cycle-start {}
2026-08-06T10:11:24.559Z cycle-result {"status":"idle","diagnostic":{"url":"https://www.instagram.com/direct/inbox/","rows":1,"markers":1,"eligible":1,"skippedState":0,"skippedProcessed":0,"skippedReply":1},"conversation":null,"flowId":null}
2026-08-06T10:11:26.212Z cycle-start {}
2026-08-06T10:11:26.571Z cycle-result {"status":"idle","diagnostic":{"url":"https://www.instagram.com/direct/inbox/","rows":1,"markers":1,"eligible":1,"skippedState":0,"skippedProcessed":0,"skippedReply":1},"conversation":null,"flowId":null}
2026-08-06T10:11:28.220Z cycle-start {}
2026-08-06T10:11:28.582Z cycle-result {"status":"idle","diagnostic":{"url":"https://www.instagram.com/direct/inbox/","rows":1,"markers":1,"eligible":1,"skippedState":0,"skippedProcessed":0,"skippedReply":1},"conversation":null,"flowId":null}
2026-08-06T10:11:30.231Z cycle-start {}
2026-08-06T10:11:30.590Z cycle-result {"status":"idle","diagnostic":{"url":"https://www.instagram.com/direct/inbox/","rows":1,"markers":1,"eligible":1,"skippedState":0,"skippedProcessed":0,"skippedReply":1},"conversation":null,"flowId":null}
2026-08-06T10:11:32.244Z cycle-start {}
2026-08-06T10:11:32.605Z cycle-result {"status":"idle","diagnostic":{"url":"https://www.instagram.com/direct/inbox/","rows":1,"markers":1,"eligible":1,"skippedState":0,"skippedProcessed":0,"skippedReply":1},"conversation":null,"flowId":null}
2026-08-06T10:11:34.256Z cycle-start {}
2026-08-06T10:11:34.614Z cycle-result {"status":"idle","diagnostic":{"url":"https://www.instagram.com/direct/inbox/","rows":1,"markers":1,"eligible":1,"skippedState":0,"skippedProcessed":0,"skippedReply":1},"conversation":null,"flowId":null}
2026-08-06T10:11:36.268Z cycle-start {}
2026-08-06T10:11:36.627Z cycle-result {"status":"idle","diagnostic":{"url":"https://www.instagram.com/direct/inbox/","rows":1,"markers":1,"eligible":1,"skippedState":0,"skippedProcessed":0,"skippedReply":1},"conversation":null,"flowId":null}
2026-08-06T10:11:38.274Z cycle-start {}
2026-08-06T10:11:38.633Z cycle-result {"status":"idle","diagnostic":{"url":"https://www.instagram.com/direct/inbox/","rows":1,"markers":1,"eligible":1,"skippedState":0,"skippedProcessed":0,"skippedReply":1},"conversation":null,"flowId":null}
2026-08-06T10:11:40.277Z cycle-start {}
2026-08-06T10:11:40.638Z cycle-result {"status":"idle","diagnostic":{"url":"https://www.instagram.com/direct/inbox/","rows":1,"markers":1,"eligible":1,"skippedState":0,"skippedProcessed":0,"skippedReply":1},"conversation":null,"flowId":null}
2026-08-06T10:11:42.282Z cycle-start {}
2026-08-06T10:11:42.638Z cycle-result {"status":"idle","diagnostic":{"url":"https://www.instagram.com/direct/inbox/","rows":1,"markers":1,"eligible":1,"skippedState":0,"skippedProcessed":0,"skippedReply":1},"conversation":null,"flowId":null}
2026-08-06T10:11:44.281Z cycle-start {}
2026-08-06T10:11:44.654Z cycle-result {"status":"idle","diagnostic":{"url":"https://www.instagram.com/direct/inbox/","rows":1,"markers":1,"eligible":1,"skippedState":0,"skippedProcessed":0,"skippedReply":1},"conversation":null,"flowId":null}
2026-08-06T10:11:46.289Z cycle-start {}
2026-08-06T10:11:46.644Z cycle-result {"status":"idle","diagnostic":{"url":"https://www.instagram.com/direct/inbox/","rows":1,"markers":0,"eligible":0,"skippedState":0,"skippedProcessed":0,"skippedReply":0},"conversation":null,"flowId":null}
2026-08-06T10:11:48.295Z cycle-start {}
2026-08-06T10:11:48.660Z cycle-result {"status":"idle","diagnostic":{"url":"https://www.instagram.com/direct/inbox/","rows":1,"markers":1,"eligible":1,"skippedState":0,"skippedProcessed":0,"skippedReply":1},"conversation":null,"flowId":null}
2026-08-06T10:11:50.299Z cycle-start {}
2026-08-06T10:11:50.660Z cycle-result {"status":"idle","diagnostic":{"url":"https://www.instagram.com/direct/inbox/","rows":1,"markers":1,"eligible":1,"skippedState":0,"skippedProcessed":0,"skippedReply":1},"conversation":null,"flowId":null}
2026-08-06T10:11:52.308Z cycle-start {}
2026-08-06T10:11:52.666Z cycle-result {"status":"idle","diagnostic":{"url":"https://www.instagram.com/direct/inbox/","rows":1,"markers":1,"eligible":1,"skippedState":0,"skippedProcessed":0,"skippedReply":1},"conversation":null,"flowId":null}
2026-08-06T10:11:54.320Z cycle-start {}
2026-08-06T10:11:54.681Z cycle-result {"status":"idle","diagnostic":{"url":"https://www.instagram.com/direct/inbox/","rows":1,"markers":1,"eligible":1,"skippedState":0,"skippedProcessed":0,"skippedReply":1},"conversation":null,"flowId":null}
2026-08-06T10:11:56.323Z cycle-start {}
2026-08-06T10:11:56.681Z cycle-result {"status":"idle","diagnostic":{"url":"https://www.instagram.com/direct/inbox/","rows":1,"markers":1,"eligible":1,"skippedState":0,"skippedProcessed":0,"skippedReply":1},"conversation":null,"flowId":null}
2026-08-06T10:11:58.330Z cycle-start {}
2026-08-06T10:11:58.689Z cycle-result {"status":"idle","diagnostic":{"url":"https://www.instagram.com/direct/inbox/","rows":1,"markers":1,"eligible":1,"skippedState":0,"skippedProcessed":0,"skippedReply":1},"conversation":null,"flowId":null}
2026-08-06T10:12:00.342Z cycle-start {}
2026-08-06T10:12:00.702Z cycle-result {"status":"idle","diagnostic":{"url":"https://www.instagram.com/direct/inbox/","rows":1,"markers":1,"eligible":1,"skippedState":0,"skippedProcessed":0,"skippedReply":1},"conversation":null,"flowId":null}
2026-08-06T10:12:02.352Z cycle-start {}
2026-08-06T10:12:02.713Z cycle-result {"status":"idle","diagnostic":{"url":"https://www.instagram.com/direct/inbox/","rows":1,"markers":1,"eligible":1,"skippedState":0,"skippedProcessed":0,"skippedReply":1},"conversation":null,"flowId":null}
2026-08-06T10:12:04.356Z cycle-start {}
2026-08-06T10:12:04.715Z cycle-result {"status":"idle","diagnostic":{"url":"https://www.instagram.com/direct/inbox/","rows":1,"markers":1,"eligible":1,"skippedState":0,"skippedProcessed":0,"skippedReply":1},"conversation":null,"flowId":null}
2026-08-06T10:12:06.363Z cycle-start {}
2026-08-06T10:12:06.723Z cycle-result {"status":"idle","diagnostic":{"url":"https://www.instagram.com/direct/inbox/","rows":1,"markers":1,"eligible":1,"skippedState":0,"skippedProcessed":0,"skippedReply":1},"conversation":null,"flowId":null}
2026-08-06T10:12:08.377Z cycle-start {}
2026-08-06T10:12:08.737Z cycle-result {"status":"idle","diagnostic":{"url":"https://www.instagram.com/direct/inbox/","rows":1,"markers":1,"eligible":1,"skippedState":0,"skippedProcessed":0,"skippedReply":1},"conversation":null,"flowId":null}
2026-08-06T10:12:10.387Z cycle-start {}
2026-08-06T10:12:10.749Z cycle-result {"status":"idle","diagnostic":{"url":"https://www.instagram.com/direct/inbox/","rows":1,"markers":1,"eligible":1,"skippedState":0,"skippedProcessed":0,"skippedReply":1},"conversation":null,"flowId":null}
2026-08-06T10:12:12.389Z cycle-start {}
2026-08-06T10:12:12.752Z cycle-result {"status":"idle","diagnostic":{"url":"https://www.instagram.com/direct/inbox/","rows":1,"markers":1,"eligible":1,"skippedState":0,"skippedProcessed":0,"skippedReply":1},"conversation":null,"flowId":null}
2026-08-06T10:12:14.399Z cycle-start {}
2026-08-06T10:12:14.775Z cycle-result {"status":"idle","diagnostic":{"url":"https://www.instagram.com/direct/inbox/","rows":1,"markers":1,"eligible":1,"skippedState":0,"skippedProcessed":0,"skippedReply":1},"conversation":null,"flowId":null}
2026-08-06T10:12:16.408Z cycle-start {}
2026-08-06T10:12:16.767Z cycle-result {"status":"idle","diagnostic":{"url":"https://www.instagram.com/direct/inbox/","rows":1,"markers":1,"eligible":1,"skippedState":0,"skippedProcessed":0,"skippedReply":1},"conversation":null,"flowId":null}
2026-08-06T10:12:18.415Z cycle-start {}
2026-08-06T10:12:18.773Z cycle-result {"status":"idle","diagnostic":{"url":"https://www.instagram.com/direct/inbox/","rows":1,"markers":1,"eligible":1,"skippedState":0,"skippedProcessed":0,"skippedReply":1},"conversation":null,"flowId":null}
2026-08-06T10:12:20.426Z cycle-start {}
2026-08-06T10:12:20.785Z cycle-result {"status":"idle","diagnostic":{"url":"https://www.instagram.com/direct/inbox/","rows":1,"markers":1,"eligible":1,"skippedState":0,"skippedProcessed":0,"skippedReply":1},"conversation":null,"flowId":null}
2026-08-06T10:12:22.431Z cycle-start {}
2026-08-06T10:12:22.792Z cycle-result {"status":"idle","diagnostic":{"url":"https://www.instagram.com/direct/inbox/","rows":1,"markers":1,"eligible":1,"skippedState":0,"skippedProcessed":0,"skippedReply":1},"conversation":null,"flowId":null}
2026-08-06T10:12:24.434Z cycle-start {}
2026-08-06T10:12:24.795Z cycle-result {"status":"idle","diagnostic":{"url":"https://www.instagram.com/direct/inbox/","rows":1,"markers":1,"eligible":1,"skippedState":0,"skippedProcessed":0,"skippedReply":1},"conversation":null,"flowId":null}
2026-08-06T10:12:26.447Z cycle-start {}
2026-08-06T10:12:26.805Z cycle-result {"status":"idle","diagnostic":{"url":"https://www.instagram.com/direct/inbox/","rows":1,"markers":1,"eligible":1,"skippedState":0,"skippedProcessed":0,"skippedReply":1},"conversation":null,"flowId":null}
2026-08-06T10:12:28.449Z cycle-start {}
2026-08-06T10:12:28.810Z cycle-result {"status":"idle","diagnostic":{"url":"https://www.instagram.com/direct/inbox/","rows":1,"markers":1,"eligible":1,"skippedState":0,"skippedProcessed":0,"skippedReply":1},"conversation":null,"flowId":null}
2026-08-06T10:12:30.461Z cycle-start {}
2026-08-06T10:12:30.821Z cycle-result {"status":"idle","diagnostic":{"url":"https://www.instagram.com/direct/inbox/","rows":1,"markers":1,"eligible":1,"skippedState":0,"skippedProcessed":0,"skippedReply":1},"conversation":null,"flowId":null}
2026-08-06T10:12:32.463Z cycle-start {}
2026-08-06T10:12:32.820Z cycle-result {"status":"idle","diagnostic":{"url":"https://www.instagram.com/direct/inbox/","rows":1,"markers":1,"eligible":1,"skippedState":0,"skippedProcessed":0,"skippedReply":1},"conversation":null,"flowId":null}
2026-08-06T10:12:34.463Z cycle-start {}
2026-08-06T10:12:34.833Z cycle-result {"status":"idle","diagnostic":{"url":"https://www.instagram.com/direct/inbox/","rows":1,"markers":1,"eligible":1,"skippedState":0,"skippedProcessed":0,"skippedReply":1},"conversation":null,"flowId":null}
2026-08-06T10:12:36.468Z cycle-start {}
2026-08-06T10:12:36.827Z cycle-result {"status":"idle","diagnostic":{"url":"https://www.instagram.com/direct/inbox/","rows":1,"markers":1,"eligible":1,"skippedState":0,"skippedProcessed":0,"skippedReply":1},"conversation":null,"flowId":null}
2026-08-06T10:12:38.472Z cycle-start {}
2026-08-06T10:12:38.840Z cycle-result {"status":"idle","diagnostic":{"url":"https://www.instagram.com/direct/inbox/","rows":1,"markers":1,"eligible":1,"skippedState":0,"skippedProcessed":0,"skippedReply":1},"conversation":null,"flowId":null}
2026-08-06T10:12:40.488Z cycle-start {}
2026-08-06T10:12:40.859Z cycle-result {"status":"idle","diagnostic":{"url":"https://www.instagram.com/direct/inbox/","rows":1,"markers":1,"eligible":1,"skippedState":0,"skippedProcessed":0,"skippedReply":1},"conversation":null,"flowId":null}
2026-08-06T10:12:42.489Z cycle-start {}
2026-08-06T10:12:42.848Z cycle-result {"status":"idle","diagnostic":{"url":"https://www.instagram.com/direct/inbox/","rows":1,"markers":1,"eligible":1,"skippedState":0,"skippedProcessed":0,"skippedReply":1},"conversation":null,"flowId":null}
2026-08-06T10:12:44.494Z cycle-start {}
2026-08-06T10:12:44.853Z cycle-result {"status":"idle","diagnostic":{"url":"https://www.instagram.com/direct/inbox/","rows":1,"markers":1,"eligible":1,"skippedState":0,"skippedProcessed":0,"skippedReply":1},"conversation":null,"flowId":null}
2026-08-06T10:12:46.506Z cycle-start {}
2026-08-06T10:12:46.873Z cycle-result {"status":"idle","diagnostic":{"url":"https://www.instagram.com/direct/inbox/","rows":1,"markers":1,"eligible":1,"skippedState":0,"skippedProcessed":0,"skippedReply":1},"conversation":null,"flowId":null}
2026-08-06T10:12:48.511Z cycle-start {}
2026-08-06T10:12:48.872Z cycle-result {"status":"idle","diagnostic":{"url":"https://www.instagram.com/direct/inbox/","rows":1,"markers":1,"eligible":1,"skippedState":0,"skippedProcessed":0,"skippedReply":1},"conversation":null,"flowId":null}
2026-08-06T10:12:50.515Z cycle-start {}
2026-08-06T10:12:50.885Z cycle-result {"status":"idle","diagnostic":{"url":"https://www.instagram.com/direct/inbox/","rows":1,"markers":1,"eligible":1,"skippedState":0,"skippedProcessed":0,"skippedReply":1},"conversation":null,"flowId":null}
2026-08-06T10:12:52.528Z cycle-start {}
2026-08-06T10:12:52.899Z cycle-result {"status":"idle","diagnostic":{"url":"https://www.instagram.com/direct/inbox/","rows":1,"markers":1,"eligible":1,"skippedState":0,"skippedProcessed":0,"skippedReply":1},"conversation":null,"flowId":null}
2026-08-06T10:12:54.532Z cycle-start {}
2026-08-06T10:12:54.891Z cycle-result {"status":"idle","diagnostic":{"url":"https://www.instagram.com/direct/inbox/","rows":1,"markers":1,"eligible":1,"skippedState":0,"skippedProcessed":0,"skippedReply":1},"conversation":null,"flowId":null}
2026-08-06T10:12:56.545Z cycle-start {}
2026-08-06T10:12:56.915Z cycle-result {"status":"idle","diagnostic":{"url":"https://www.instagram.com/direct/inbox/","rows":1,"markers":1,"eligible":1,"skippedState":0,"skippedProcessed":0,"skippedReply":1},"conversation":null,"flowId":null}
2026-08-06T10:12:58.550Z cycle-start {}
2026-08-06T10:12:58.917Z cycle-result {"status":"idle","diagnostic":{"url":"https://www.instagram.com/direct/inbox/","rows":1,"markers":1,"eligible":1,"skippedState":0,"skippedProcessed":0,"skippedReply":1},"conversation":null,"flowId":null}
2026-08-06T10:13:00.550Z cycle-start {}
2026-08-06T10:13:00.909Z cycle-result {"status":"idle","diagnostic":{"url":"https://www.instagram.com/direct/inbox/","rows":1,"markers":1,"eligible":1,"skippedState":0,"skippedProcessed":0,"skippedReply":1},"conversation":null,"flowId":null}
2026-08-06T10:13:02.554Z cycle-start {}
2026-08-06T10:13:02.917Z cycle-result {"status":"idle","diagnostic":{"url":"https://www.instagram.com/direct/inbox/","rows":1,"markers":1,"eligible":1,"skippedState":0,"skippedProcessed":0,"skippedReply":1},"conversation":null,"flowId":null}
2026-08-06T10:13:04.560Z cycle-start {}
2026-08-06T10:13:04.922Z cycle-result {"status":"idle","diagnostic":{"url":"https://www.instagram.com/direct/inbox/","rows":1,"markers":1,"eligible":1,"skippedState":0,"skippedProcessed":0,"skippedReply":1},"conversation":null,"flowId":null}
2026-08-06T10:13:06.567Z cycle-start {}
2026-08-06T10:13:06.924Z cycle-result {"status":"idle","diagnostic":{"url":"https://www.instagram.com/direct/inbox/","rows":1,"markers":1,"eligible":1,"skippedState":0,"skippedProcessed":0,"skippedReply":1},"conversation":null,"flowId":null}
2026-08-06T10:13:08.568Z cycle-start {}
2026-08-06T10:13:08.936Z cycle-result {"status":"idle","diagnostic":{"url":"https://www.instagram.com/direct/inbox/","rows":1,"markers":1,"eligible":1,"skippedState":0,"skippedProcessed":0,"skippedReply":1},"conversation":null,"flowId":null}
2026-08-06T10:13:10.572Z cycle-start {}
2026-08-06T10:13:10.943Z cycle-result {"status":"idle","diagnostic":{"url":"https://www.instagram.com/direct/inbox/","rows":1,"markers":1,"eligible":1,"skippedState":0,"skippedProcessed":0,"skippedReply":1},"conversation":null,"flowId":null}
2026-08-06T10:13:12.576Z cycle-start {}
2026-08-06T10:13:12.937Z cycle-result {"status":"idle","diagnostic":{"url":"https://www.instagram.com/direct/inbox/","rows":1,"markers":1,"eligible":1,"skippedState":0,"skippedProcessed":0,"skippedReply":1},"conversation":null,"flowId":null}
2026-08-06T10:13:14.585Z cycle-start {}
2026-08-06T10:13:14.952Z cycle-result {"status":"idle","diagnostic":{"url":"https://www.instagram.com/direct/inbox/","rows":1,"markers":1,"eligible":1,"skippedState":0,"skippedProcessed":0,"skippedReply":1},"conversation":null,"flowId":null}
2026-08-06T10:15:11.454Z global-toggle {"enabled":false}
2026-08-06T10:15:12.619Z global-toggle {"enabled":true}
2026-08-06T10:15:12.621Z cycle-start {}
2026-08-06T10:15:12.623Z probe-load {"url":"https://www.instagram.com/direct/inbox/"}
2026-08-06T10:15:14.007Z cycle-result {"status":"idle","diagnostic":{"url":"https://www.instagram.com/direct/inbox/","rows":1,"markers":1,"eligible":1,"skippedState":0,"skippedProcessed":0,"skippedReply":1,"automaticReplies":0,"activeAutomaticReply":false},"conversation":null,"flowId":null}
2026-08-06T10:15:14.628Z cycle-start {}
2026-08-06T10:15:14.995Z cycle-result {"status":"idle","diagnostic":{"url":"https://www.instagram.com/direct/inbox/","rows":1,"markers":1,"eligible":1,"skippedState":0,"skippedProcessed":0,"skippedReply":1,"automaticReplies":0,"activeAutomaticReply":false},"conversation":null,"flowId":null}
2026-08-06T10:15:16.630Z cycle-start {}
2026-08-06T10:15:16.988Z cycle-result {"status":"idle","diagnostic":{"url":"https://www.instagram.com/direct/inbox/","rows":1,"markers":1,"eligible":1,"skippedState":0,"skippedProcessed":0,"skippedReply":1,"automaticReplies":0,"activeAutomaticReply":false},"conversation":null,"flowId":null}
2026-08-06T10:15:18.632Z cycle-start {}
2026-08-06T10:15:18.990Z cycle-result {"status":"idle","diagnostic":{"url":"https://www.instagram.com/direct/inbox/","rows":1,"markers":1,"eligible":1,"skippedState":0,"skippedProcessed":0,"skippedReply":1,"automaticReplies":0,"activeAutomaticReply":false},"conversation":null,"flowId":null}
2026-08-06T10:15:20.636Z cycle-start {}
2026-08-06T10:15:20.997Z cycle-result {"status":"idle","diagnostic":{"url":"https://www.instagram.com/direct/inbox/","rows":1,"markers":1,"eligible":1,"skippedState":0,"skippedProcessed":0,"skippedReply":1,"automaticReplies":0,"activeAutomaticReply":false},"conversation":null,"flowId":null}
2026-08-06T10:15:22.638Z cycle-start {}
2026-08-06T10:15:23.005Z cycle-result {"status":"idle","diagnostic":{"url":"https://www.instagram.com/direct/inbox/","rows":1,"markers":1,"eligible":1,"skippedState":0,"skippedProcessed":0,"skippedReply":1,"automaticReplies":0,"activeAutomaticReply":false},"conversation":null,"flowId":null}
2026-08-06T10:15:24.638Z cycle-start {}
2026-08-06T10:15:24.997Z cycle-result {"status":"idle","diagnostic":{"url":"https://www.instagram.com/direct/inbox/","rows":1,"markers":1,"eligible":1,"skippedState":0,"skippedProcessed":0,"skippedReply":1,"automaticReplies":0,"activeAutomaticReply":false},"conversation":null,"flowId":null}
2026-08-06T10:15:26.646Z cycle-start {}
2026-08-06T10:15:27.010Z cycle-result {"status":"idle","diagnostic":{"url":"https://www.instagram.com/direct/inbox/","rows":1,"markers":1,"eligible":1,"skippedState":0,"skippedProcessed":0,"skippedReply":1,"automaticReplies":0,"activeAutomaticReply":false},"conversation":null,"flowId":null}
2026-08-06T10:15:28.655Z cycle-start {}
2026-08-06T10:15:29.017Z cycle-result {"status":"idle","diagnostic":{"url":"https://www.instagram.com/direct/inbox/","rows":1,"markers":1,"eligible":1,"skippedState":0,"skippedProcessed":0,"skippedReply":1,"automaticReplies":0,"activeAutomaticReply":false},"conversation":null,"flowId":null}
2026-08-06T10:15:30.659Z cycle-start {}
2026-08-06T10:15:31.016Z cycle-result {"status":"idle","diagnostic":{"url":"https://www.instagram.com/direct/inbox/","rows":1,"markers":1,"eligible":1,"skippedState":0,"skippedProcessed":0,"skippedReply":1,"automaticReplies":0,"activeAutomaticReply":false},"conversation":null,"flowId":null}
2026-08-06T10:15:32.663Z cycle-start {}
2026-08-06T10:15:33.020Z cycle-result {"status":"idle","diagnostic":{"url":"https://www.instagram.com/direct/inbox/","rows":1,"markers":1,"eligible":1,"skippedState":0,"skippedProcessed":0,"skippedReply":1,"automaticReplies":0,"activeAutomaticReply":false},"conversation":null,"flowId":null}
2026-08-06T10:15:34.664Z cycle-start {}
2026-08-06T10:15:35.021Z cycle-result {"status":"idle","diagnostic":{"url":"https://www.instagram.com/direct/inbox/","rows":1,"markers":1,"eligible":1,"skippedState":0,"skippedProcessed":0,"skippedReply":1,"automaticReplies":0,"activeAutomaticReply":false},"conversation":null,"flowId":null}
2026-08-06T10:15:36.672Z cycle-start {}
2026-08-06T10:15:37.029Z cycle-result {"status":"idle","diagnostic":{"url":"https://www.instagram.com/direct/inbox/","rows":1,"markers":1,"eligible":1,"skippedState":0,"skippedProcessed":0,"skippedReply":1,"automaticReplies":0,"activeAutomaticReply":false},"conversation":null,"flowId":null}
2026-08-06T10:15:38.672Z cycle-start {}
2026-08-06T10:15:39.033Z cycle-result {"status":"idle","diagnostic":{"url":"https://www.instagram.com/direct/inbox/","rows":1,"markers":1,"eligible":1,"skippedState":0,"skippedProcessed":0,"skippedReply":1,"automaticReplies":0,"activeAutomaticReply":false},"conversation":null,"flowId":null}
2026-08-06T10:15:40.682Z cycle-start {}
2026-08-06T10:15:41.043Z cycle-result {"status":"idle","diagnostic":{"url":"https://www.instagram.com/direct/inbox/","rows":1,"markers":1,"eligible":1,"skippedState":0,"skippedProcessed":0,"skippedReply":1,"automaticReplies":0,"activeAutomaticReply":false},"conversation":null,"flowId":null}
2026-08-06T10:15:42.689Z cycle-start {}
2026-08-06T10:15:43.048Z cycle-result {"status":"idle","diagnostic":{"url":"https://www.instagram.com/direct/inbox/","rows":1,"markers":1,"eligible":1,"skippedState":0,"skippedProcessed":0,"skippedReply":1,"automaticReplies":0,"activeAutomaticReply":false},"conversation":null,"flowId":null}
2026-08-06T10:15:44.694Z cycle-start {}
2026-08-06T10:15:45.053Z cycle-result {"status":"idle","diagnostic":{"url":"https://www.instagram.com/direct/inbox/","rows":1,"markers":1,"eligible":1,"skippedState":0,"skippedProcessed":0,"skippedReply":1,"automaticReplies":0,"activeAutomaticReply":false},"conversation":null,"flowId":null}
2026-08-06T10:15:46.705Z cycle-start {}
2026-08-06T10:15:47.076Z cycle-result {"status":"idle","diagnostic":{"url":"https://www.instagram.com/direct/inbox/","rows":1,"markers":1,"eligible":1,"skippedState":0,"skippedProcessed":0,"skippedReply":1,"automaticReplies":0,"activeAutomaticReply":false},"conversation":null,"flowId":null}
2026-08-06T10:15:48.718Z cycle-start {}
2026-08-06T10:15:49.078Z cycle-result {"status":"idle","diagnostic":{"url":"https://www.instagram.com/direct/inbox/","rows":1,"markers":1,"eligible":1,"skippedState":0,"skippedProcessed":0,"skippedReply":1,"automaticReplies":0,"activeAutomaticReply":false},"conversation":null,"flowId":null}
2026-08-06T10:15:50.726Z cycle-start {}
2026-08-06T10:15:51.087Z cycle-result {"status":"idle","diagnostic":{"url":"https://www.instagram.com/direct/inbox/","rows":1,"markers":1,"eligible":1,"skippedState":0,"skippedProcessed":0,"skippedReply":1,"automaticReplies":0,"activeAutomaticReply":false},"conversation":null,"flowId":null}
2026-08-06T10:15:52.739Z cycle-start {}
2026-08-06T10:15:53.097Z cycle-result {"status":"idle","diagnostic":{"url":"https://www.instagram.com/direct/inbox/","rows":1,"markers":1,"eligible":1,"skippedState":0,"skippedProcessed":0,"skippedReply":1,"automaticReplies":0,"activeAutomaticReply":false},"conversation":null,"flowId":null}
2026-08-06T10:15:54.738Z cycle-start {}
2026-08-06T10:15:55.095Z cycle-result {"status":"idle","diagnostic":{"url":"https://www.instagram.com/direct/inbox/","rows":1,"markers":1,"eligible":1,"skippedState":0,"skippedProcessed":0,"skippedReply":1,"automaticReplies":0,"activeAutomaticReply":false},"conversation":null,"flowId":null}
2026-08-06T10:15:56.745Z cycle-start {}
2026-08-06T10:15:57.116Z cycle-result {"status":"idle","diagnostic":{"url":"https://www.instagram.com/direct/inbox/","rows":1,"markers":1,"eligible":1,"skippedState":0,"skippedProcessed":0,"skippedReply":1,"automaticReplies":0,"activeAutomaticReply":false},"conversation":null,"flowId":null}
2026-08-06T10:15:58.760Z cycle-start {}
2026-08-06T10:15:59.123Z cycle-result {"status":"idle","diagnostic":{"url":"https://www.instagram.com/direct/inbox/","rows":1,"markers":1,"eligible":1,"skippedState":0,"skippedProcessed":0,"skippedReply":1,"automaticReplies":0,"activeAutomaticReply":false},"conversation":null,"flowId":null}
2026-08-06T10:16:00.768Z cycle-start {}
2026-08-06T10:16:01.130Z cycle-result {"status":"idle","diagnostic":{"url":"https://www.instagram.com/direct/inbox/","rows":1,"markers":1,"eligible":1,"skippedState":0,"skippedProcessed":0,"skippedReply":1,"automaticReplies":0,"activeAutomaticReply":false},"conversation":null,"flowId":null}
2026-08-06T10:16:02.780Z cycle-start {}
2026-08-06T10:16:03.147Z cycle-result {"status":"idle","diagnostic":{"url":"https://www.instagram.com/direct/inbox/","rows":1,"markers":1,"eligible":1,"skippedState":0,"skippedProcessed":0,"skippedReply":1,"automaticReplies":0,"activeAutomaticReply":false},"conversation":null,"flowId":null}
2026-08-06T10:16:04.783Z cycle-start {}
2026-08-06T10:16:05.142Z cycle-result {"status":"idle","diagnostic":{"url":"https://www.instagram.com/direct/inbox/","rows":1,"markers":1,"eligible":1,"skippedState":0,"skippedProcessed":0,"skippedReply":1,"automaticReplies":0,"activeAutomaticReply":false},"conversation":null,"flowId":null}
2026-08-06T10:16:06.785Z cycle-start {}
2026-08-06T10:16:07.145Z cycle-result {"status":"idle","diagnostic":{"url":"https://www.instagram.com/direct/inbox/","rows":1,"markers":1,"eligible":1,"skippedState":0,"skippedProcessed":0,"skippedReply":1,"automaticReplies":0,"activeAutomaticReply":false},"conversation":null,"flowId":null}
2026-08-06T10:16:08.795Z cycle-start {}
2026-08-06T10:16:09.153Z cycle-result {"status":"idle","diagnostic":{"url":"https://www.instagram.com/direct/inbox/","rows":1,"markers":1,"eligible":1,"skippedState":0,"skippedProcessed":0,"skippedReply":1,"automaticReplies":0,"activeAutomaticReply":false},"conversation":null,"flowId":null}
2026-08-06T10:16:10.800Z cycle-start {}
2026-08-06T10:16:11.158Z cycle-result {"status":"idle","diagnostic":{"url":"https://www.instagram.com/direct/inbox/","rows":1,"markers":1,"eligible":1,"skippedState":0,"skippedProcessed":0,"skippedReply":1,"automaticReplies":0,"activeAutomaticReply":false},"conversation":null,"flowId":null}
2026-08-06T10:16:12.806Z cycle-start {}
2026-08-06T10:16:13.164Z cycle-result {"status":"idle","diagnostic":{"url":"https://www.instagram.com/direct/inbox/","rows":1,"markers":1,"eligible":1,"skippedState":0,"skippedProcessed":0,"skippedReply":1,"automaticReplies":0,"activeAutomaticReply":false},"conversation":null,"flowId":null}
2026-08-06T10:16:14.809Z cycle-start {}
2026-08-06T10:16:15.168Z cycle-result {"status":"idle","diagnostic":{"url":"https://www.instagram.com/direct/inbox/","rows":1,"markers":1,"eligible":1,"skippedState":0,"skippedProcessed":0,"skippedReply":1,"automaticReplies":0,"activeAutomaticReply":false},"conversation":null,"flowId":null}
2026-08-06T10:16:16.814Z cycle-start {}
2026-08-06T10:16:17.173Z cycle-result {"status":"idle","diagnostic":{"url":"https://www.instagram.com/direct/inbox/","rows":1,"markers":1,"eligible":1,"skippedState":0,"skippedProcessed":0,"skippedReply":1,"automaticReplies":0,"activeAutomaticReply":false},"conversation":null,"flowId":null}
2026-08-06T10:16:18.821Z cycle-start {}
2026-08-06T10:16:19.180Z cycle-result {"status":"idle","diagnostic":{"url":"https://www.instagram.com/direct/inbox/","rows":1,"markers":1,"eligible":1,"skippedState":0,"skippedProcessed":0,"skippedReply":1,"automaticReplies":0,"activeAutomaticReply":false},"conversation":null,"flowId":null}
2026-08-06T10:16:20.833Z cycle-start {}
2026-08-06T10:16:21.192Z cycle-result {"status":"idle","diagnostic":{"url":"https://www.instagram.com/direct/inbox/","rows":1,"markers":1,"eligible":1,"skippedState":0,"skippedProcessed":0,"skippedReply":1,"automaticReplies":0,"activeAutomaticReply":false},"conversation":null,"flowId":null}
2026-08-06T10:16:22.838Z cycle-start {}
2026-08-06T10:16:23.213Z cycle-result {"status":"idle","diagnostic":{"url":"https://www.instagram.com/direct/inbox/","rows":1,"markers":1,"eligible":1,"skippedState":0,"skippedProcessed":0,"skippedReply":1,"automaticReplies":0,"activeAutomaticReply":false},"conversation":null,"flowId":null}
2026-08-06T10:16:24.846Z cycle-start {}
2026-08-06T10:16:25.205Z cycle-result {"status":"idle","diagnostic":{"url":"https://www.instagram.com/direct/inbox/","rows":1,"markers":1,"eligible":1,"skippedState":0,"skippedProcessed":0,"skippedReply":1,"automaticReplies":0,"activeAutomaticReply":false},"conversation":null,"flowId":null}
2026-08-06T10:16:26.852Z cycle-start {}
2026-08-06T10:16:27.213Z cycle-result {"status":"idle","diagnostic":{"url":"https://www.instagram.com/direct/inbox/","rows":1,"markers":1,"eligible":1,"skippedState":0,"skippedProcessed":0,"skippedReply":1,"automaticReplies":0,"activeAutomaticReply":false},"conversation":null,"flowId":null}
2026-08-06T10:16:28.860Z cycle-start {}
2026-08-06T10:16:29.221Z cycle-result {"status":"idle","diagnostic":{"url":"https://www.instagram.com/direct/inbox/","rows":1,"markers":1,"eligible":1,"skippedState":0,"skippedProcessed":0,"skippedReply":1,"automaticReplies":0,"activeAutomaticReply":false},"conversation":null,"flowId":null}
2026-08-06T10:16:30.867Z cycle-start {}
2026-08-06T10:16:31.229Z cycle-result {"status":"idle","diagnostic":{"url":"https://www.instagram.com/direct/inbox/","rows":1,"markers":1,"eligible":1,"skippedState":0,"skippedProcessed":0,"skippedReply":1,"automaticReplies":0,"activeAutomaticReply":false},"conversation":null,"flowId":null}
2026-08-06T10:16:32.878Z cycle-start {}
2026-08-06T10:16:33.237Z cycle-result {"status":"idle","diagnostic":{"url":"https://www.instagram.com/direct/inbox/","rows":1,"markers":1,"eligible":1,"skippedState":0,"skippedProcessed":0,"skippedReply":1,"automaticReplies":0,"activeAutomaticReply":false},"conversation":null,"flowId":null}
2026-08-06T10:16:34.891Z cycle-start {}
2026-08-06T10:16:35.253Z cycle-result {"status":"idle","diagnostic":{"url":"https://www.instagram.com/direct/inbox/","rows":1,"markers":1,"eligible":1,"skippedState":0,"skippedProcessed":0,"skippedReply":1,"automaticReplies":0,"activeAutomaticReply":false},"conversation":null,"flowId":null}
2026-08-06T10:16:36.904Z cycle-start {}
2026-08-06T10:16:37.274Z cycle-result {"status":"idle","diagnostic":{"url":"https://www.instagram.com/direct/inbox/","rows":1,"markers":1,"eligible":1,"skippedState":0,"skippedProcessed":0,"skippedReply":1,"automaticReplies":0,"activeAutomaticReply":false},"conversation":null,"flowId":null}
2026-08-06T10:16:38.906Z cycle-start {}
2026-08-06T10:16:39.266Z cycle-result {"status":"idle","diagnostic":{"url":"https://www.instagram.com/direct/inbox/","rows":1,"markers":1,"eligible":1,"skippedState":0,"skippedProcessed":0,"skippedReply":1,"automaticReplies":0,"activeAutomaticReply":false},"conversation":null,"flowId":null}
2026-08-06T10:16:40.906Z cycle-start {}
2026-08-06T10:16:41.266Z cycle-result {"status":"idle","diagnostic":{"url":"https://www.instagram.com/direct/inbox/","rows":1,"markers":1,"eligible":1,"skippedState":0,"skippedProcessed":0,"skippedReply":1,"automaticReplies":0,"activeAutomaticReply":false},"conversation":null,"flowId":null}
2026-08-06T10:16:42.922Z cycle-start {}
2026-08-06T10:16:43.280Z cycle-result {"status":"idle","diagnostic":{"url":"https://www.instagram.com/direct/inbox/","rows":1,"markers":1,"eligible":1,"skippedState":0,"skippedProcessed":0,"skippedReply":1,"automaticReplies":0,"activeAutomaticReply":false},"conversation":null,"flowId":null}
2026-08-06T10:16:44.935Z cycle-start {}
2026-08-06T10:16:45.295Z cycle-result {"status":"idle","diagnostic":{"url":"https://www.instagram.com/direct/inbox/","rows":1,"markers":1,"eligible":1,"skippedState":0,"skippedProcessed":0,"skippedReply":1,"automaticReplies":0,"activeAutomaticReply":false},"conversation":null,"flowId":null}
2026-08-06T10:16:46.948Z cycle-start {}
2026-08-06T10:16:47.313Z cycle-result {"status":"idle","diagnostic":{"url":"https://www.instagram.com/direct/inbox/","rows":1,"markers":1,"eligible":1,"skippedState":0,"skippedProcessed":0,"skippedReply":1,"automaticReplies":0,"activeAutomaticReply":false},"conversation":null,"flowId":null}
2026-08-06T10:17:00.735Z cycle-start {}
2026-08-06T10:17:00.738Z probe-load {"url":"https://www.instagram.com/direct/inbox/"}
2026-08-06T10:17:02.873Z cycle-result {"status":"idle","diagnostic":{"url":"https://www.instagram.com/direct/inbox/","rows":1,"markers":1,"eligible":1,"skippedState":0,"skippedProcessed":0,"skippedReply":1,"automaticReplies":0,"activeAutomaticReply":false},"conversation":null,"flowId":null}
2026-08-06T10:17:04.755Z cycle-start {}
2026-08-06T10:17:05.117Z cycle-result {"status":"idle","diagnostic":{"url":"https://www.instagram.com/direct/inbox/","rows":1,"markers":1,"eligible":1,"skippedState":0,"skippedProcessed":0,"skippedReply":1,"automaticReplies":0,"activeAutomaticReply":false},"conversation":null,"flowId":null}
2026-08-06T10:17:06.758Z cycle-start {}
2026-08-06T10:17:07.115Z cycle-result {"status":"idle","diagnostic":{"url":"https://www.instagram.com/direct/inbox/","rows":1,"markers":1,"eligible":1,"skippedState":0,"skippedProcessed":0,"skippedReply":1,"automaticReplies":0,"activeAutomaticReply":false},"conversation":null,"flowId":null}
2026-08-06T10:17:08.758Z cycle-start {}
2026-08-06T10:17:09.115Z cycle-result {"status":"idle","diagnostic":{"url":"https://www.instagram.com/direct/inbox/","rows":1,"markers":1,"eligible":1,"skippedState":0,"skippedProcessed":0,"skippedReply":1,"automaticReplies":0,"activeAutomaticReply":false},"conversation":null,"flowId":null}
2026-08-06T10:17:10.759Z cycle-start {}
2026-08-06T10:17:11.126Z cycle-result {"status":"idle","diagnostic":{"url":"https://www.instagram.com/direct/inbox/","rows":1,"markers":0,"eligible":0,"skippedState":0,"skippedProcessed":0,"skippedReply":0,"automaticReplies":0,"activeAutomaticReply":false},"conversation":null,"flowId":null}
2026-08-06T10:17:12.770Z cycle-start {}
2026-08-06T10:17:13.130Z cycle-result {"status":"idle","diagnostic":{"url":"https://www.instagram.com/direct/inbox/","rows":1,"markers":0,"eligible":0,"skippedState":0,"skippedProcessed":0,"skippedReply":0,"automaticReplies":0,"activeAutomaticReply":false},"conversation":null,"flowId":null}
2026-08-06T10:17:14.783Z cycle-start {}
2026-08-06T10:17:15.153Z cycle-result {"status":"idle","diagnostic":{"url":"https://www.instagram.com/direct/inbox/","rows":1,"markers":1,"eligible":1,"skippedState":0,"skippedProcessed":0,"skippedReply":1,"automaticReplies":0,"activeAutomaticReply":false},"conversation":null,"flowId":null}
2026-08-06T10:17:16.791Z cycle-start {}
2026-08-06T10:17:17.160Z cycle-result {"status":"idle","diagnostic":{"url":"https://www.instagram.com/direct/inbox/","rows":1,"markers":1,"eligible":1,"skippedState":0,"skippedProcessed":0,"skippedReply":1,"automaticReplies":0,"activeAutomaticReply":false},"conversation":null,"flowId":null}
2026-08-06T10:17:18.806Z cycle-start {}
2026-08-06T10:17:19.177Z cycle-result {"status":"idle","diagnostic":{"url":"https://www.instagram.com/direct/inbox/","rows":1,"markers":1,"eligible":1,"skippedState":0,"skippedProcessed":0,"skippedReply":1,"automaticReplies":0,"activeAutomaticReply":false},"conversation":null,"flowId":null}
2026-08-06T10:17:20.809Z cycle-start {}
2026-08-06T10:17:21.179Z cycle-result {"status":"idle","diagnostic":{"url":"https://www.instagram.com/direct/inbox/","rows":1,"markers":1,"eligible":1,"skippedState":0,"skippedProcessed":0,"skippedReply":1,"automaticReplies":0,"activeAutomaticReply":false},"conversation":null,"flowId":null}
2026-08-06T10:17:22.816Z cycle-start {}
2026-08-06T10:17:23.176Z cycle-result {"status":"idle","diagnostic":{"url":"https://www.instagram.com/direct/inbox/","rows":1,"markers":1,"eligible":1,"skippedState":0,"skippedProcessed":0,"skippedReply":1,"automaticReplies":0,"activeAutomaticReply":false},"conversation":null,"flowId":null}
2026-08-06T10:18:35.056Z cycle-start {}
2026-08-06T10:18:35.059Z probe-load {"url":"https://www.instagram.com/direct/inbox/"}
2026-08-06T10:18:36.212Z config {"enabled":true,"hasText":true,"automaticReplies":1}
2026-08-06T10:18:36.234Z config {"enabled":true,"hasText":true,"automaticReplies":1}
2026-08-06T10:18:38.156Z cycle-result {"status":"sent","diagnostic":{"url":"https://www.instagram.com/direct/inbox/","rows":1,"markers":1,"eligible":1,"skippedState":0,"skippedProcessed":0,"skippedReply":0,"automaticReplies":1,"activeAutomaticReply":true},"conversation":"Conversa sem nome","flowId":null}
2026-08-06T10:18:39.066Z cycle-start {}
2026-08-06T10:18:39.429Z cycle-result {"status":"idle","diagnostic":{"url":"https://www.instagram.com/direct/inbox/","rows":1,"markers":0,"eligible":0,"skippedState":0,"skippedProcessed":0,"skippedReply":0,"automaticReplies":1,"activeAutomaticReply":false},"conversation":null,"flowId":null}
2026-08-06T10:18:41.081Z cycle-start {}
2026-08-06T10:18:41.440Z cycle-result {"status":"idle","diagnostic":{"url":"https://www.instagram.com/direct/inbox/","rows":1,"markers":0,"eligible":0,"skippedState":0,"skippedProcessed":0,"skippedReply":0,"automaticReplies":1,"activeAutomaticReply":false},"conversation":null,"flowId":null}
2026-08-06T10:18:43.092Z cycle-start {}
2026-08-06T10:18:43.453Z cycle-result {"status":"idle","diagnostic":{"url":"https://www.instagram.com/direct/inbox/","rows":1,"markers":0,"eligible":0,"skippedState":0,"skippedProcessed":0,"skippedReply":0,"automaticReplies":1,"activeAutomaticReply":false},"conversation":null,"flowId":null}
2026-08-06T10:18:45.103Z cycle-start {}
2026-08-06T10:18:45.461Z cycle-result {"status":"idle","diagnostic":{"url":"https://www.instagram.com/direct/inbox/","rows":1,"markers":0,"eligible":0,"skippedState":0,"skippedProcessed":0,"skippedReply":0,"automaticReplies":1,"activeAutomaticReply":false},"conversation":null,"flowId":null}
2026-08-06T10:18:47.111Z cycle-start {}
2026-08-06T10:18:47.470Z cycle-result {"status":"idle","diagnostic":{"url":"https://www.instagram.com/direct/inbox/","rows":1,"markers":0,"eligible":0,"skippedState":0,"skippedProcessed":0,"skippedReply":0,"automaticReplies":1,"activeAutomaticReply":false},"conversation":null,"flowId":null}
2026-08-06T10:18:49.119Z cycle-start {}
2026-08-06T10:18:49.477Z cycle-result {"status":"idle","diagnostic":{"url":"https://www.instagram.com/direct/inbox/","rows":1,"markers":0,"eligible":0,"skippedState":0,"skippedProcessed":0,"skippedReply":0,"automaticReplies":1,"activeAutomaticReply":false},"conversation":null,"flowId":null}
2026-08-06T10:18:51.128Z cycle-start {}
2026-08-06T10:18:51.487Z cycle-result {"status":"idle","diagnostic":{"url":"https://www.instagram.com/direct/inbox/","rows":1,"markers":0,"eligible":0,"skippedState":0,"skippedProcessed":0,"skippedReply":0,"automaticReplies":1,"activeAutomaticReply":false},"conversation":null,"flowId":null}
2026-08-06T10:18:53.141Z cycle-start {}
2026-08-06T10:18:54.704Z cycle-result {"status":"sent","diagnostic":{"url":"https://www.instagram.com/direct/inbox/","rows":1,"markers":1,"eligible":1,"skippedState":0,"skippedProcessed":0,"skippedReply":0,"automaticReplies":1,"activeAutomaticReply":true},"conversation":"Conversa sem nome","flowId":null}
2026-08-06T10:18:55.141Z cycle-start {}
2026-08-06T10:18:55.500Z cycle-result {"status":"idle","diagnostic":{"url":"https://www.instagram.com/direct/inbox/","rows":1,"markers":0,"eligible":0,"skippedState":0,"skippedProcessed":0,"skippedReply":0,"automaticReplies":1,"activeAutomaticReply":false},"conversation":null,"flowId":null}
2026-08-06T10:18:57.150Z cycle-start {}
2026-08-06T10:18:57.508Z cycle-result {"status":"idle","diagnostic":{"url":"https://www.instagram.com/direct/inbox/","rows":1,"markers":0,"eligible":0,"skippedState":0,"skippedProcessed":0,"skippedReply":0,"automaticReplies":1,"activeAutomaticReply":false},"conversation":null,"flowId":null}
2026-08-06T10:18:57.995Z config {"enabled":true,"hasText":true,"automaticReplies":1}
2026-08-06T10:18:59.157Z cycle-start {}
2026-08-06T10:18:59.516Z cycle-result {"status":"idle","diagnostic":{"url":"https://www.instagram.com/direct/inbox/","rows":1,"markers":0,"eligible":0,"skippedState":0,"skippedProcessed":0,"skippedReply":0,"automaticReplies":1,"activeAutomaticReply":false},"conversation":null,"flowId":null}
2026-08-06T10:19:01.161Z cycle-start {}
2026-08-06T10:19:01.522Z cycle-result {"status":"idle","diagnostic":{"url":"https://www.instagram.com/direct/inbox/","rows":1,"markers":0,"eligible":0,"skippedState":0,"skippedProcessed":0,"skippedReply":0,"automaticReplies":1,"activeAutomaticReply":false},"conversation":null,"flowId":null}
2026-08-06T10:19:02.369Z config {"enabled":true,"hasText":true,"automaticReplies":1}
2026-08-06T10:19:03.167Z cycle-start {}
2026-08-06T10:19:03.529Z cycle-result {"status":"idle","diagnostic":{"url":"https://www.instagram.com/direct/inbox/","rows":1,"markers":0,"eligible":0,"skippedState":0,"skippedProcessed":0,"skippedReply":0,"automaticReplies":1,"activeAutomaticReply":false},"conversation":null,"flowId":null}
2026-08-06T10:19:05.177Z cycle-start {}
2026-08-06T10:19:05.533Z cycle-result {"status":"idle","diagnostic":{"url":"https://www.instagram.com/direct/inbox/","rows":1,"markers":0,"eligible":0,"skippedState":0,"skippedProcessed":0,"skippedReply":0,"automaticReplies":1,"activeAutomaticReply":false},"conversation":null,"flowId":null}
2026-08-06T10:19:07.188Z cycle-start {}
2026-08-06T10:19:07.545Z cycle-result {"status":"idle","diagnostic":{"url":"https://www.instagram.com/direct/inbox/","rows":1,"markers":0,"eligible":0,"skippedState":0,"skippedProcessed":0,"skippedReply":0,"automaticReplies":1,"activeAutomaticReply":false},"conversation":null,"flowId":null}
2026-08-06T10:19:09.190Z cycle-start {}
2026-08-06T10:19:09.276Z config {"enabled":true,"hasText":true,"automaticReplies":1}
2026-08-06T10:19:09.341Z config {"enabled":true,"hasText":true,"automaticReplies":1}
2026-08-06T10:19:09.548Z cycle-result {"status":"idle","diagnostic":{"url":"https://www.instagram.com/direct/inbox/","rows":1,"markers":0,"eligible":0,"skippedState":0,"skippedProcessed":0,"skippedReply":0,"automaticReplies":1,"activeAutomaticReply":false},"conversation":null,"flowId":null}
2026-08-06T10:19:11.205Z cycle-start {}
2026-08-06T10:19:11.568Z cycle-result {"status":"idle","diagnostic":{"url":"https://www.instagram.com/direct/inbox/","rows":1,"markers":0,"eligible":0,"skippedState":0,"skippedProcessed":0,"skippedReply":0,"automaticReplies":1,"activeAutomaticReply":false},"conversation":null,"flowId":null}
2026-08-06T10:19:13.204Z cycle-start {}
2026-08-06T10:19:13.560Z cycle-result {"status":"idle","diagnostic":{"url":"https://www.instagram.com/direct/inbox/","rows":1,"markers":0,"eligible":0,"skippedState":0,"skippedProcessed":0,"skippedReply":0,"automaticReplies":1,"activeAutomaticReply":false},"conversation":null,"flowId":null}
2026-08-06T10:19:15.210Z cycle-start {}
2026-08-06T10:19:16.771Z cycle-result {"status":"sent","diagnostic":{"url":"https://www.instagram.com/direct/inbox/","rows":1,"markers":1,"eligible":1,"skippedState":0,"skippedProcessed":0,"skippedReply":0,"automaticReplies":1,"activeAutomaticReply":false},"conversation":"Conversa sem nome","flowId":null}
2026-08-06T10:19:17.211Z cycle-start {}
2026-08-06T10:19:17.568Z cycle-result {"status":"idle","diagnostic":{"url":"https://www.instagram.com/direct/inbox/","rows":1,"markers":0,"eligible":0,"skippedState":0,"skippedProcessed":0,"skippedReply":0,"automaticReplies":1,"activeAutomaticReply":false},"conversation":null,"flowId":null}
2026-08-06T10:19:19.218Z cycle-start {}
2026-08-06T10:19:19.408Z config {"enabled":true,"hasText":true,"automaticReplies":1}
2026-08-06T10:19:19.578Z cycle-result {"status":"idle","diagnostic":{"url":"https://www.instagram.com/direct/inbox/","rows":1,"markers":0,"eligible":0,"skippedState":0,"skippedProcessed":0,"skippedReply":0,"automaticReplies":1,"activeAutomaticReply":false},"conversation":null,"flowId":null}
2026-08-06T10:19:21.220Z cycle-start {}
2026-08-06T10:19:21.581Z cycle-result {"status":"idle","diagnostic":{"url":"https://www.instagram.com/direct/inbox/","rows":1,"markers":0,"eligible":0,"skippedState":0,"skippedProcessed":0,"skippedReply":0,"automaticReplies":1,"activeAutomaticReply":false},"conversation":null,"flowId":null}
2026-08-06T10:19:23.230Z cycle-start {}
2026-08-06T10:19:23.587Z cycle-result {"status":"idle","diagnostic":{"url":"https://www.instagram.com/direct/inbox/","rows":1,"markers":0,"eligible":0,"skippedState":0,"skippedProcessed":0,"skippedReply":0,"automaticReplies":1,"activeAutomaticReply":false},"conversation":null,"flowId":null}
2026-08-06T10:19:25.244Z cycle-start {}
2026-08-06T10:19:25.605Z cycle-result {"status":"idle","diagnostic":{"url":"https://www.instagram.com/direct/inbox/","rows":1,"markers":0,"eligible":0,"skippedState":0,"skippedProcessed":0,"skippedReply":0,"automaticReplies":1,"activeAutomaticReply":false},"conversation":null,"flowId":null}
2026-08-06T10:19:27.250Z cycle-start {}
2026-08-06T10:19:27.610Z cycle-result {"status":"idle","diagnostic":{"url":"https://www.instagram.com/direct/inbox/","rows":1,"markers":0,"eligible":0,"skippedState":0,"skippedProcessed":0,"skippedReply":0,"automaticReplies":1,"activeAutomaticReply":false},"conversation":null,"flowId":null}
2026-08-06T10:19:29.256Z cycle-start {}
2026-08-06T10:19:29.615Z cycle-result {"status":"idle","diagnostic":{"url":"https://www.instagram.com/direct/inbox/","rows":1,"markers":0,"eligible":0,"skippedState":0,"skippedProcessed":0,"skippedReply":0,"automaticReplies":1,"activeAutomaticReply":false},"conversation":null,"flowId":null}
2026-08-06T10:19:31.264Z cycle-start {}
2026-08-06T10:19:31.624Z cycle-result {"status":"idle","diagnostic":{"url":"https://www.instagram.com/direct/inbox/","rows":1,"markers":0,"eligible":0,"skippedState":0,"skippedProcessed":0,"skippedReply":0,"automaticReplies":1,"activeAutomaticReply":false},"conversation":null,"flowId":null}
2026-08-06T10:19:33.272Z cycle-start {}
2026-08-06T10:19:33.631Z cycle-result {"status":"idle","diagnostic":{"url":"https://www.instagram.com/direct/inbox/","rows":1,"markers":0,"eligible":0,"skippedState":0,"skippedProcessed":0,"skippedReply":0,"automaticReplies":1,"activeAutomaticReply":false},"conversation":null,"flowId":null}
2026-08-06T10:19:35.280Z cycle-start {}
2026-08-06T10:19:35.639Z cycle-result {"status":"idle","diagnostic":{"url":"https://www.instagram.com/direct/inbox/","rows":1,"markers":0,"eligible":0,"skippedState":0,"skippedProcessed":0,"skippedReply":0,"automaticReplies":1,"activeAutomaticReply":false},"conversation":null,"flowId":null}
2026-08-06T10:19:37.294Z cycle-start {}
2026-08-06T10:19:37.651Z cycle-result {"status":"idle","diagnostic":{"url":"https://www.instagram.com/direct/inbox/","rows":1,"markers":0,"eligible":0,"skippedState":0,"skippedProcessed":0,"skippedReply":0,"automaticReplies":1,"activeAutomaticReply":false},"conversation":null,"flowId":null}
2026-08-06T10:19:39.300Z cycle-start {}
2026-08-06T10:19:39.659Z cycle-result {"status":"idle","diagnostic":{"url":"https://www.instagram.com/direct/inbox/","rows":1,"markers":0,"eligible":0,"skippedState":0,"skippedProcessed":0,"skippedReply":0,"automaticReplies":1,"activeAutomaticReply":false},"conversation":null,"flowId":null}
2026-08-06T10:19:41.307Z cycle-start {}
2026-08-06T10:19:41.663Z cycle-result {"status":"idle","diagnostic":{"url":"https://www.instagram.com/direct/inbox/","rows":1,"markers":0,"eligible":0,"skippedState":0,"skippedProcessed":0,"skippedReply":0,"automaticReplies":1,"activeAutomaticReply":false},"conversation":null,"flowId":null}
2026-08-06T10:19:43.309Z cycle-start {}
2026-08-06T10:19:43.667Z cycle-result {"status":"idle","diagnostic":{"url":"https://www.instagram.com/direct/inbox/","rows":1,"markers":0,"eligible":0,"skippedState":0,"skippedProcessed":0,"skippedReply":0,"automaticReplies":1,"activeAutomaticReply":false},"conversation":null,"flowId":null}
2026-08-06T10:19:45.313Z cycle-start {}
2026-08-06T10:19:45.672Z cycle-result {"status":"idle","diagnostic":{"url":"https://www.instagram.com/direct/inbox/","rows":1,"markers":0,"eligible":0,"skippedState":0,"skippedProcessed":0,"skippedReply":0,"automaticReplies":1,"activeAutomaticReply":false},"conversation":null,"flowId":null}
2026-08-06T10:19:47.323Z cycle-start {}
2026-08-06T10:19:47.685Z cycle-result {"status":"idle","diagnostic":{"url":"https://www.instagram.com/direct/inbox/","rows":1,"markers":0,"eligible":0,"skippedState":0,"skippedProcessed":0,"skippedReply":0,"automaticReplies":1,"activeAutomaticReply":false},"conversation":null,"flowId":null}
2026-08-06T10:19:49.331Z cycle-start {}
2026-08-06T10:19:49.691Z cycle-result {"status":"idle","diagnostic":{"url":"https://www.instagram.com/direct/inbox/","rows":1,"markers":0,"eligible":0,"skippedState":0,"skippedProcessed":0,"skippedReply":0,"automaticReplies":1,"activeAutomaticReply":false},"conversation":null,"flowId":null}
2026-08-06T10:19:51.338Z cycle-start {}
2026-08-06T10:19:51.697Z cycle-result {"status":"idle","diagnostic":{"url":"https://www.instagram.com/direct/inbox/","rows":1,"markers":0,"eligible":0,"skippedState":0,"skippedProcessed":0,"skippedReply":0,"automaticReplies":1,"activeAutomaticReply":false},"conversation":null,"flowId":null}
2026-08-06T10:19:53.343Z cycle-start {}
2026-08-06T10:19:53.704Z cycle-result {"status":"idle","diagnostic":{"url":"https://www.instagram.com/direct/inbox/","rows":1,"markers":0,"eligible":0,"skippedState":0,"skippedProcessed":0,"skippedReply":0,"automaticReplies":1,"activeAutomaticReply":false},"conversation":null,"flowId":null}
2026-08-06T10:19:55.354Z cycle-start {}
2026-08-06T10:19:55.717Z cycle-result {"status":"idle","diagnostic":{"url":"https://www.instagram.com/direct/inbox/","rows":1,"markers":0,"eligible":0,"skippedState":0,"skippedProcessed":0,"skippedReply":0,"automaticReplies":1,"activeAutomaticReply":false},"conversation":null,"flowId":null}
2026-08-06T10:19:57.358Z cycle-start {}
2026-08-06T10:19:57.724Z cycle-result {"status":"idle","diagnostic":{"url":"https://www.instagram.com/direct/inbox/","rows":1,"markers":0,"eligible":0,"skippedState":0,"skippedProcessed":0,"skippedReply":0,"automaticReplies":1,"activeAutomaticReply":false},"conversation":null,"flowId":null}
2026-08-06T10:19:59.363Z cycle-start {}
2026-08-06T10:19:59.718Z cycle-result {"status":"idle","diagnostic":{"url":"https://www.instagram.com/direct/inbox/","rows":1,"markers":0,"eligible":0,"skippedState":0,"skippedProcessed":0,"skippedReply":0,"automaticReplies":1,"activeAutomaticReply":false},"conversation":null,"flowId":null}
2026-08-06T10:20:01.377Z cycle-start {}
2026-08-06T10:20:01.730Z cycle-result {"status":"idle","diagnostic":{"url":"https://www.instagram.com/direct/inbox/","rows":1,"markers":0,"eligible":0,"skippedState":0,"skippedProcessed":0,"skippedReply":0,"automaticReplies":1,"activeAutomaticReply":false},"conversation":null,"flowId":null}
2026-08-06T10:20:03.383Z cycle-start {}
2026-08-06T10:20:03.745Z cycle-result {"status":"idle","diagnostic":{"url":"https://www.instagram.com/direct/inbox/","rows":1,"markers":0,"eligible":0,"skippedState":0,"skippedProcessed":0,"skippedReply":0,"automaticReplies":1,"activeAutomaticReply":false},"conversation":null,"flowId":null}
2026-08-06T10:20:05.388Z cycle-start {}
2026-08-06T10:20:05.744Z cycle-result {"status":"idle","diagnostic":{"url":"https://www.instagram.com/direct/inbox/","rows":1,"markers":0,"eligible":0,"skippedState":0,"skippedProcessed":0,"skippedReply":0,"automaticReplies":1,"activeAutomaticReply":false},"conversation":null,"flowId":null}
2026-08-06T10:20:07.391Z cycle-start {}
2026-08-06T10:20:07.750Z cycle-result {"status":"idle","diagnostic":{"url":"https://www.instagram.com/direct/inbox/","rows":1,"markers":0,"eligible":0,"skippedState":0,"skippedProcessed":0,"skippedReply":0,"automaticReplies":1,"activeAutomaticReply":false},"conversation":null,"flowId":null}
2026-08-06T10:20:09.404Z cycle-start {}
2026-08-06T10:20:09.767Z cycle-result {"status":"idle","diagnostic":{"url":"https://www.instagram.com/direct/inbox/","rows":1,"markers":0,"eligible":0,"skippedState":0,"skippedProcessed":0,"skippedReply":0,"automaticReplies":1,"activeAutomaticReply":false},"conversation":null,"flowId":null}
2026-08-06T10:20:11.409Z cycle-start {}
2026-08-06T10:20:11.767Z cycle-result {"status":"idle","diagnostic":{"url":"https://www.instagram.com/direct/inbox/","rows":1,"markers":0,"eligible":0,"skippedState":0,"skippedProcessed":0,"skippedReply":0,"automaticReplies":1,"activeAutomaticReply":false},"conversation":null,"flowId":null}
2026-08-06T10:20:13.412Z cycle-start {}
2026-08-06T10:20:13.771Z cycle-result {"status":"idle","diagnostic":{"url":"https://www.instagram.com/direct/inbox/","rows":1,"markers":0,"eligible":0,"skippedState":0,"skippedProcessed":0,"skippedReply":0,"automaticReplies":1,"activeAutomaticReply":false},"conversation":null,"flowId":null}
2026-08-06T10:20:15.424Z cycle-start {}
2026-08-06T10:20:15.784Z cycle-result {"status":"idle","diagnostic":{"url":"https://www.instagram.com/direct/inbox/","rows":1,"markers":0,"eligible":0,"skippedState":0,"skippedProcessed":0,"skippedReply":0,"automaticReplies":1,"activeAutomaticReply":false},"conversation":null,"flowId":null}
2026-08-06T10:20:17.425Z cycle-start {}
2026-08-06T10:20:17.787Z cycle-result {"status":"idle","diagnostic":{"url":"https://www.instagram.com/direct/inbox/","rows":1,"markers":0,"eligible":0,"skippedState":0,"skippedProcessed":0,"skippedReply":0,"automaticReplies":1,"activeAutomaticReply":false},"conversation":null,"flowId":null}
2026-08-06T10:20:19.437Z cycle-start {}
2026-08-06T10:20:19.793Z cycle-result {"status":"idle","diagnostic":{"url":"https://www.instagram.com/direct/inbox/","rows":1,"markers":0,"eligible":0,"skippedState":0,"skippedProcessed":0,"skippedReply":0,"automaticReplies":1,"activeAutomaticReply":false},"conversation":null,"flowId":null}
2026-08-06T10:20:21.441Z cycle-start {}
2026-08-06T10:20:21.797Z cycle-result {"status":"idle","diagnostic":{"url":"https://www.instagram.com/direct/inbox/","rows":1,"markers":0,"eligible":0,"skippedState":0,"skippedProcessed":0,"skippedReply":0,"automaticReplies":1,"activeAutomaticReply":false},"conversation":null,"flowId":null}
2026-08-06T10:20:23.452Z cycle-start {}
2026-08-06T10:20:23.806Z cycle-result {"status":"idle","diagnostic":{"url":"https://www.instagram.com/direct/inbox/","rows":1,"markers":0,"eligible":0,"skippedState":0,"skippedProcessed":0,"skippedReply":0,"automaticReplies":1,"activeAutomaticReply":false},"conversation":null,"flowId":null}
2026-08-06T10:20:25.453Z cycle-start {}
2026-08-06T10:20:25.810Z cycle-result {"status":"idle","diagnostic":{"url":"https://www.instagram.com/direct/inbox/","rows":1,"markers":0,"eligible":0,"skippedState":0,"skippedProcessed":0,"skippedReply":0,"automaticReplies":1,"activeAutomaticReply":false},"conversation":null,"flowId":null}
2026-08-06T10:20:27.463Z cycle-start {}
2026-08-06T10:20:27.819Z cycle-result {"status":"idle","diagnostic":{"url":"https://www.instagram.com/direct/inbox/","rows":1,"markers":0,"eligible":0,"skippedState":0,"skippedProcessed":0,"skippedReply":0,"automaticReplies":1,"activeAutomaticReply":false},"conversation":null,"flowId":null}
2026-08-06T10:20:29.463Z cycle-start {}
2026-08-06T10:20:29.822Z cycle-result {"status":"idle","diagnostic":{"url":"https://www.instagram.com/direct/inbox/","rows":1,"markers":0,"eligible":0,"skippedState":0,"skippedProcessed":0,"skippedReply":0,"automaticReplies":1,"activeAutomaticReply":false},"conversation":null,"flowId":null}
2026-08-06T10:20:31.476Z cycle-start {}
2026-08-06T10:20:31.835Z cycle-result {"status":"idle","diagnostic":{"url":"https://www.instagram.com/direct/inbox/","rows":1,"markers":0,"eligible":0,"skippedState":0,"skippedProcessed":0,"skippedReply":0,"automaticReplies":1,"activeAutomaticReply":false},"conversation":null,"flowId":null}
2026-08-06T10:20:33.482Z cycle-start {}
2026-08-06T10:20:33.841Z cycle-result {"status":"idle","diagnostic":{"url":"https://www.instagram.com/direct/inbox/","rows":1,"markers":0,"eligible":0,"skippedState":0,"skippedProcessed":0,"skippedReply":0,"automaticReplies":1,"activeAutomaticReply":false},"conversation":null,"flowId":null}
2026-08-06T10:20:35.486Z cycle-start {}
2026-08-06T10:20:35.841Z cycle-result {"status":"idle","diagnostic":{"url":"https://www.instagram.com/direct/inbox/","rows":1,"markers":0,"eligible":0,"skippedState":0,"skippedProcessed":0,"skippedReply":0,"automaticReplies":1,"activeAutomaticReply":false},"conversation":null,"flowId":null}
2026-08-06T10:20:37.496Z cycle-start {}
2026-08-06T10:20:37.854Z cycle-result {"status":"idle","diagnostic":{"url":"https://www.instagram.com/direct/inbox/","rows":1,"markers":0,"eligible":0,"skippedState":0,"skippedProcessed":0,"skippedReply":0,"automaticReplies":1,"activeAutomaticReply":false},"conversation":null,"flowId":null}
2026-08-06T10:20:39.499Z cycle-start {}
2026-08-06T10:20:39.858Z cycle-result {"status":"idle","diagnostic":{"url":"https://www.instagram.com/direct/inbox/","rows":1,"markers":0,"eligible":0,"skippedState":0,"skippedProcessed":0,"skippedReply":0,"automaticReplies":1,"activeAutomaticReply":false},"conversation":null,"flowId":null}
2026-08-06T10:20:41.505Z cycle-start {}
2026-08-06T10:20:41.863Z cycle-result {"status":"idle","diagnostic":{"url":"https://www.instagram.com/direct/inbox/","rows":1,"markers":0,"eligible":0,"skippedState":0,"skippedProcessed":0,"skippedReply":0,"automaticReplies":1,"activeAutomaticReply":false},"conversation":null,"flowId":null}
2026-08-06T10:20:43.507Z cycle-start {}
2026-08-06T10:20:43.865Z cycle-result {"status":"idle","diagnostic":{"url":"https://www.instagram.com/direct/inbox/","rows":1,"markers":0,"eligible":0,"skippedState":0,"skippedProcessed":0,"skippedReply":0,"automaticReplies":1,"activeAutomaticReply":false},"conversation":null,"flowId":null}
2026-08-06T10:20:45.511Z cycle-start {}
2026-08-06T10:20:45.870Z cycle-result {"status":"idle","diagnostic":{"url":"https://www.instagram.com/direct/inbox/","rows":1,"markers":0,"eligible":0,"skippedState":0,"skippedProcessed":0,"skippedReply":0,"automaticReplies":1,"activeAutomaticReply":false},"conversation":null,"flowId":null}
2026-08-06T10:20:47.515Z cycle-start {}
2026-08-06T10:20:47.873Z cycle-result {"status":"idle","diagnostic":{"url":"https://www.instagram.com/direct/inbox/","rows":1,"markers":0,"eligible":0,"skippedState":0,"skippedProcessed":0,"skippedReply":0,"automaticReplies":1,"activeAutomaticReply":false},"conversation":null,"flowId":null}
2026-08-06T10:20:49.519Z cycle-start {}
2026-08-06T10:20:49.879Z cycle-result {"status":"idle","diagnostic":{"url":"https://www.instagram.com/direct/inbox/","rows":1,"markers":0,"eligible":0,"skippedState":0,"skippedProcessed":0,"skippedReply":0,"automaticReplies":1,"activeAutomaticReply":false},"conversation":null,"flowId":null}
2026-08-06T10:20:51.526Z cycle-start {}
2026-08-06T10:20:51.883Z cycle-result {"status":"idle","diagnostic":{"url":"https://www.instagram.com/direct/inbox/","rows":1,"markers":0,"eligible":0,"skippedState":0,"skippedProcessed":0,"skippedReply":0,"automaticReplies":1,"activeAutomaticReply":false},"conversation":null,"flowId":null}
2026-08-06T10:20:53.534Z cycle-start {}
2026-08-06T10:20:53.893Z cycle-result {"status":"idle","diagnostic":{"url":"https://www.instagram.com/direct/inbox/","rows":1,"markers":0,"eligible":0,"skippedState":0,"skippedProcessed":0,"skippedReply":0,"automaticReplies":1,"activeAutomaticReply":false},"conversation":null,"flowId":null}
2026-08-06T10:20:55.536Z cycle-start {}
2026-08-06T10:20:55.898Z cycle-result {"status":"idle","diagnostic":{"url":"https://www.instagram.com/direct/inbox/","rows":1,"markers":0,"eligible":0,"skippedState":0,"skippedProcessed":0,"skippedReply":0,"automaticReplies":1,"activeAutomaticReply":false},"conversation":null,"flowId":null}
2026-08-06T10:20:57.550Z cycle-start {}
2026-08-06T10:20:57.914Z cycle-result {"status":"idle","diagnostic":{"url":"https://www.instagram.com/direct/inbox/","rows":1,"markers":0,"eligible":0,"skippedState":0,"skippedProcessed":0,"skippedReply":0,"automaticReplies":1,"activeAutomaticReply":false},"conversation":null,"flowId":null}
2026-08-06T10:20:59.560Z cycle-start {}
2026-08-06T10:20:59.917Z cycle-result {"status":"idle","diagnostic":{"url":"https://www.instagram.com/direct/inbox/","rows":1,"markers":0,"eligible":0,"skippedState":0,"skippedProcessed":0,"skippedReply":0,"automaticReplies":1,"activeAutomaticReply":false},"conversation":null,"flowId":null}
2026-08-06T10:21:01.570Z cycle-start {}
2026-08-06T10:21:01.924Z cycle-result {"status":"idle","diagnostic":{"url":"https://www.instagram.com/direct/inbox/","rows":1,"markers":0,"eligible":0,"skippedState":0,"skippedProcessed":0,"skippedReply":0,"automaticReplies":1,"activeAutomaticReply":false},"conversation":null,"flowId":null}
2026-08-06T10:21:03.574Z cycle-start {}
2026-08-06T10:21:03.941Z cycle-result {"status":"idle","diagnostic":{"url":"https://www.instagram.com/direct/inbox/","rows":1,"markers":0,"eligible":0,"skippedState":0,"skippedProcessed":0,"skippedReply":0,"automaticReplies":1,"activeAutomaticReply":false},"conversation":null,"flowId":null}
2026-08-06T10:21:05.581Z cycle-start {}
2026-08-06T10:21:05.937Z cycle-result {"status":"idle","diagnostic":{"url":"https://www.instagram.com/direct/inbox/","rows":1,"markers":0,"eligible":0,"skippedState":0,"skippedProcessed":0,"skippedReply":0,"automaticReplies":1,"activeAutomaticReply":false},"conversation":null,"flowId":null}
2026-08-06T10:21:07.584Z cycle-start {}
2026-08-06T10:21:07.937Z cycle-result {"status":"idle","diagnostic":{"url":"https://www.instagram.com/direct/inbox/","rows":1,"markers":0,"eligible":0,"skippedState":0,"skippedProcessed":0,"skippedReply":0,"automaticReplies":1,"activeAutomaticReply":false},"conversation":null,"flowId":null}
2026-08-06T10:21:09.585Z cycle-start {}
2026-08-06T10:21:09.948Z cycle-result {"status":"idle","diagnostic":{"url":"https://www.instagram.com/direct/inbox/","rows":1,"markers":0,"eligible":0,"skippedState":0,"skippedProcessed":0,"skippedReply":0,"automaticReplies":1,"activeAutomaticReply":false},"conversation":null,"flowId":null}
2026-08-06T10:21:11.594Z cycle-start {}
2026-08-06T10:21:11.963Z cycle-result {"status":"idle","diagnostic":{"url":"https://www.instagram.com/direct/inbox/","rows":1,"markers":0,"eligible":0,"skippedState":0,"skippedProcessed":0,"skippedReply":0,"automaticReplies":1,"activeAutomaticReply":false},"conversation":null,"flowId":null}
2026-08-06T10:21:13.603Z cycle-start {}
2026-08-06T10:21:13.992Z cycle-result {"status":"idle","diagnostic":{"url":"https://www.instagram.com/direct/inbox/","rows":1,"markers":0,"eligible":0,"skippedState":0,"skippedProcessed":0,"skippedReply":0,"automaticReplies":1,"activeAutomaticReply":false},"conversation":null,"flowId":null}
2026-08-06T10:21:15.605Z cycle-start {}
2026-08-06T10:21:15.962Z cycle-result {"status":"idle","diagnostic":{"url":"https://www.instagram.com/direct/inbox/","rows":1,"markers":0,"eligible":0,"skippedState":0,"skippedProcessed":0,"skippedReply":0,"automaticReplies":1,"activeAutomaticReply":false},"conversation":null,"flowId":null}
2026-08-06T10:21:17.616Z cycle-start {}
2026-08-06T10:21:17.983Z cycle-result {"status":"idle","diagnostic":{"url":"https://www.instagram.com/direct/inbox/","rows":1,"markers":0,"eligible":0,"skippedState":0,"skippedProcessed":0,"skippedReply":0,"automaticReplies":1,"activeAutomaticReply":false},"conversation":null,"flowId":null}
2026-08-06T10:21:19.620Z cycle-start {}
2026-08-06T10:21:19.979Z cycle-result {"status":"idle","diagnostic":{"url":"https://www.instagram.com/direct/inbox/","rows":1,"markers":0,"eligible":0,"skippedState":0,"skippedProcessed":0,"skippedReply":0,"automaticReplies":1,"activeAutomaticReply":false},"conversation":null,"flowId":null}
2026-08-06T10:21:21.632Z cycle-start {}
2026-08-06T10:21:21.993Z cycle-result {"status":"idle","diagnostic":{"url":"https://www.instagram.com/direct/inbox/","rows":1,"markers":0,"eligible":0,"skippedState":0,"skippedProcessed":0,"skippedReply":0,"automaticReplies":1,"activeAutomaticReply":false},"conversation":null,"flowId":null}
2026-08-06T10:21:23.638Z cycle-start {}
2026-08-06T10:21:23.998Z cycle-result {"status":"idle","diagnostic":{"url":"https://www.instagram.com/direct/inbox/","rows":1,"markers":0,"eligible":0,"skippedState":0,"skippedProcessed":0,"skippedReply":0,"automaticReplies":1,"activeAutomaticReply":false},"conversation":null,"flowId":null}
2026-08-06T10:21:25.642Z cycle-start {}
2026-08-06T10:21:26.008Z cycle-result {"status":"idle","diagnostic":{"url":"https://www.instagram.com/direct/inbox/","rows":1,"markers":0,"eligible":0,"skippedState":0,"skippedProcessed":0,"skippedReply":0,"automaticReplies":1,"activeAutomaticReply":false},"conversation":null,"flowId":null}
2026-08-06T10:21:27.650Z cycle-start {}
2026-08-06T10:21:28.005Z cycle-result {"status":"idle","diagnostic":{"url":"https://www.instagram.com/direct/inbox/","rows":1,"markers":0,"eligible":0,"skippedState":0,"skippedProcessed":0,"skippedReply":0,"automaticReplies":1,"activeAutomaticReply":false},"conversation":null,"flowId":null}
2026-08-06T10:21:29.661Z cycle-start {}
2026-08-06T10:21:30.023Z cycle-result {"status":"idle","diagnostic":{"url":"https://www.instagram.com/direct/inbox/","rows":1,"markers":0,"eligible":0,"skippedState":0,"skippedProcessed":0,"skippedReply":0,"automaticReplies":1,"activeAutomaticReply":false},"conversation":null,"flowId":null}
2026-08-06T10:21:31.660Z cycle-start {}
2026-08-06T10:21:32.018Z cycle-result {"status":"idle","diagnostic":{"url":"https://www.instagram.com/direct/inbox/","rows":1,"markers":0,"eligible":0,"skippedState":0,"skippedProcessed":0,"skippedReply":0,"automaticReplies":1,"activeAutomaticReply":false},"conversation":null,"flowId":null}
2026-08-06T10:21:33.666Z cycle-start {}
2026-08-06T10:21:34.028Z cycle-result {"status":"idle","diagnostic":{"url":"https://www.instagram.com/direct/inbox/","rows":1,"markers":0,"eligible":0,"skippedState":0,"skippedProcessed":0,"skippedReply":0,"automaticReplies":1,"activeAutomaticReply":false},"conversation":null,"flowId":null}
2026-08-06T10:21:35.680Z cycle-start {}
2026-08-06T10:21:36.047Z cycle-result {"status":"idle","diagnostic":{"url":"https://www.instagram.com/direct/inbox/","rows":1,"markers":0,"eligible":0,"skippedState":0,"skippedProcessed":0,"skippedReply":0,"automaticReplies":1,"activeAutomaticReply":false},"conversation":null,"flowId":null}
2026-08-06T10:21:37.688Z cycle-start {}
2026-08-06T10:21:38.055Z cycle-result {"status":"idle","diagnostic":{"url":"https://www.instagram.com/direct/inbox/","rows":1,"markers":0,"eligible":0,"skippedState":0,"skippedProcessed":0,"skippedReply":0,"automaticReplies":1,"activeAutomaticReply":false},"conversation":null,"flowId":null}
2026-08-06T10:21:39.700Z cycle-start {}
2026-08-06T10:21:40.061Z cycle-result {"status":"idle","diagnostic":{"url":"https://www.instagram.com/direct/inbox/","rows":1,"markers":0,"eligible":0,"skippedState":0,"skippedProcessed":0,"skippedReply":0,"automaticReplies":1,"activeAutomaticReply":false},"conversation":null,"flowId":null}
2026-08-06T10:21:41.706Z cycle-start {}
2026-08-06T10:21:42.064Z cycle-result {"status":"idle","diagnostic":{"url":"https://www.instagram.com/direct/inbox/","rows":1,"markers":0,"eligible":0,"skippedState":0,"skippedProcessed":0,"skippedReply":0,"automaticReplies":1,"activeAutomaticReply":false},"conversation":null,"flowId":null}
2026-08-06T10:21:43.713Z cycle-start {}
2026-08-06T10:21:44.071Z cycle-result {"status":"idle","diagnostic":{"url":"https://www.instagram.com/direct/inbox/","rows":1,"markers":0,"eligible":0,"skippedState":0,"skippedProcessed":0,"skippedReply":0,"automaticReplies":1,"activeAutomaticReply":false},"conversation":null,"flowId":null}
2026-08-06T10:21:45.716Z cycle-start {}
2026-08-06T10:21:46.073Z cycle-result {"status":"idle","diagnostic":{"url":"https://www.instagram.com/direct/inbox/","rows":1,"markers":0,"eligible":0,"skippedState":0,"skippedProcessed":0,"skippedReply":0,"automaticReplies":1,"activeAutomaticReply":false},"conversation":null,"flowId":null}
2026-08-06T10:21:47.731Z cycle-start {}
2026-08-06T10:21:48.088Z cycle-result {"status":"idle","diagnostic":{"url":"https://www.instagram.com/direct/inbox/","rows":1,"markers":0,"eligible":0,"skippedState":0,"skippedProcessed":0,"skippedReply":0,"automaticReplies":1,"activeAutomaticReply":false},"conversation":null,"flowId":null}
2026-08-06T10:21:49.738Z cycle-start {}
2026-08-06T10:21:50.098Z cycle-result {"status":"idle","diagnostic":{"url":"https://www.instagram.com/direct/inbox/","rows":1,"markers":0,"eligible":0,"skippedState":0,"skippedProcessed":0,"skippedReply":0,"automaticReplies":1,"activeAutomaticReply":false},"conversation":null,"flowId":null}
2026-08-06T10:21:51.745Z cycle-start {}
2026-08-06T10:21:52.104Z cycle-result {"status":"idle","diagnostic":{"url":"https://www.instagram.com/direct/inbox/","rows":1,"markers":0,"eligible":0,"skippedState":0,"skippedProcessed":0,"skippedReply":0,"automaticReplies":1,"activeAutomaticReply":false},"conversation":null,"flowId":null}
2026-08-06T10:21:53.753Z cycle-start {}
2026-08-06T10:21:54.114Z cycle-result {"status":"idle","diagnostic":{"url":"https://www.instagram.com/direct/inbox/","rows":1,"markers":0,"eligible":0,"skippedState":0,"skippedProcessed":0,"skippedReply":0,"automaticReplies":1,"activeAutomaticReply":false},"conversation":null,"flowId":null}
2026-08-06T10:21:55.762Z cycle-start {}
2026-08-06T10:21:56.123Z cycle-result {"status":"idle","diagnostic":{"url":"https://www.instagram.com/direct/inbox/","rows":1,"markers":0,"eligible":0,"skippedState":0,"skippedProcessed":0,"skippedReply":0,"automaticReplies":1,"activeAutomaticReply":false},"conversation":null,"flowId":null}
2026-08-06T10:21:57.764Z cycle-start {}
2026-08-06T10:21:58.125Z cycle-result {"status":"idle","diagnostic":{"url":"https://www.instagram.com/direct/inbox/","rows":1,"markers":0,"eligible":0,"skippedState":0,"skippedProcessed":0,"skippedReply":0,"automaticReplies":1,"activeAutomaticReply":false},"conversation":null,"flowId":null}
2026-08-06T10:21:59.777Z cycle-start {}
2026-08-06T10:22:00.136Z cycle-result {"status":"idle","diagnostic":{"url":"https://www.instagram.com/direct/inbox/","rows":1,"markers":0,"eligible":0,"skippedState":0,"skippedProcessed":0,"skippedReply":0,"automaticReplies":1,"activeAutomaticReply":false},"conversation":null,"flowId":null}
2026-08-06T10:22:01.783Z cycle-start {}
2026-08-06T10:22:02.149Z cycle-result {"status":"idle","diagnostic":{"url":"https://www.instagram.com/direct/inbox/","rows":1,"markers":0,"eligible":0,"skippedState":0,"skippedProcessed":0,"skippedReply":0,"automaticReplies":1,"activeAutomaticReply":false},"conversation":null,"flowId":null}
2026-08-06T10:22:03.797Z cycle-start {}
2026-08-06T10:22:04.157Z cycle-result {"status":"idle","diagnostic":{"url":"https://www.instagram.com/direct/inbox/","rows":1,"markers":0,"eligible":0,"skippedState":0,"skippedProcessed":0,"skippedReply":0,"automaticReplies":1,"activeAutomaticReply":false},"conversation":null,"flowId":null}
2026-08-06T10:22:05.806Z cycle-start {}
2026-08-06T10:22:06.165Z cycle-result {"status":"idle","diagnostic":{"url":"https://www.instagram.com/direct/inbox/","rows":1,"markers":0,"eligible":0,"skippedState":0,"skippedProcessed":0,"skippedReply":0,"automaticReplies":1,"activeAutomaticReply":false},"conversation":null,"flowId":null}
2026-08-06T10:22:07.811Z cycle-start {}
2026-08-06T10:22:08.174Z cycle-result {"status":"idle","diagnostic":{"url":"https://www.instagram.com/direct/inbox/","rows":1,"markers":0,"eligible":0,"skippedState":0,"skippedProcessed":0,"skippedReply":0,"automaticReplies":1,"activeAutomaticReply":false},"conversation":null,"flowId":null}
2026-08-06T10:22:09.818Z cycle-start {}
2026-08-06T10:22:10.178Z cycle-result {"status":"idle","diagnostic":{"url":"https://www.instagram.com/direct/inbox/","rows":1,"markers":0,"eligible":0,"skippedState":0,"skippedProcessed":0,"skippedReply":0,"automaticReplies":1,"activeAutomaticReply":false},"conversation":null,"flowId":null}
2026-08-06T10:22:11.826Z cycle-start {}
2026-08-06T10:22:12.186Z cycle-result {"status":"idle","diagnostic":{"url":"https://www.instagram.com/direct/inbox/","rows":1,"markers":0,"eligible":0,"skippedState":0,"skippedProcessed":0,"skippedReply":0,"automaticReplies":1,"activeAutomaticReply":false},"conversation":null,"flowId":null}
2026-08-06T10:22:13.836Z cycle-start {}
2026-08-06T10:22:14.195Z cycle-result {"status":"idle","diagnostic":{"url":"https://www.instagram.com/direct/inbox/","rows":1,"markers":0,"eligible":0,"skippedState":0,"skippedProcessed":0,"skippedReply":0,"automaticReplies":1,"activeAutomaticReply":false},"conversation":null,"flowId":null}
2026-08-06T10:22:15.842Z cycle-start {}
2026-08-06T10:22:16.201Z cycle-result {"status":"idle","diagnostic":{"url":"https://www.instagram.com/direct/inbox/","rows":1,"markers":0,"eligible":0,"skippedState":0,"skippedProcessed":0,"skippedReply":0,"automaticReplies":1,"activeAutomaticReply":false},"conversation":null,"flowId":null}
2026-08-06T10:22:17.848Z cycle-start {}
2026-08-06T10:22:18.207Z cycle-result {"status":"idle","diagnostic":{"url":"https://www.instagram.com/direct/inbox/","rows":1,"markers":0,"eligible":0,"skippedState":0,"skippedProcessed":0,"skippedReply":0,"automaticReplies":1,"activeAutomaticReply":false},"conversation":null,"flowId":null}
2026-08-06T10:22:19.859Z cycle-start {}
2026-08-06T10:22:20.233Z cycle-result {"status":"idle","diagnostic":{"url":"https://www.instagram.com/direct/inbox/","rows":1,"markers":0,"eligible":0,"skippedState":0,"skippedProcessed":0,"skippedReply":0,"automaticReplies":1,"activeAutomaticReply":false},"conversation":null,"flowId":null}
2026-08-06T10:22:21.863Z cycle-start {}
2026-08-06T10:22:22.219Z cycle-result {"status":"idle","diagnostic":{"url":"https://www.instagram.com/direct/inbox/","rows":1,"markers":0,"eligible":0,"skippedState":0,"skippedProcessed":0,"skippedReply":0,"automaticReplies":1,"activeAutomaticReply":false},"conversation":null,"flowId":null}
2026-08-06T10:22:23.869Z cycle-start {}
2026-08-06T10:22:24.228Z cycle-result {"status":"idle","diagnostic":{"url":"https://www.instagram.com/direct/inbox/","rows":1,"markers":0,"eligible":0,"skippedState":0,"skippedProcessed":0,"skippedReply":0,"automaticReplies":1,"activeAutomaticReply":false},"conversation":null,"flowId":null}
2026-08-06T10:22:25.882Z cycle-start {}
2026-08-06T10:22:26.239Z cycle-result {"status":"idle","diagnostic":{"url":"https://www.instagram.com/direct/inbox/","rows":1,"markers":0,"eligible":0,"skippedState":0,"skippedProcessed":0,"skippedReply":0,"automaticReplies":1,"activeAutomaticReply":false},"conversation":null,"flowId":null}
2026-08-06T10:22:27.891Z cycle-start {}
2026-08-06T10:22:28.251Z cycle-result {"status":"idle","diagnostic":{"url":"https://www.instagram.com/direct/inbox/","rows":1,"markers":0,"eligible":0,"skippedState":0,"skippedProcessed":0,"skippedReply":0,"automaticReplies":1,"activeAutomaticReply":false},"conversation":null,"flowId":null}
2026-08-06T10:22:29.901Z cycle-start {}
2026-08-06T10:22:30.261Z cycle-result {"status":"idle","diagnostic":{"url":"https://www.instagram.com/direct/inbox/","rows":1,"markers":0,"eligible":0,"skippedState":0,"skippedProcessed":0,"skippedReply":0,"automaticReplies":1,"activeAutomaticReply":false},"conversation":null,"flowId":null}
2026-08-06T10:22:31.904Z cycle-start {}
2026-08-06T10:22:32.266Z cycle-result {"status":"idle","diagnostic":{"url":"https://www.instagram.com/direct/inbox/","rows":1,"markers":0,"eligible":0,"skippedState":0,"skippedProcessed":0,"skippedReply":0,"automaticReplies":1,"activeAutomaticReply":false},"conversation":null,"flowId":null}
2026-08-06T10:22:33.906Z cycle-start {}
2026-08-06T10:22:34.268Z cycle-result {"status":"idle","diagnostic":{"url":"https://www.instagram.com/direct/inbox/","rows":1,"markers":0,"eligible":0,"skippedState":0,"skippedProcessed":0,"skippedReply":0,"automaticReplies":1,"activeAutomaticReply":false},"conversation":null,"flowId":null}
2026-08-06T10:22:35.910Z cycle-start {}
2026-08-06T10:22:36.267Z cycle-result {"status":"idle","diagnostic":{"url":"https://www.instagram.com/direct/inbox/","rows":1,"markers":0,"eligible":0,"skippedState":0,"skippedProcessed":0,"skippedReply":0,"automaticReplies":1,"activeAutomaticReply":false},"conversation":null,"flowId":null}
2026-08-06T10:22:37.913Z cycle-start {}
2026-08-06T10:22:38.272Z cycle-result {"status":"idle","diagnostic":{"url":"https://www.instagram.com/direct/inbox/","rows":1,"markers":0,"eligible":0,"skippedState":0,"skippedProcessed":0,"skippedReply":0,"automaticReplies":1,"activeAutomaticReply":false},"conversation":null,"flowId":null}
